data_ora_proiezione,titolo_film,genere,regista,anno,durata_minuti,eta_minima,prezzo_biglietto
"2018-01-01 10:30:00","Mr. Smith Goes to Washington",COMEDY,"Frank Capra",1939,129,12,6.5
"2018-01-01 13:30:00","Mr. Smith Goes to Washington",COMEDY,"Frank Capra",1939,129,12,7.0
"2018-01-02 10:30:00","Mr. Smith Goes to Washington",COMEDY,"Frank Capra",1939,129,12,7.0
"2018-01-03 10:00:00","Mr. Smith Goes to Washington",COMEDY,"Frank Capra",1939,129,12,7.5
"2018-01-03 13:00:00","Mr. Smith Goes to Washington",COMEDY,"Frank Capra",1939,129,12,6.5
"2018-01-04 10:30:00","Mr. Smith Goes to Washington",COMEDY,"Frank Capra",1939,129,12,6.5
"2018-01-05 10:00:00","A Night at the Opera",COMEDY,"Sam Wood",1935,96,12,7.0
"2018-01-06 10:00:00","A Night at the Opera",COMEDY,"Sam Wood",1935,96,12,7.0
"2018-01-06 12:30:00","A Night at the Opera",COMEDY,"Sam Wood",1935,96,12,8.5
"2018-01-06 15:00:00","A Night at the Opera",COMEDY,"Sam Wood",1935,96,12,8.0
"2018-01-07 10:00:00","Mr. Smith Goes to Washington",COMEDY,"Frank Capra",1939,129,12,6.5
"2018-01-07 13:00:00","Mr. Smith Goes to Washington",COMEDY,"Frank Capra",1939,129,12,8.5
"2018-01-07 16:00:00","A Night at the Opera",COMEDY,"Sam Wood",1935,96,12,8.5
"2018-01-08 10:00:00","A Night at the Opera",COMEDY,"Sam Wood",1935,96,12,6.5
"2018-01-08 12:30:00","A Night at the Opera",COMEDY,"Sam Wood",1935,96,12,7.5
"2018-01-09 10:00:00","Dial M for Murder",CRIME,"Alfred Hitchcock",1954,105,12,7.0
"2018-01-10 10:00:00","Once Upon a Time in the West",WESTERN,"Sergio Leone",1968,165,0,7.0
"2018-01-10 13:30:00","Mr. Smith Goes to Washington",COMEDY,"Frank Capra",1939,129,12,8.0
"2018-01-10 16:30:00","Mr. Smith Goes to Washington",COMEDY,"Frank Capra",1939,129,12,7.5
"2018-01-11 10:00:00","Mr. Smith Goes to Washington",COMEDY,"Frank Capra",1939,129,12,7.5
"2018-01-11 13:00:00","Dangal",ACTION,"Nitesh Tiwari",2016,161,0,8.0
"2018-01-11 16:30:00","Singin' in the Rain",COMEDY,"Stanley Donen",1952,103,0,7.5
"2018-01-12 10:30:00","Dangal",ACTION,"Nitesh Tiwari",2016,161,0,8.0
"2018-01-12 14:00:00","Dangal",ACTION,"Nitesh Tiwari",2016,161,0,6.5
"2018-01-12 17:30:00","Singin' in the Rain",COMEDY,"Stanley Donen",1952,103,0,6.5
"2018-01-13 10:30:00","Mr. Smith Goes to Washington",COMEDY,"Frank Capra",1939,129,12,7.5
"2018-01-13 13:30:00","Sing Street",COMEDY,"John Carney",2016,106,12,7.0
"2018-01-13 16:00:00","Singin' in the Rain",COMEDY,"Stanley Donen",1952,103,0,6.5
"2018-01-14 10:30:00","Dial M for Murder",CRIME,"Alfred Hitchcock",1954,105,12,6.5
"2018-01-14 13:00:00","Once Upon a Time in the West",WESTERN,"Sergio Leone",1968,165,0,8.0
"2018-01-14 16:30:00","Sing Street",COMEDY,"John Carney",2016,106,12,8.0
"2018-01-14 19:00:00","A Night at the Opera",COMEDY,"Sam Wood",1935,96,12,10.0
"2018-01-15 10:00:00","Dog Day Afternoon",BIOGRAPHY,"Sidney Lumet",1975,125,0,8.0
"2018-01-15 13:00:00","Sing Street",COMEDY,"John Carney",2016,106,12,7.0
"2018-01-15 15:30:00","Lethal Weapon",ACTION,"Richard Donner",1987,109,12,7.5
"2018-01-16 10:30:00","Singin' in the Rain",COMEDY,"Stanley Donen",1952,103,0,7.0
"2018-01-17 10:30:00","Bronenosets Potemkin",DRAMA,"Sergei M. Eisenstein",1925,75,12,7.5
"2018-01-17 12:30:00","Singin' in the Rain",COMEDY,"Stanley Donen",1952,103,0,8.5
"2018-01-17 15:00:00","Dial M for Murder",CRIME,"Alfred Hitchcock",1954,105,12,7.0
"2018-01-18 10:30:00","Sing Street",COMEDY,"John Carney",2016,106,12,8.0
"2018-01-18 13:00:00","Lethal Weapon",ACTION,"Richard Donner",1987,109,12,7.5
"2018-01-19 10:00:00","The Long Goodbye",COMEDY,"Robert Altman",1973,112,12,7.5
"2018-01-19 12:30:00","Koe no katachi",ANIMATION,"Naoko Yamada",2016,130,12,6.5
"2018-01-20 10:30:00","Das Cabinet des Dr. Caligari",FANTASY,"Robert Wiene",1920,76,12,8.0
"2018-01-20 12:30:00","Sing Street",COMEDY,"John Carney",2016,106,12,7.0
"2018-01-20 15:00:00","Dog Day Afternoon",BIOGRAPHY,"Sidney Lumet",1975,125,0,6.5
"2018-01-20 18:00:00","Sing Street",COMEDY,"John Carney",2016,106,12,10.0
"2018-01-21 10:30:00","Dangal",ACTION,"Nitesh Tiwari",2016,161,0,7.5
"2018-01-21 14:00:00","Koe no katachi",ANIMATION,"Naoko Yamada",2016,130,12,8.0
"2018-01-21 17:00:00","Bronenosets Potemkin",DRAMA,"Sergei M. Eisenstein",1925,75,12,7.5
"2018-01-21 19:00:00","Dog Day Afternoon",BIOGRAPHY,"Sidney Lumet",1975,125,0,10.0
"2018-01-22 10:30:00","Das Cabinet des Dr. Caligari",FANTASY,"Robert Wiene",1920,76,12,8.5
"2018-01-23 10:30:00","Dial M for Murder",CRIME,"Alfred Hitchcock",1954,105,12,8.0
"2018-01-24 10:30:00","The Long Goodbye",COMEDY,"Robert Altman",1973,112,12,8.0
"2018-01-24 13:00:00","Dial M for Murder",CRIME,"Alfred Hitchcock",1954,105,12,6.5
"2018-01-24 15:30:00","The Dirty Dozen",ACTION,"Robert Aldrich",1967,150,12,6.5
"2018-01-25 10:30:00","Sing Street",COMEDY,"John Carney",2016,106,12,6.5
"2018-01-26 10:30:00","Bronenosets Potemkin",DRAMA,"Sergei M. Eisenstein",1925,75,12,7.0
"2018-01-26 12:30:00","The Long Goodbye",COMEDY,"Robert Altman",1973,112,12,8.0
"2018-01-27 10:00:00","Dangal",ACTION,"Nitesh Tiwari",2016,161,0,7.5
"2018-01-27 13:30:00","Bronenosets Potemkin",DRAMA,"Sergei M. Eisenstein",1925,75,12,7.5
"2018-01-27 15:30:00","Sing Street",COMEDY,"John Carney",2016,106,12,6.5
"2018-01-27 18:00:00","The Day the Earth Stood Still",DRAMA,"Robert Wise",1951,92,0,9.0
"2018-01-28 10:30:00","The Day the Earth Stood Still",DRAMA,"Robert Wise",1951,92,0,7.5
"2018-01-28 13:00:00","Mr. Smith Goes to Washington",COMEDY,"Frank Capra",1939,129,12,7.0
"2018-01-28 16:00:00","Badlands",ACTION,"Terrence Malick",1973,94,6,8.5
"2018-01-29 10:30:00","Koe no katachi",ANIMATION,"Naoko Yamada",2016,130,12,7.5
"2018-01-30 10:00:00","Bronenosets Potemkin",DRAMA,"Sergei M. Eisenstein",1925,75,12,7.0
"2018-01-31 10:30:00","Badlands",ACTION,"Terrence Malick",1973,94,6,8.5
"2018-02-01 10:30:00","Dial M for Murder",CRIME,"Alfred Hitchcock",1954,105,12,8.0
"2018-02-02 10:30:00","Secrets & Lies",COMEDY,"Mike Leigh",1996,136,0,8.0
"2018-02-03 10:30:00","The Last Emperor",BIOGRAPHY,"Bernardo Bertolucci",1987,163,0,7.0
"2018-02-03 14:00:00","The Day the Earth Stood Still",DRAMA,"Robert Wise",1951,92,0,8.5
"2018-02-03 16:30:00","Badlands",ACTION,"Terrence Malick",1973,94,6,7.0
"2018-02-04 10:00:00","Dog Day Afternoon",BIOGRAPHY,"Sidney Lumet",1975,125,0,8.0
"2018-02-04 13:00:00","Dangal",ACTION,"Nitesh Tiwari",2016,161,0,8.5
"2018-02-04 16:30:00","The Long Goodbye",COMEDY,"Robert Altman",1973,112,12,8.0
"2018-02-04 19:00:00","Dangal",ACTION,"Nitesh Tiwari",2016,161,0,9.0
"2018-02-05 10:30:00","The Long Goodbye",COMEDY,"Robert Altman",1973,112,12,8.5
"2018-02-06 10:30:00","Hana-bi",CRIME,"Takeshi Kitano",1997,103,12,6.5
"2018-02-06 13:00:00","Singin' in the Rain",COMEDY,"Stanley Donen",1952,103,0,6.5
"2018-02-06 15:30:00","Hana-bi",CRIME,"Takeshi Kitano",1997,103,12,7.0
"2018-02-07 10:00:00","Dog Day Afternoon",BIOGRAPHY,"Sidney Lumet",1975,125,0,6.5
"2018-02-07 16:30:00","Ba wang bie ji",DRAMA,"Kaige Chen",1993,171,16,7.5
"2018-02-08 10:00:00","American History X",DRAMA,"Tony Kaye",1998,119,16,8.5
"2018-02-08 12:30:00","Lethal Weapon",ACTION,"Richard Donner",1987,109,12,7.0
"2018-02-08 15:30:00","Secrets & Lies",COMEDY,"Mike Leigh",1996,136,0,8.5
"2018-02-09 10:30:00","Escape from Alcatraz",ACTION,"Don Siegel",1979,112,12,7.5
"2018-02-09 13:30:00","Bronenosets Potemkin",DRAMA,"Sergei M. Eisenstein",1925,75,12,7.0
"2018-02-10 10:00:00","The Day the Earth Stood Still",DRAMA,"Robert Wise",1951,92,0,7.0
"2018-02-10 12:30:00","Lethal Weapon",ACTION,"Richard Donner",1987,109,12,8.0
"2018-02-10 15:00:00","Bronenosets Potemkin",DRAMA,"Sergei M. Eisenstein",1925,75,12,8.0
"2018-02-11 10:30:00","A Man for All Seasons",BIOGRAPHY,"Fred Zinnemann",1966,120,0,8.5
"2018-02-11 13:30:00","The Naked Gun: From the Files of Police Squad!",COMEDY,"David Zucker",1988,85,0,6.5
"2018-02-11 15:30:00","Escape from Alcatraz",ACTION,"Don Siegel",1979,112,12,7.0
"2018-02-12 10:30:00","Stalker",DRAMA,"Andrei Tarkovsky",1979,162,0,7.0
"2018-02-13 10:30:00","Dog Day Afternoon",BIOGRAPHY,"Sidney Lumet",1975,125,0,7.0
"2018-02-13 13:30:00","Bronenosets Potemkin",DRAMA,"Sergei M. Eisenstein",1925,75,12,6.5
"2018-02-14 10:30:00","Sing Street",COMEDY,"John Carney",2016,106,12,8.5
"2018-02-14 13:00:00","Sherlock Jr.",ACTION,"Buster Keaton",1924,45,12,7.5
"2018-02-15 10:00:00","Hiroshima mon amour",DRAMA,"Alain Resnais",1959,90,12,8.5
"2018-02-15 12:30:00","Ba wang bie ji",DRAMA,"Kaige Chen",1993,171,16,8.0
"2018-02-16 10:30:00","Sherlock Jr.",ACTION,"Buster Keaton",1924,45,12,6.5
"2018-02-16 12:00:00","Dial M for Murder",CRIME,"Alfred Hitchcock",1954,105,12,8.5
"2018-02-16 14:30:00","Dangal",ACTION,"Nitesh Tiwari",2016,161,0,6.5
"2018-02-17 10:30:00","Hiroshima mon amour",DRAMA,"Alain Resnais",1959,90,12,6.5
"2018-02-17 13:00:00","Platoon",DRAMA,"Oliver Stone",1986,120,12,8.5
"2018-02-17 16:00:00","Secrets & Lies",COMEDY,"Mike Leigh",1996,136,0,8.5
"2018-02-18 10:30:00","Sing Street",COMEDY,"John Carney",2016,106,12,6.5
"2018-02-18 13:00:00","Platoon",DRAMA,"Oliver Stone",1986,120,12,8.0
"2018-02-18 16:00:00","Il postino",BIOGRAPHY,"Michael Radford",1994,108,0,6.5
"2018-02-19 10:00:00","Key Largo",ACTION,"John Huston",1948,100,12,7.5
"2018-02-20 10:00:00","A Night at the Opera",COMEDY,"Sam Wood",1935,96,12,6.5
"2018-02-21 10:00:00","The Long Goodbye",COMEDY,"Robert Altman",1973,112,12,6.5
"2018-02-21 12:30:00","Ba wang bie ji",DRAMA,"Kaige Chen",1993,171,16,8.5
"2018-02-21 16:00:00","Hiroshima mon amour",DRAMA,"Alain Resnais",1959,90,12,7.0
"2018-02-22 10:00:00","Koe no katachi",ANIMATION,"Naoko Yamada",2016,130,12,7.5
"2018-02-22 13:00:00","Secrets & Lies",COMEDY,"Mike Leigh",1996,136,0,7.0
"2018-02-22 16:00:00","Hana-bi",CRIME,"Takeshi Kitano",1997,103,12,8.5
"2018-02-23 10:30:00","A Night at the Opera",COMEDY,"Sam Wood",1935,96,12,8.5
"2018-02-24 10:30:00","Kimi no na wa.",ANIMATION,"Makoto Shinkai",2016,106,0,7.0
"2018-02-24 13:00:00","Badlands",ACTION,"Terrence Malick",1973,94,6,8.5
"2018-02-24 15:30:00","The Apartment",COMEDY,"Billy Wilder",1960,125,0,7.0
"2018-02-25 10:30:00","Kimi no na wa.",ANIMATION,"Makoto Shinkai",2016,106,0,6.5
"2018-02-25 13:00:00","Koe no katachi",ANIMATION,"Naoko Yamada",2016,130,12,6.5
"2018-02-25 16:00:00","Ba wang bie ji",DRAMA,"Kaige Chen",1993,171,16,7.0
"2018-02-26 10:00:00","Kind Hearts and Coronets",COMEDY,"Robert Hamer",1949,106,0,6.5
"2018-02-26 13:00:00","What's Eating Gilbert Grape",DRAMA,"Lasse Hallström",1993,118,0,8.0
"2018-02-27 10:00:00","American History X",DRAMA,"Tony Kaye",1998,119,16,8.5
"2018-02-27 13:00:00","Il postino",BIOGRAPHY,"Michael Radford",1994,108,0,7.0
"2018-02-28 10:00:00","Terminator 2: Judgment Day",ACTION,"James Cameron",1991,137,0,8.0
"2018-02-28 13:00:00","Il postino",BIOGRAPHY,"Michael Radford",1994,108,0,8.5
"2018-03-01 10:30:00","Dial M for Murder",CRIME,"Alfred Hitchcock",1954,105,12,8.0
"2018-03-01 13:00:00","Bronenosets Potemkin",DRAMA,"Sergei M. Eisenstein",1925,75,12,6.5
"2018-03-01 15:00:00","Terminator 2: Judgment Day",ACTION,"James Cameron",1991,137,0,7.0
"2018-03-02 10:00:00","Kind Hearts and Coronets",COMEDY,"Robert Hamer",1949,106,0,7.5
"2018-03-02 12:30:00","Badlands",ACTION,"Terrence Malick",1973,94,6,8.0
"2018-03-03 10:00:00","To Be or Not to Be",COMEDY,"Ernst Lubitsch",1942,99,12,8.0
"2018-03-03 12:30:00","Hiroshima mon amour",DRAMA,"Alain Resnais",1959,90,12,7.0
"2018-03-03 14:30:00","Terminator 2: Judgment Day",ACTION,"James Cameron",1991,137,0,6.5
"2018-03-04 10:00:00","Escape from Alcatraz",ACTION,"Don Siegel",1979,112,12,6.5
"2018-03-04 12:30:00","To Be or Not to Be",COMEDY,"Ernst Lubitsch",1942,99,12,7.0
"2018-03-04 15:00:00","Hana-bi",CRIME,"Takeshi Kitano",1997,103,12,8.0
"2018-03-05 10:00:00","The Dirty Dozen",ACTION,"Robert Aldrich",1967,150,12,7.0
"2018-03-05 13:30:00","Patton",BIOGRAPHY,"Franklin J. Schaffner",1970,172,0,8.5
"2018-03-06 10:30:00","The Last Emperor",BIOGRAPHY,"Bernardo Bertolucci",1987,163,0,6.5
"2018-03-07 10:30:00","Midnight Cowboy",DRAMA,"John Schlesinger",1969,113,12,8.0
"2018-03-07 13:00:00","Il postino",BIOGRAPHY,"Michael Radford",1994,108,0,8.5
"2018-03-07 15:30:00","Patton",BIOGRAPHY,"Franklin J. Schaffner",1970,172,0,8.0
"2018-03-08 10:30:00","Sherlock Jr.",ACTION,"Buster Keaton",1924,45,12,8.5
"2018-03-08 12:00:00","What Ever Happened to Baby Jane?",DRAMA,"Robert Aldrich",1962,134,12,6.5
"2018-03-08 15:00:00","Ba wang bie ji",DRAMA,"Kaige Chen",1993,171,16,7.5
"2018-03-09 10:30:00","The Apartment",COMEDY,"Billy Wilder",1960,125,0,8.0
"2018-03-09 13:30:00","Badlands",ACTION,"Terrence Malick",1973,94,6,6.5
"2018-03-09 16:00:00","Kind Hearts and Coronets",COMEDY,"Robert Hamer",1949,106,0,7.0
"2018-03-10 10:00:00","Kind Hearts and Coronets",COMEDY,"Robert Hamer",1949,106,0,8.0
"2018-03-10 12:30:00","Tôkyô monogatari",DRAMA,"Yasujirô Ozu",1953,136,0,7.5
"2018-03-10 15:30:00","Il postino",BIOGRAPHY,"Michael Radford",1994,108,0,7.5
"2018-03-11 10:30:00","On the Waterfront",CRIME,"Elia Kazan",1954,108,12,7.0
"2018-03-11 13:00:00","Indiana Jones and the Last Crusade",ACTION,"Steven Spielberg",1989,127,0,8.0
"2018-03-11 16:00:00","Tôkyô monogatari",DRAMA,"Yasujirô Ozu",1953,136,0,8.5
"2018-03-12 10:30:00","Tôkyô monogatari",DRAMA,"Yasujirô Ozu",1953,136,0,8.5
"2018-03-12 13:30:00","Midnight Cowboy",DRAMA,"John Schlesinger",1969,113,12,7.0
"2018-03-12 16:00:00","Hana-bi",CRIME,"Takeshi Kitano",1997,103,12,7.5
"2018-03-13 10:00:00","On the Waterfront",CRIME,"Elia Kazan",1954,108,12,8.0
"2018-03-13 12:30:00","Midnight Cowboy",DRAMA,"John Schlesinger",1969,113,12,7.5
"2018-03-14 10:30:00","Hiroshima mon amour",DRAMA,"Alain Resnais",1959,90,12,7.5
"2018-03-14 13:00:00","What Ever Happened to Baby Jane?",DRAMA,"Robert Aldrich",1962,134,12,6.5
"2018-03-15 10:30:00","Indiana Jones and the Last Crusade",ACTION,"Steven Spielberg",1989,127,0,8.5
"2018-03-15 13:30:00","Kimi no na wa.",ANIMATION,"Makoto Shinkai",2016,106,0,7.0
"2018-03-15 16:00:00","The Apartment",COMEDY,"Billy Wilder",1960,125,0,8.5
"2018-03-16 10:30:00","Harold and Maude",COMEDY,"Hal Ashby",1971,91,6,8.0
"2018-03-16 13:00:00","American History X",DRAMA,"Tony Kaye",1998,119,16,8.5
"2018-03-16 15:30:00","Il postino",BIOGRAPHY,"Michael Radford",1994,108,0,8.5
"2018-03-17 10:30:00","La haine",CRIME,"Mathieu Kassovitz",1995,98,12,8.0
"2018-03-17 13:00:00","Kind Hearts and Coronets",COMEDY,"Robert Hamer",1949,106,0,8.5
"2018-03-17 16:00:00","Guardians of the Galaxy Vol. 2",ACTION,"James Gunn",2017,136,12,7.5
"2018-03-17 19:00:00","Key Largo",ACTION,"John Huston",1948,100,12,9.0
"2018-03-18 10:00:00","Harold and Maude",COMEDY,"Hal Ashby",1971,91,6,7.0
"2018-03-18 12:30:00","Sweet Smell of Success",DRAMA,"Alexander Mackendrick",1957,96,12,7.0
"2018-03-18 15:00:00","To Be or Not to Be",COMEDY,"Ernst Lubitsch",1942,99,12,8.0
"2018-03-19 10:00:00","Tôkyô monogatari",DRAMA,"Yasujirô Ozu",1953,136,0,8.5
"2018-03-19 13:00:00","Sherlock Jr.",ACTION,"Buster Keaton",1924,45,12,7.0
"2018-03-19 14:30:00","On the Waterfront",CRIME,"Elia Kazan",1954,108,12,8.0
"2018-03-20 10:00:00","Sweet Smell of Success",DRAMA,"Alexander Mackendrick",1957,96,12,6.5
"2018-03-20 12:30:00","Mary Poppins",COMEDY,"Robert Stevenson",1964,139,0,8.5
"2018-03-21 10:00:00","Harold and Maude",COMEDY,"Hal Ashby",1971,91,6,8.5
"2018-03-22 10:30:00","Das Boot",ADVENTURE,"Wolfgang Petersen",1981,149,16,8.5
"2018-03-22 13:30:00","Sing Street",COMEDY,"John Carney",2016,106,12,8.5
"2018-03-23 10:00:00","Hana-bi",CRIME,"Takeshi Kitano",1997,103,12,6.5
"2018-03-23 12:30:00","Harold and Maude",COMEDY,"Hal Ashby",1971,91,6,8.0
"2018-03-23 15:00:00","Ayla: The Daughter of War",BIOGRAPHY,"Can Ulkay",2017,125,12,8.5
"2018-03-24 10:00:00","Brief Encounter",DRAMA,"David Lean",1945,86,0,6.5
"2018-03-24 12:30:00","Rosemary's Baby",DRAMA,"Roman Polanski",1968,137,12,8.0
"2018-03-24 15:30:00","Brief Encounter",DRAMA,"David Lean",1945,86,0,6.5
"2018-03-24 18:00:00","Harold and Maude",COMEDY,"Hal Ashby",1971,91,6,9.5
"2018-03-25 10:00:00","Tôkyô monogatari",DRAMA,"Yasujirô Ozu",1953,136,0,7.0
"2018-03-25 13:00:00","Brief Encounter",DRAMA,"David Lean",1945,86,0,7.0
"2018-03-25 15:30:00","Terminator 2: Judgment Day",ACTION,"James Cameron",1991,137,0,7.5
"2018-03-26 10:00:00","Midnight Cowboy",DRAMA,"John Schlesinger",1969,113,12,7.5
"2018-03-26 12:30:00","Stalker",DRAMA,"Andrei Tarkovsky",1979,162,0,7.0
"2018-03-27 10:00:00","Rosemary's Baby",DRAMA,"Roman Polanski",1968,137,12,8.0
"2018-03-27 13:00:00","Patton",BIOGRAPHY,"Franklin J. Schaffner",1970,172,0,7.5
"2018-03-28 10:00:00","Tôkyô monogatari",DRAMA,"Yasujirô Ozu",1953,136,0,8.0
"2018-03-28 13:00:00","Underground",COMEDY,"Emir Kusturica",1995,170,12,7.5
"2018-03-29 10:30:00","Tôkyô monogatari",DRAMA,"Yasujirô Ozu",1953,136,0,8.0
"2018-03-29 13:30:00","Il postino",BIOGRAPHY,"Michael Radford",1994,108,0,7.0
"2018-03-29 16:00:00","Rosemary's Baby",DRAMA,"Roman Polanski",1968,137,12,7.0
"2018-03-30 10:00:00","Das Boot",ADVENTURE,"Wolfgang Petersen",1981,149,16,7.0
"2018-03-30 13:30:00","Ayla: The Daughter of War",BIOGRAPHY,"Can Ulkay",2017,125,12,7.0
"2018-03-30 16:30:00","Brief Encounter",DRAMA,"David Lean",1945,86,0,7.0
"2018-03-31 10:00:00","Indiana Jones and the Last Crusade",ACTION,"Steven Spielberg",1989,127,0,8.5
"2018-03-31 13:00:00","Brief Encounter",DRAMA,"David Lean",1945,86,0,6.5
"2018-03-31 15:30:00","The Killing Fields",BIOGRAPHY,"Roland Joffé",1984,141,12,7.0
"2018-03-31 18:30:00","Harold and Maude",COMEDY,"Hal Ashby",1971,91,6,9.0
"2018-04-01 10:00:00","La haine",CRIME,"Mathieu Kassovitz",1995,98,12,6.5
"2018-04-01 12:30:00","Terminator 2: Judgment Day",ACTION,"James Cameron",1991,137,0,8.0
"2018-04-01 16:00:00","The Killing Fields",BIOGRAPHY,"Roland Joffé",1984,141,12,7.5
"2018-04-01 19:00:00","Red River",ACTION,"Howard Hawks",1948,133,12,9.0
"2018-04-02 10:30:00","Ayla: The Daughter of War",BIOGRAPHY,"Can Ulkay",2017,125,12,8.5
"2018-04-03 10:00:00","Butch Cassidy and the Sundance Kid",BIOGRAPHY,"George Roy Hill",1969,110,6,7.5
"2018-04-04 10:00:00","Red River",ACTION,"Howard Hawks",1948,133,12,8.5
"2018-04-04 13:00:00","Mary Poppins",COMEDY,"Robert Stevenson",1964,139,0,7.0
"2018-04-05 10:30:00","A Night at the Opera",COMEDY,"Sam Wood",1935,96,12,8.5
"2018-04-06 10:00:00","To Be or Not to Be",COMEDY,"Ernst Lubitsch",1942,99,12,7.5
"2018-04-06 12:30:00","La haine",CRIME,"Mathieu Kassovitz",1995,98,12,8.5
"2018-04-06 15:00:00","Guardians of the Galaxy Vol. 2",ACTION,"James Gunn",2017,136,12,7.0
"2018-04-07 10:30:00","Red River",ACTION,"Howard Hawks",1948,133,12,8.5
"2018-04-07 13:30:00","Ayla: The Daughter of War",BIOGRAPHY,"Can Ulkay",2017,125,12,7.5
"2018-04-07 16:30:00","To Be or Not to Be",COMEDY,"Ernst Lubitsch",1942,99,12,8.5
"2018-04-07 19:00:00","Sweet Smell of Success",DRAMA,"Alexander Mackendrick",1957,96,12,9.0
"2018-04-08 10:00:00","Kimi no na wa.",ANIMATION,"Makoto Shinkai",2016,106,0,8.5
"2018-04-08 12:30:00","Kimi no na wa.",ANIMATION,"Makoto Shinkai",2016,106,0,6.5
"2018-04-08 15:00:00","Sing Street",COMEDY,"John Carney",2016,106,12,7.0
"2018-04-08 17:30:00","Ayla: The Daughter of War",BIOGRAPHY,"Can Ulkay",2017,125,12,8.5
"2018-04-09 10:00:00","Il postino",BIOGRAPHY,"Michael Radford",1994,108,0,8.5
"2018-04-09 12:30:00","Midnight Cowboy",DRAMA,"John Schlesinger",1969,113,12,6.5
"2018-04-09 15:00:00","M.S. Dhoni: The Untold Story",BIOGRAPHY,"Neeraj Pandey",2016,184,0,8.0
"2018-04-10 10:00:00","Platoon",DRAMA,"Oliver Stone",1986,120,12,8.5
"2018-04-11 10:30:00","Du rififi chez les hommes",CRIME,"Jules Dassin",1955,118,12,7.0
"2018-04-12 10:30:00","Harold and Maude",COMEDY,"Hal Ashby",1971,91,6,7.5
"2018-04-13 10:00:00","Guardians of the Galaxy Vol. 2",ACTION,"James Gunn",2017,136,12,8.5
"2018-04-13 13:00:00","Butch Cassidy and the Sundance Kid",BIOGRAPHY,"George Roy Hill",1969,110,6,8.5
"2018-04-13 16:00:00","Patton",BIOGRAPHY,"Franklin J. Schaffner",1970,172,0,7.0
"2018-04-14 10:00:00","Miller's Crossing",CRIME,"Joel Coen",1990,115,16,7.5
"2018-04-14 13:00:00","Jaws",ADVENTURE,"Steven Spielberg",1975,124,12,8.0
"2018-04-14 16:00:00","La haine",CRIME,"Mathieu Kassovitz",1995,98,12,7.5
"2018-04-14 18:30:00","La haine",CRIME,"Mathieu Kassovitz",1995,98,12,9.0
"2018-04-15 10:00:00","Miller's Crossing",CRIME,"Joel Coen",1990,115,16,8.0
"2018-04-15 13:00:00","Key Largo",ACTION,"John Huston",1948,100,12,7.5
"2018-04-15 15:30:00","Jaws",ADVENTURE,"Steven Spielberg",1975,124,12,8.0
"2018-04-16 10:30:00","Jaws",ADVENTURE,"Steven Spielberg",1975,124,12,8.5
"2018-04-16 13:30:00","The Deer Hunter",DRAMA,"Michael Cimino",1978,183,12,7.0
"2018-04-16 17:30:00","Jaws",ADVENTURE,"Steven Spielberg",1975,124,12,7.5
"2018-04-17 10:00:00","Indiana Jones and the Last Crusade",ACTION,"Steven Spielberg",1989,127,0,8.5
"2018-04-17 13:00:00","Brief Encounter",DRAMA,"David Lean",1945,86,0,6.5
"2018-04-17 15:00:00","Manhattan",COMEDY,"Woody Allen",1979,96,16,6.5
"2018-04-18 10:30:00","Indiana Jones and the Last Crusade",ACTION,"Steven Spielberg",1989,127,0,8.0
"2018-04-18 13:30:00","Brief Encounter",DRAMA,"David Lean",1945,86,0,7.5
"2018-04-18 16:00:00","Rosemary's Baby",DRAMA,"Roman Polanski",1968,137,12,8.0
"2018-04-19 10:30:00","To Be or Not to Be",COMEDY,"Ernst Lubitsch",1942,99,12,8.0
"2018-04-19 13:00:00","Jaws",ADVENTURE,"Steven Spielberg",1975,124,12,8.0
"2018-04-19 16:00:00","The Innocents",HORROR,"Jack Clayton",1961,100,12,7.0
"2018-04-20 10:00:00","What Ever Happened to Baby Jane?",DRAMA,"Robert Aldrich",1962,134,12,6.5
"2018-04-21 10:00:00","Höstsonaten",DRAMA,"Ingmar Bergman",1978,99,0,7.0
"2018-04-21 12:30:00","Manhattan",COMEDY,"Woody Allen",1979,96,16,8.0
"2018-04-21 15:00:00","Miller's Crossing",CRIME,"Joel Coen",1990,115,16,7.5
"2018-04-22 10:30:00","Blood Simple",CRIME,"Joel Coen",1984,99,12,7.0
"2018-04-22 13:00:00","Airlift",DRAMA,"Raja Menon",2016,130,12,7.5
"2018-04-22 16:00:00","Höstsonaten",DRAMA,"Ingmar Bergman",1978,99,0,8.0
"2018-04-22 18:30:00","The Apartment",COMEDY,"Billy Wilder",1960,125,0,9.5
"2018-04-23 10:30:00","Blood Simple",CRIME,"Joel Coen",1984,99,12,7.0
"2018-04-23 13:00:00","The Lion King",ANIMATION,"Roger Allers",1994,88,0,6.5
"2018-04-24 10:00:00","Lost Highway",MYSTERY,"David Lynch",1997,134,12,7.5
"2018-04-24 13:00:00","The Innocents",HORROR,"Jack Clayton",1961,100,12,8.5
"2018-04-25 10:00:00","Batman: Mask of the Phantasm",ANIMATION,"Kevin Altieri",1993,76,6,8.5
"2018-04-25 12:00:00","Airlift",DRAMA,"Raja Menon",2016,130,12,8.5
"2018-04-25 15:00:00","The Deer Hunter",DRAMA,"Michael Cimino",1978,183,12,7.0
"2018-04-26 10:30:00","The Untouchables",CRIME,"Brian De Palma",1987,119,12,8.5
"2018-04-26 13:30:00","The Lady Vanishes",MYSTERY,"Alfred Hitchcock",1938,96,12,6.5
"2018-04-26 16:00:00","Guardians of the Galaxy Vol. 2",ACTION,"James Gunn",2017,136,12,8.5
"2018-04-27 10:30:00","Jaws",ADVENTURE,"Steven Spielberg",1975,124,12,8.0
"2018-04-27 13:30:00","Manhattan",COMEDY,"Woody Allen",1979,96,16,6.5
"2018-04-27 16:00:00","Airlift",DRAMA,"Raja Menon",2016,130,12,7.0
"2018-04-28 10:00:00","Lost Highway",MYSTERY,"David Lynch",1997,134,12,7.0
"2018-04-28 13:00:00","Lost Highway",MYSTERY,"David Lynch",1997,134,12,7.5
"2018-04-28 16:00:00","Butch Cassidy and the Sundance Kid",BIOGRAPHY,"George Roy Hill",1969,110,6,6.5
"2018-04-28 19:00:00","Lost Highway",MYSTERY,"David Lynch",1997,134,12,8.5
"2018-04-29 10:00:00","Sweet Smell of Success",DRAMA,"Alexander Mackendrick",1957,96,12,8.5
"2018-04-29 12:30:00","The Innocents",HORROR,"Jack Clayton",1961,100,12,8.0
"2018-04-29 15:00:00","Manhattan",COMEDY,"Woody Allen",1979,96,16,7.5
"2018-04-29 17:30:00","Batman: Mask of the Phantasm",ANIMATION,"Kevin Altieri",1993,76,6,6.5
"2018-04-30 10:30:00","Key Largo",ACTION,"John Huston",1948,100,12,8.5
"2018-04-30 13:00:00","Lost Highway",MYSTERY,"David Lynch",1997,134,12,8.0
"2018-05-01 10:00:00","Manhattan",COMEDY,"Woody Allen",1979,96,16,7.5
"2018-05-02 10:00:00","Brief Encounter",DRAMA,"David Lean",1945,86,0,6.5
"2018-05-02 12:00:00","Butch Cassidy and the Sundance Kid",BIOGRAPHY,"George Roy Hill",1969,110,6,7.5
"2018-05-02 15:00:00","The Untouchables",CRIME,"Brian De Palma",1987,119,12,8.0
"2018-05-03 10:00:00","The Untouchables",CRIME,"Brian De Palma",1987,119,12,6.5
"2018-05-04 10:00:00","Blood Simple",CRIME,"Joel Coen",1984,99,12,7.0
"2018-05-05 10:00:00","A Bronx Tale",CRIME,"Robert De Niro",1993,121,16,8.5
"2018-05-05 13:00:00","Harold and Maude",COMEDY,"Hal Ashby",1971,91,6,7.0
"2018-05-05 15:30:00","Blood Simple",CRIME,"Joel Coen",1984,99,12,8.0
"2018-05-06 10:30:00","In the Name of the Father",BIOGRAPHY,"Jim Sheridan",1993,133,12,7.0
"2018-05-06 13:30:00","Forrest Gump",DRAMA,"Robert Zemeckis",1994,142,12,8.0
"2018-05-06 16:30:00","Sweet Smell of Success",DRAMA,"Alexander Mackendrick",1957,96,12,8.0
"2018-05-07 10:00:00","Thor: Ragnarok",ACTION,"Taika Waititi",2017,130,12,6.5
"2018-05-07 13:00:00","The Deer Hunter",DRAMA,"Michael Cimino",1978,183,12,8.0
"2018-05-07 17:00:00","The Deer Hunter",DRAMA,"Michael Cimino",1978,183,12,8.5
"2018-05-08 10:30:00","The Grapes of Wrath",DRAMA,"John Ford",1940,129,12,7.0
"2018-05-08 13:30:00","Lost Highway",MYSTERY,"David Lynch",1997,134,12,7.0
"2018-05-08 16:30:00","The Untouchables",CRIME,"Brian De Palma",1987,119,12,7.0
"2018-05-09 10:30:00","When Harry Met Sally...",COMEDY,"Rob Reiner",1989,95,12,7.0
"2018-05-09 13:00:00","Airlift",DRAMA,"Raja Menon",2016,130,12,8.0
"2018-05-10 10:30:00","Red River",ACTION,"Howard Hawks",1948,133,12,6.5
"2018-05-10 13:30:00","Manhattan",COMEDY,"Woody Allen",1979,96,16,8.5
"2018-05-10 16:00:00","Jaws",ADVENTURE,"Steven Spielberg",1975,124,12,7.0
"2018-05-11 10:00:00","The Lady Vanishes",MYSTERY,"Alfred Hitchcock",1938,96,12,8.5
"2018-05-12 10:30:00","Serpico",BIOGRAPHY,"Sidney Lumet",1973,130,12,7.5
"2018-05-12 13:30:00","Batman: Mask of the Phantasm",ANIMATION,"Kevin Altieri",1993,76,6,8.0
"2018-05-12 15:30:00","The Apartment",COMEDY,"Billy Wilder",1960,125,0,6.5
"2018-05-12 18:30:00","Clerks",COMEDY,"Kevin Smith",1994,92,16,10.0
"2018-05-13 10:00:00","Red River",ACTION,"Howard Hawks",1948,133,12,7.5
"2018-05-13 13:00:00","Lost Highway",MYSTERY,"David Lynch",1997,134,12,8.0
"2018-05-13 16:00:00","Batman: Mask of the Phantasm",ANIMATION,"Kevin Altieri",1993,76,6,8.0
"2018-05-14 10:00:00","Batman: Mask of the Phantasm",ANIMATION,"Kevin Altieri",1993,76,6,8.0
"2018-05-15 10:00:00","Forrest Gump",DRAMA,"Robert Zemeckis",1994,142,12,6.5
"2018-05-15 13:30:00","Jules et Jim",DRAMA,"François Truffaut",1962,105,12,8.0
"2018-05-16 10:30:00","The Lion King",ANIMATION,"Roger Allers",1994,88,0,6.5
"2018-05-16 13:00:00","Lost Highway",MYSTERY,"David Lynch",1997,134,12,8.0
"2018-05-17 10:30:00","Crimes and Misdemeanors",COMEDY,"Woody Allen",1989,104,12,8.0
"2018-05-17 13:00:00","The Lady Vanishes",MYSTERY,"Alfred Hitchcock",1938,96,12,8.5
"2018-05-17 15:30:00","Batman: Mask of the Phantasm",ANIMATION,"Kevin Altieri",1993,76,6,8.5
"2018-05-18 10:30:00","The Verdict",DRAMA,"Sidney Lumet",1982,129,0,8.0
"2018-05-18 13:30:00","Forrest Gump",DRAMA,"Robert Zemeckis",1994,142,12,8.0
"2018-05-18 17:00:00","Trainspotting",DRAMA,"Danny Boyle",1996,93,12,8.5
"2018-05-19 10:00:00","The Untouchables",CRIME,"Brian De Palma",1987,119,12,6.5
"2018-05-19 13:00:00","The Lion King",ANIMATION,"Roger Allers",1994,88,0,8.5
"2018-05-19 15:30:00","Sling Blade",DRAMA,"Billy Bob Thornton",1996,135,16,7.5
"2018-05-20 10:00:00","Forrest Gump",DRAMA,"Robert Zemeckis",1994,142,12,6.5
"2018-05-20 13:00:00","Trainspotting",DRAMA,"Danny Boyle",1996,93,12,8.5
"2018-05-20 15:30:00","Trainspotting",DRAMA,"Danny Boyle",1996,93,12,7.5
"2018-05-21 10:30:00","Airlift",DRAMA,"Raja Menon",2016,130,12,7.0
"2018-05-21 13:30:00","The Bridges of Madison County",DRAMA,"Clint Eastwood",1995,135,12,8.0
"2018-05-22 10:30:00","Kurenai no buta",ANIMATION,"Hayao Miyazaki",1992,94,0,8.5
"2018-05-23 10:00:00","Jules et Jim",DRAMA,"François Truffaut",1962,105,12,8.5
"2018-05-24 10:00:00","Trainspotting",DRAMA,"Danny Boyle",1996,93,12,8.5
"2018-05-25 10:30:00","The Untouchables",CRIME,"Brian De Palma",1987,119,12,8.0
"2018-05-25 13:30:00","The Verdict",DRAMA,"Sidney Lumet",1982,129,0,6.5
"2018-05-25 16:30:00","Sling Blade",DRAMA,"Billy Bob Thornton",1996,135,16,7.5
"2018-05-26 10:30:00","The Grapes of Wrath",DRAMA,"John Ford",1940,129,12,8.0
"2018-05-26 13:30:00","Serpico",BIOGRAPHY,"Sidney Lumet",1973,130,12,7.5
"2018-05-26 16:30:00","Crimes and Misdemeanors",COMEDY,"Woody Allen",1989,104,12,8.0
"2018-05-27 10:30:00","Clerks",COMEDY,"Kevin Smith",1994,92,16,8.0
"2018-05-27 13:00:00","Blue Velvet",DRAMA,"David Lynch",1986,120,12,8.0
"2018-05-27 16:00:00","When Harry Met Sally...",COMEDY,"Rob Reiner",1989,95,12,7.0
"2018-05-28 10:30:00","Kurenai no buta",ANIMATION,"Hayao Miyazaki",1992,94,0,8.0
"2018-05-29 10:00:00","Trainspotting",DRAMA,"Danny Boyle",1996,93,12,6.5
"2018-05-29 12:30:00","The Wild Bunch",ACTION,"Sam Peckinpah",1969,145,12,6.5
"2018-05-30 10:00:00","Batman: Mask of the Phantasm",ANIMATION,"Kevin Altieri",1993,76,6,7.5
"2018-05-31 10:00:00","The Ten Commandments",ADVENTURE,"Cecil B. DeMille",1956,220,0,8.5
"2018-05-31 14:30:00","The Bridges of Madison County",DRAMA,"Clint Eastwood",1995,135,12,8.0
"2018-05-31 17:30:00","The Wild Bunch",ACTION,"Sam Peckinpah",1969,145,12,8.5
"2018-06-01 10:30:00","Serpico",BIOGRAPHY,"Sidney Lumet",1973,130,12,7.5
"2018-06-02 10:30:00","Crimes and Misdemeanors",COMEDY,"Woody Allen",1989,104,12,8.0
"2018-06-02 13:00:00","The Bridges of Madison County",DRAMA,"Clint Eastwood",1995,135,12,8.0
"2018-06-02 16:00:00","The Long Goodbye",COMEDY,"Robert Altman",1973,112,12,7.5
"2018-06-02 18:30:00","The Bridges of Madison County",DRAMA,"Clint Eastwood",1995,135,12,10.0
"2018-06-03 10:00:00","Hiroshima mon amour",DRAMA,"Alain Resnais",1959,90,12,8.0
"2018-06-03 12:30:00","Trainspotting",DRAMA,"Danny Boyle",1996,93,12,6.5
"2018-06-03 15:00:00","Hiroshima mon amour",DRAMA,"Alain Resnais",1959,90,12,6.5
"2018-06-03 17:30:00","Crimes and Misdemeanors",COMEDY,"Woody Allen",1989,104,12,8.0
"2018-06-04 10:00:00","The Verdict",DRAMA,"Sidney Lumet",1982,129,0,7.0
"2018-06-05 10:00:00","The Ten Commandments",ADVENTURE,"Cecil B. DeMille",1956,220,0,7.5
"2018-06-05 14:30:00","Airlift",DRAMA,"Raja Menon",2016,130,12,8.5
"2018-06-06 10:30:00","When Harry Met Sally...",COMEDY,"Rob Reiner",1989,95,12,8.5
"2018-06-06 13:00:00","Ikiru",DRAMA,"Akira Kurosawa",1952,143,12,7.0
"2018-06-06 16:00:00","The Long Goodbye",COMEDY,"Robert Altman",1973,112,12,6.5
"2018-06-07 10:30:00","The Long Goodbye",COMEDY,"Robert Altman",1973,112,12,7.0
"2018-06-07 13:30:00","Kurenai no buta",ANIMATION,"Hayao Miyazaki",1992,94,0,7.0
"2018-06-07 16:00:00","The Long Goodbye",COMEDY,"Robert Altman",1973,112,12,6.5
"2018-06-08 10:00:00","The Long Goodbye",COMEDY,"Robert Altman",1973,112,12,7.5
"2018-06-08 12:30:00","Spider-Man: Into the Spider-Verse",ANIMATION,"Bob Persichetti",2018,117,0,8.0
"2018-06-08 15:30:00","The Long Goodbye",COMEDY,"Robert Altman",1973,112,12,8.5
"2018-06-09 10:00:00","Hiroshima mon amour",DRAMA,"Alain Resnais",1959,90,12,8.5
"2018-06-09 12:30:00","The Wild Bunch",ACTION,"Sam Peckinpah",1969,145,12,6.5
"2018-06-09 15:30:00","The Wild Bunch",ACTION,"Sam Peckinpah",1969,145,12,7.5
"2018-06-10 10:30:00","The Ten Commandments",ADVENTURE,"Cecil B. DeMille",1956,220,0,8.5
"2018-06-10 15:00:00","The Long Goodbye",COMEDY,"Robert Altman",1973,112,12,7.0
"2018-06-10 18:00:00","Ikiru",DRAMA,"Akira Kurosawa",1952,143,12,8.5
"2018-06-11 10:00:00","Spider-Man: Into the Spider-Verse",ANIMATION,"Bob Persichetti",2018,117,0,7.0
"2018-06-11 13:00:00","Serpico",BIOGRAPHY,"Sidney Lumet",1973,130,12,8.0
"2018-06-11 16:00:00","Blue Velvet",DRAMA,"David Lynch",1986,120,12,7.5
"2018-06-12 10:00:00","The Wild Bunch",ACTION,"Sam Peckinpah",1969,145,12,7.5
"2018-06-12 13:30:00","The Wild Bunch",ACTION,"Sam Peckinpah",1969,145,12,8.5
"2018-06-12 17:00:00","The Grapes of Wrath",DRAMA,"John Ford",1940,129,12,6.5
"2018-06-13 10:30:00","When Harry Met Sally...",COMEDY,"Rob Reiner",1989,95,12,6.5
"2018-06-14 10:30:00","Ikiru",DRAMA,"Akira Kurosawa",1952,143,12,8.5
"2018-06-14 13:30:00","Willy Wonka & the Chocolate Factory",FAMILY,"Mel Stuart",1971,100,0,6.5
"2018-06-14 16:00:00","Crimes and Misdemeanors",COMEDY,"Woody Allen",1989,104,12,7.0
"2018-06-15 10:30:00","Blue Velvet",DRAMA,"David Lynch",1986,120,12,6.5
"2018-06-15 13:30:00","Hiroshima mon amour",DRAMA,"Alain Resnais",1959,90,12,8.5
"2018-06-15 16:00:00","Rebel Without a Cause",DRAMA,"Nicholas Ray",1955,111,12,8.0
"2018-06-16 10:00:00","The Ten Commandments",ADVENTURE,"Cecil B. DeMille",1956,220,0,7.0
"2018-06-16 14:30:00","Hiroshima mon amour",DRAMA,"Alain Resnais",1959,90,12,8.0
"2018-06-16 17:00:00","Jules et Jim",DRAMA,"François Truffaut",1962,105,12,8.5
"2018-06-17 10:00:00","Ikiru",DRAMA,"Akira Kurosawa",1952,143,12,7.5
"2018-06-17 13:30:00","Willy Wonka & the Chocolate Factory",FAMILY,"Mel Stuart",1971,100,0,6.5
"2018-06-17 16:00:00","The Untouchables",CRIME,"Brian De Palma",1987,119,12,6.5
"2018-06-17 19:00:00","Airlift",DRAMA,"Raja Menon",2016,130,12,9.5
"2018-06-18 10:30:00","Hiroshima mon amour",DRAMA,"Alain Resnais",1959,90,12,8.5
"2018-06-19 10:30:00","Hiroshima mon amour",DRAMA,"Alain Resnais",1959,90,12,8.5
"2018-06-19 13:00:00","Lethal Weapon",ACTION,"Richard Donner",1987,109,12,7.5
"2018-06-19 15:30:00","Crimes and Misdemeanors",COMEDY,"Woody Allen",1989,104,12,8.5
"2018-06-20 10:00:00","Nuovo Cinema Paradiso",DRAMA,"Giuseppe Tornatore",1988,155,0,7.0
"2018-06-20 13:30:00","Willy Wonka & the Chocolate Factory",FAMILY,"Mel Stuart",1971,100,0,7.5
"2018-06-21 10:30:00","The Bridges of Madison County",DRAMA,"Clint Eastwood",1995,135,12,6.5
"2018-06-21 13:30:00","Crimes and Misdemeanors",COMEDY,"Woody Allen",1989,104,12,7.5
"2018-06-22 10:30:00","Nuovo Cinema Paradiso",DRAMA,"Giuseppe Tornatore",1988,155,0,7.0
"2018-06-23 10:30:00","The Untouchables",CRIME,"Brian De Palma",1987,119,12,8.0
"2018-06-23 13:30:00","The Bridges of Madison County",DRAMA,"Clint Eastwood",1995,135,12,8.0
"2018-06-23 16:30:00","Hiroshima mon amour",DRAMA,"Alain Resnais",1959,90,12,8.0
"2018-06-23 19:00:00","Lola rennt",CRIME,"Tom Tykwer",1998,81,12,9.0
"2018-06-24 10:30:00","Rebel Without a Cause",DRAMA,"Nicholas Ray",1955,111,12,7.5
"2018-06-24 13:00:00","Rebel Without a Cause",DRAMA,"Nicholas Ray",1955,111,12,7.5
"2018-06-24 15:30:00","Willy Wonka & the Chocolate Factory",FAMILY,"Mel Stuart",1971,100,0,7.0
"2018-06-24 18:00:00","Malcolm X",BIOGRAPHY,"Spike Lee",1992,202,0,8.5
"2018-06-25 10:30:00","Ikiru",DRAMA,"Akira Kurosawa",1952,143,12,7.5
"2018-06-25 13:30:00","Trainspotting",DRAMA,"Danny Boyle",1996,93,12,8.0
"2018-06-26 10:30:00","Willy Wonka & the Chocolate Factory",FAMILY,"Mel Stuart",1971,100,0,8.0
"2018-06-26 13:00:00","Indiana Jones and the Last Crusade",ACTION,"Steven Spielberg",1989,127,0,7.5
"2018-06-27 10:00:00","Happiness",COMEDY,"Todd Solondz",1998,134,12,7.0
"2018-06-28 10:30:00","The Bridges of Madison County",DRAMA,"Clint Eastwood",1995,135,12,8.0
"2018-06-29 10:00:00","A Hard Day's Night",COMEDY,"Richard Lester",1964,87,0,7.5
"2018-06-29 12:30:00","Lola rennt",CRIME,"Tom Tykwer",1998,81,12,8.0
"2018-06-30 10:30:00","Hiroshima mon amour",DRAMA,"Alain Resnais",1959,90,12,7.0
"2018-06-30 13:00:00","Smultronstället",DRAMA,"Ingmar Bergman",1957,91,0,7.0
"2018-06-30 15:30:00","The Night of the Hunter",CRIME,"Charles Laughton",1955,92,12,8.5
"2018-07-01 10:00:00","The Night of the Hunter",CRIME,"Charles Laughton",1955,92,12,8.0
"2018-07-01 12:30:00","Star Wars: Episode V - The Empire Strikes Back",ACTION,"Irvin Kershner",1980,124,12,6.5
"2018-07-01 15:30:00","Indiana Jones and the Last Crusade",ACTION,"Steven Spielberg",1989,127,0,7.0
"2018-07-02 10:00:00","Star Wars: Episode V - The Empire Strikes Back",ACTION,"Irvin Kershner",1980,124,12,7.0
"2018-07-03 10:30:00","Planes, Trains & Automobiles",COMEDY,"John Hughes",1987,93,0,8.0
"2018-07-04 10:30:00","When Harry Met Sally...",COMEDY,"Rob Reiner",1989,95,12,8.0
"2018-07-05 10:00:00","The Verdict",DRAMA,"Sidney Lumet",1982,129,0,8.5
"2018-07-05 13:00:00","Planes, Trains & Automobiles",COMEDY,"John Hughes",1987,93,0,8.0
"2018-07-05 15:30:00","Lethal Weapon",ACTION,"Richard Donner",1987,109,12,6.5
"2018-07-06 10:00:00","Smultronstället",DRAMA,"Ingmar Bergman",1957,91,0,6.5
"2018-07-06 12:30:00","Nuovo Cinema Paradiso",DRAMA,"Giuseppe Tornatore",1988,155,0,8.0
"2018-07-06 16:00:00","Planes, Trains & Automobiles",COMEDY,"John Hughes",1987,93,0,7.5
"2018-07-07 10:30:00","Lola rennt",CRIME,"Tom Tykwer",1998,81,12,7.5
"2018-07-07 13:00:00","Rebel Without a Cause",DRAMA,"Nicholas Ray",1955,111,12,8.5
"2018-07-07 15:30:00","Patton",BIOGRAPHY,"Franklin J. Schaffner",1970,172,0,6.5
"2018-07-08 10:00:00","Indiana Jones and the Last Crusade",ACTION,"Steven Spielberg",1989,127,0,7.0
"2018-07-08 13:00:00","Bringing Up Baby",COMEDY,"Howard Hawks",1938,102,12,7.5
"2018-07-08 15:30:00","Lola rennt",CRIME,"Tom Tykwer",1998,81,12,8.0
"2018-07-08 17:30:00","Smultronstället",DRAMA,"Ingmar Bergman",1957,91,0,8.5
"2018-07-09 10:30:00","Bringing Up Baby",COMEDY,"Howard Hawks",1938,102,12,6.5
"2018-07-09 13:00:00","Star Wars: Episode V - The Empire Strikes Back",ACTION,"Irvin Kershner",1980,124,12,6.5
"2018-07-10 10:30:00","Malcolm X",BIOGRAPHY,"Spike Lee",1992,202,0,8.0
"2018-07-10 14:30:00","Star Wars",ACTION,"George Lucas",1977,121,12,8.0
"2018-07-11 10:00:00","The Night of the Hunter",CRIME,"Charles Laughton",1955,92,12,7.0
"2018-07-11 12:30:00","Willy Wonka & the Chocolate Factory",FAMILY,"Mel Stuart",1971,100,0,7.5
"2018-07-11 15:00:00","Abre los ojos",DRAMA,"Alejandro Amenábar",1997,119,0,8.5
"2018-07-12 10:00:00","Star Wars",ACTION,"George Lucas",1977,121,12,6.5
"2018-07-12 13:00:00","Hell or High Water",ACTION,"David Mackenzie",2016,102,16,7.0
"2018-07-13 10:30:00","Kimi no na wa.",ANIMATION,"Makoto Shinkai",2016,106,0,7.5
"2018-07-14 10:00:00","Bringing Up Baby",COMEDY,"Howard Hawks",1938,102,12,8.0
"2018-07-14 12:30:00","Smultronstället",DRAMA,"Ingmar Bergman",1957,91,0,6.5
"2018-07-14 15:00:00","American History X",DRAMA,"Tony Kaye",1998,119,16,6.5
"2018-07-15 10:30:00","Bringing Up Baby",COMEDY,"Howard Hawks",1938,102,12,6.5
"2018-07-15 13:00:00","Star Wars: Episode V - The Empire Strikes Back",ACTION,"Irvin Kershner",1980,124,12,7.5
"2018-07-15 16:00:00","A Hard Day's Night",COMEDY,"Richard Lester",1964,87,0,8.0
"2018-07-16 10:00:00","Smultronstället",DRAMA,"Ingmar Bergman",1957,91,0,8.5
"2018-07-16 12:30:00","A Hard Day's Night",COMEDY,"Richard Lester",1964,87,0,7.0
"2018-07-16 15:00:00","Bringing Up Baby",COMEDY,"Howard Hawks",1938,102,12,6.5
"2018-07-17 10:00:00","Abre los ojos",DRAMA,"Alejandro Amenábar",1997,119,0,6.5
"2018-07-17 13:00:00","A Night at the Opera",COMEDY,"Sam Wood",1935,96,12,6.5
"2018-07-18 10:30:00","Pâfekuto burû",ANIMATION,"Satoshi Kon",1997,81,12,7.5
"2018-07-18 12:30:00","Die Hard: With a Vengeance",ACTION,"John McTiernan",1995,128,12,7.0
"2018-07-19 10:30:00","Hell or High Water",ACTION,"David Mackenzie",2016,102,16,8.0
"2018-07-20 10:00:00","Abre los ojos",DRAMA,"Alejandro Amenábar",1997,119,0,8.0
"2018-07-20 13:00:00","On the Waterfront",CRIME,"Elia Kazan",1954,108,12,6.5
"2018-07-20 15:30:00","Planes, Trains & Automobiles",COMEDY,"John Hughes",1987,93,0,7.5
"2018-07-21 10:30:00","The Outlaw Josey Wales",WESTERN,"Clint Eastwood",1976,135,12,8.0
"2018-07-21 13:30:00","Dà hóng denglong gaogao guà",DRAMA,"Yimou Zhang",1991,125,6,8.0
"2018-07-21 16:30:00","Die Hard: With a Vengeance",ACTION,"John McTiernan",1995,128,12,7.5
"2018-07-22 10:30:00","Lola rennt",CRIME,"Tom Tykwer",1998,81,12,7.0
"2018-07-22 13:00:00","Enter the Dragon",ACTION,"Robert Clouse",1973,102,12,8.5
"2018-07-22 15:30:00","On the Waterfront",CRIME,"Elia Kazan",1954,108,12,8.0
"2018-07-22 18:30:00","Indiana Jones and the Last Crusade",ACTION,"Steven Spielberg",1989,127,0,8.5
"2018-07-23 10:30:00","Judgment at Nuremberg",DRAMA,"Stanley Kramer",1961,179,12,7.5
"2018-07-23 14:30:00","Lola rennt",CRIME,"Tom Tykwer",1998,81,12,8.5
"2018-07-24 10:00:00","Smultronstället",DRAMA,"Ingmar Bergman",1957,91,0,7.5
"2018-07-25 10:00:00","Patton",BIOGRAPHY,"Franklin J. Schaffner",1970,172,0,8.5
"2018-07-25 13:30:00","Pâfekuto burû",ANIMATION,"Satoshi Kon",1997,81,12,8.0
"2018-07-25 16:00:00","Abre los ojos",DRAMA,"Alejandro Amenábar",1997,119,0,6.5
"2018-07-26 10:00:00","The Goonies",ADVENTURE,"Richard Donner",1985,114,0,8.5
"2018-07-26 13:00:00","Dà hóng denglong gaogao guà",DRAMA,"Yimou Zhang",1991,125,6,8.0
"2018-07-27 10:00:00","American History X",DRAMA,"Tony Kaye",1998,119,16,7.5
"2018-07-28 10:30:00","This Is Spinal Tap",COMEDY,"Rob Reiner",1984,82,16,7.0
"2018-07-28 13:00:00","The Truman Show",COMEDY,"Peter Weir",1998,103,0,7.0
"2018-07-28 15:30:00","Enter the Dragon",ACTION,"Robert Clouse",1973,102,12,7.0
"2018-07-29 10:30:00","A Night at the Opera",COMEDY,"Sam Wood",1935,96,12,7.0
"2018-07-29 13:00:00","This Is Spinal Tap",COMEDY,"Rob Reiner",1984,82,16,8.0
"2018-07-29 15:00:00","This Is Spinal Tap",COMEDY,"Rob Reiner",1984,82,16,7.5
"2018-07-30 10:30:00","Hell or High Water",ACTION,"David Mackenzie",2016,102,16,7.0
"2018-07-30 13:00:00","Judgment at Nuremberg",DRAMA,"Stanley Kramer",1961,179,12,8.0
"2018-07-31 10:30:00","Planes, Trains & Automobiles",COMEDY,"John Hughes",1987,93,0,8.0
"2018-07-31 13:00:00","Kimi no na wa.",ANIMATION,"Makoto Shinkai",2016,106,0,8.5
"2018-07-31 15:30:00","The Truman Show",COMEDY,"Peter Weir",1998,103,0,7.0
"2018-08-01 10:30:00","Bringing Up Baby",COMEDY,"Howard Hawks",1938,102,12,8.0
"2018-08-01 13:00:00","Malcolm X",BIOGRAPHY,"Spike Lee",1992,202,0,6.5
"2018-08-02 10:30:00","The Outlaw Josey Wales",WESTERN,"Clint Eastwood",1976,135,12,6.5
"2018-08-02 13:30:00","La haine",CRIME,"Mathieu Kassovitz",1995,98,12,8.5
"2018-08-02 16:00:00","Enter the Dragon",ACTION,"Robert Clouse",1973,102,12,8.0
"2018-08-03 10:00:00","Star Wars",ACTION,"George Lucas",1977,121,12,7.0
"2018-08-03 13:00:00","Bringing Up Baby",COMEDY,"Howard Hawks",1938,102,12,8.0
"2018-08-04 10:30:00","Hell or High Water",ACTION,"David Mackenzie",2016,102,16,8.0
"2018-08-04 13:00:00","The Goonies",ADVENTURE,"Richard Donner",1985,114,0,6.5
"2018-08-04 15:30:00","Smultronstället",DRAMA,"Ingmar Bergman",1957,91,0,8.0
"2018-08-05 10:30:00","Hell or High Water",ACTION,"David Mackenzie",2016,102,16,8.5
"2018-08-05 13:00:00","This Is Spinal Tap",COMEDY,"Rob Reiner",1984,82,16,8.0
"2018-08-05 15:30:00","Bound by Honor",CRIME,"Taylor Hackford",1993,180,16,7.5
"2018-08-05 19:30:00","Die Hard: With a Vengeance",ACTION,"John McTiernan",1995,128,12,9.5
"2018-08-06 10:00:00","Star Wars",ACTION,"George Lucas",1977,121,12,7.5
"2018-08-07 10:00:00","Airlift",DRAMA,"Raja Menon",2016,130,12,8.5
"2018-08-07 13:00:00","The Goonies",ADVENTURE,"Richard Donner",1985,114,0,8.0
"2018-08-08 10:00:00","Heat",CRIME,"Michael Mann",1995,170,12,7.0
"2018-08-08 13:30:00","Judgment at Nuremberg",DRAMA,"Stanley Kramer",1961,179,12,6.5
"2018-08-08 17:00:00","Au revoir les enfants",DRAMA,"Louis Malle",1987,104,0,7.5
"2018-08-09 10:00:00","Star Wars",ACTION,"George Lucas",1977,121,12,7.5
"2018-08-09 13:00:00","Dr. Strangelove or: How I Learned to Stop Worrying and Love the Bomb",COMEDY,"Stanley Kubrick",1964,95,12,8.5
"2018-08-10 10:00:00","The Truman Show",COMEDY,"Peter Weir",1998,103,0,8.5
"2018-08-11 10:00:00","This Is Spinal Tap",COMEDY,"Rob Reiner",1984,82,16,7.5
"2018-08-11 12:00:00","Judgment at Nuremberg",DRAMA,"Stanley Kramer",1961,179,12,7.5
"2018-08-11 16:00:00","Enter the Dragon",ACTION,"Robert Clouse",1973,102,12,8.0
"2018-08-11 18:30:00","Au revoir les enfants",DRAMA,"Louis Malle",1987,104,0,10.0
"2018-08-12 10:30:00","The Purple Rose of Cairo",COMEDY,"Woody Allen",1985,82,0,8.0
"2018-08-12 12:30:00","Clerks",COMEDY,"Kevin Smith",1994,92,16,6.5
"2018-08-12 15:00:00","Patton",BIOGRAPHY,"Franklin J. Schaffner",1970,172,0,6.5
"2018-08-13 10:30:00","Airlift",DRAMA,"Raja Menon",2016,130,12,8.5
"2018-08-13 13:30:00","The Great Escape",ADVENTURE,"John Sturges",1963,172,0,7.0
"2018-08-13 17:30:00","Heat",CRIME,"Michael Mann",1995,170,12,7.5
"2018-08-14 10:30:00","Judgment at Nuremberg",DRAMA,"Stanley Kramer",1961,179,12,8.0
"2018-08-14 14:30:00","Pâfekuto burû",ANIMATION,"Satoshi Kon",1997,81,12,8.0
"2018-08-14 17:00:00","The Purple Rose of Cairo",COMEDY,"Woody Allen",1985,82,0,7.0
"2018-08-15 10:30:00","This Is Spinal Tap",COMEDY,"Rob Reiner",1984,82,16,7.5
"2018-08-16 10:30:00","Blade Runner 2049",ACTION,"Denis Villeneuve",2017,164,12,6.5
"2018-08-16 14:00:00","La Grande Illusion",DRAMA,"Jean Renoir",1937,113,12,7.0
"2018-08-17 10:00:00","Hannah and Her Sisters",COMEDY,"Woody Allen",1986,107,12,8.5
"2018-08-18 10:00:00","Tonari no Totoro",ANIMATION,"Hayao Miyazaki",1988,86,0,8.5
"2018-08-18 12:30:00","Tonari no Totoro",ANIMATION,"Hayao Miyazaki",1988,86,0,7.0
"2018-08-18 14:30:00","Clerks",COMEDY,"Kevin Smith",1994,92,16,7.0
"2018-08-18 17:00:00","Die Hard: With a Vengeance",ACTION,"John McTiernan",1995,128,12,8.0
"2018-08-19 10:30:00","Heat",CRIME,"Michael Mann",1995,170,12,6.5
"2018-08-19 14:30:00","La haine",CRIME,"Mathieu Kassovitz",1995,98,12,8.5
"2018-08-19 17:00:00","East of Eden",DRAMA,"Elia Kazan",1955,118,0,7.0
"2018-08-19 20:00:00","Tumbbad",DRAMA,"Rahi Anil Barve",2018,104,12,8.5
"2018-08-20 10:30:00","On the Waterfront",CRIME,"Elia Kazan",1954,108,12,8.5
"2018-08-20 13:00:00","The Goonies",ADVENTURE,"Richard Donner",1985,114,0,8.5
"2018-08-21 10:00:00","The Princess Bride",ADVENTURE,"Rob Reiner",1987,98,0,7.0
"2018-08-21 12:30:00","Nuovo Cinema Paradiso",DRAMA,"Giuseppe Tornatore",1988,155,0,8.0
"2018-08-22 10:00:00","The Sting",COMEDY,"George Roy Hill",1973,129,0,8.5
"2018-08-23 10:30:00","A Night at the Opera",COMEDY,"Sam Wood",1935,96,12,8.0
"2018-08-24 10:30:00","Ikiru",DRAMA,"Akira Kurosawa",1952,143,12,7.5
"2018-08-25 10:00:00","Hannah and Her Sisters",COMEDY,"Woody Allen",1986,107,12,6.5
"2018-08-25 12:30:00","East of Eden",DRAMA,"Elia Kazan",1955,118,0,8.0
"2018-08-25 15:30:00","Tumbbad",DRAMA,"Rahi Anil Barve",2018,104,12,7.0
"2018-08-25 18:00:00","Judgment at Nuremberg",DRAMA,"Stanley Kramer",1961,179,12,8.5
"2018-08-26 10:00:00","Hannah and Her Sisters",COMEDY,"Woody Allen",1986,107,12,8.5
"2018-08-26 12:30:00","Scent of a Woman",DRAMA,"Martin Brest",1992,156,12,6.5
"2018-08-26 16:00:00","Star Wars",ACTION,"George Lucas",1977,121,12,7.5
"2018-08-27 10:30:00","Terminator 2: Judgment Day",ACTION,"James Cameron",1991,137,0,8.0
"2018-08-27 13:30:00","Smultronstället",DRAMA,"Ingmar Bergman",1957,91,0,7.5
"2018-08-27 16:00:00","Rocky",DRAMA,"John G. Avildsen",1976,120,0,8.5
"2018-08-28 10:30:00","Hannah and Her Sisters",COMEDY,"Woody Allen",1986,107,12,7.5
"2018-08-28 13:00:00","The Great Escape",ADVENTURE,"John Sturges",1963,172,0,7.0
"2018-08-29 10:30:00","Tonari no Totoro",ANIMATION,"Hayao Miyazaki",1988,86,0,8.0
"2018-08-29 12:30:00","The Princess Bride",ADVENTURE,"Rob Reiner",1987,98,0,7.0
"2018-08-29 15:00:00","The Sting",COMEDY,"George Roy Hill",1973,129,0,6.5
"2018-08-30 10:00:00","The Sting",COMEDY,"George Roy Hill",1973,129,0,8.0
"2018-08-30 13:00:00","Hannah and Her Sisters",COMEDY,"Woody Allen",1986,107,12,7.5
"2018-08-31 10:00:00","Belle de jour",DRAMA,"Luis Buñuel",1967,100,12,7.5
"2018-09-01 10:00:00","Airlift",DRAMA,"Raja Menon",2016,130,12,8.0
"2018-09-01 13:00:00","The Great Escape",ADVENTURE,"John Sturges",1963,172,0,7.5
"2018-09-01 16:30:00","The Great Escape",ADVENTURE,"John Sturges",1963,172,0,7.5
"2018-09-02 10:30:00","Terminator 2: Judgment Day",ACTION,"James Cameron",1991,137,0,7.5
"2018-09-02 13:30:00","Braveheart",BIOGRAPHY,"Mel Gibson",1995,178,12,6.5
"2018-09-02 17:30:00","Rocky",DRAMA,"John G. Avildsen",1976,120,0,8.5
"2018-09-02 20:30:00","Au revoir les enfants",DRAMA,"Louis Malle",1987,104,0,9.5
"2018-09-03 10:30:00","This Is Spinal Tap",COMEDY,"Rob Reiner",1984,82,16,6.5
"2018-09-03 12:30:00","Rocky",DRAMA,"John G. Avildsen",1976,120,0,8.5
"2018-09-03 15:30:00","Hannah and Her Sisters",COMEDY,"Woody Allen",1986,107,12,7.0
"2018-09-04 10:00:00","Tumbbad",DRAMA,"Rahi Anil Barve",2018,104,12,8.0
"2018-09-05 10:30:00","Braveheart",BIOGRAPHY,"Mel Gibson",1995,178,12,7.0
"2018-09-05 14:30:00","The Great Escape",ADVENTURE,"John Sturges",1963,172,0,7.5
"2018-09-05 18:00:00","Tonari no Totoro",ANIMATION,"Hayao Miyazaki",1988,86,0,9.5
"2018-09-06 10:30:00","Tonari no Totoro",ANIMATION,"Hayao Miyazaki",1988,86,0,8.5
"2018-09-07 10:00:00","Heat",CRIME,"Michael Mann",1995,170,12,8.0
"2018-09-08 10:30:00","Terminator 2: Judgment Day",ACTION,"James Cameron",1991,137,0,8.5
"2018-09-08 13:30:00","Tonari no Totoro",ANIMATION,"Hayao Miyazaki",1988,86,0,8.0
"2018-09-08 16:00:00","The Purple Rose of Cairo",COMEDY,"Woody Allen",1985,82,0,8.0
"2018-09-09 10:00:00","The Great Escape",ADVENTURE,"John Sturges",1963,172,0,7.0
"2018-09-09 13:30:00","Bound by Honor",CRIME,"Taylor Hackford",1993,180,16,7.0
"2018-09-09 17:30:00","Au revoir les enfants",DRAMA,"Louis Malle",1987,104,0,8.0
"2018-09-10 10:00:00","Butch Cassidy and the Sundance Kid",BIOGRAPHY,"George Roy Hill",1969,110,6,7.0
"2018-09-10 12:30:00","La Grande Illusion",DRAMA,"Jean Renoir",1937,113,12,6.5
"2018-09-11 10:00:00","Hannah and Her Sisters",COMEDY,"Woody Allen",1986,107,12,8.5
"2018-09-11 12:30:00","La Grande Illusion",DRAMA,"Jean Renoir",1937,113,12,8.0
"2018-09-11 15:00:00","The Color Purple",DRAMA,"Steven Spielberg",1985,154,0,7.5
"2018-09-12 10:30:00","Terminator 2: Judgment Day",ACTION,"James Cameron",1991,137,0,8.5
"2018-09-12 13:30:00","The Princess Bride",ADVENTURE,"Rob Reiner",1987,98,0,6.5
"2018-09-12 16:00:00","Hannah and Her Sisters",COMEDY,"Woody Allen",1986,107,12,8.0
"2018-09-13 10:00:00","The Naked Gun: From the Files of Police Squad!",COMEDY,"David Zucker",1988,85,0,7.5
"2018-09-13 12:00:00","The Sting",COMEDY,"George Roy Hill",1973,129,0,7.5
"2018-09-13 15:00:00","Tonari no Totoro",ANIMATION,"Hayao Miyazaki",1988,86,0,8.5
"2018-09-14 10:30:00","Rocky",DRAMA,"John G. Avildsen",1976,120,0,7.5
"2018-09-15 10:30:00","The Purple Rose of Cairo",COMEDY,"Woody Allen",1985,82,0,8.5
"2018-09-15 13:00:00","Unforgiven",DRAMA,"Clint Eastwood",1992,130,12,7.5
"2018-09-15 16:00:00","Tonari no Totoro",ANIMATION,"Hayao Miyazaki",1988,86,0,6.5
"2018-09-15 18:30:00","Dangal",ACTION,"Nitesh Tiwari",2016,161,0,9.0
"2018-09-16 10:30:00","Heat",CRIME,"Michael Mann",1995,170,12,8.5
"2018-09-16 14:00:00","Pink Floyd: The Wall",DRAMA,"Alan Parker",1982,95,12,7.0
"2018-09-16 16:30:00","Blade Runner 2049",ACTION,"Denis Villeneuve",2017,164,12,8.5
"2018-09-17 10:30:00","Pink Floyd: The Wall",DRAMA,"Alan Parker",1982,95,12,8.0
"2018-09-18 10:00:00","Ordinary People",DRAMA,"Robert Redford",1980,124,0,6.5
"2018-09-18 13:00:00","Au revoir les enfants",DRAMA,"Louis Malle",1987,104,0,7.0
"2018-09-19 10:30:00","Airlift",DRAMA,"Raja Menon",2016,130,12,8.5
"2018-09-20 10:00:00","Nuovo Cinema Paradiso",DRAMA,"Giuseppe Tornatore",1988,155,0,7.0
"2018-09-20 13:30:00","Thor: Ragnarok",ACTION,"Taika Waititi",2017,130,12,8.0
"2018-09-21 10:00:00","North by Northwest",ADVENTURE,"Alfred Hitchcock",1959,136,0,7.5
"2018-09-22 10:30:00","Heat",CRIME,"Michael Mann",1995,170,12,7.5
"2018-09-22 14:30:00","Thor: Ragnarok",ACTION,"Taika Waititi",2017,130,12,8.5
"2018-09-22 17:30:00","Jules et Jim",DRAMA,"François Truffaut",1962,105,12,6.5
"2018-09-22 20:00:00","Pink Floyd: The Wall",DRAMA,"Alan Parker",1982,95,12,9.5
"2018-09-23 10:00:00","The Princess Bride",ADVENTURE,"Rob Reiner",1987,98,0,6.5
"2018-09-23 12:30:00","Thor: Ragnarok",ACTION,"Taika Waititi",2017,130,12,8.5
"2018-09-23 15:30:00","Airlift",DRAMA,"Raja Menon",2016,130,12,8.5
"2018-09-24 10:30:00","Barton Fink",COMEDY,"Joel Coen",1991,116,0,6.5
"2018-09-24 13:30:00","Braveheart",BIOGRAPHY,"Mel Gibson",1995,178,12,8.5
"2018-09-24 17:30:00","Rocky",DRAMA,"John G. Avildsen",1976,120,0,8.5
"2018-09-25 10:30:00","Andaz Apna Apna",ACTION,"Rajkumar Santoshi",1994,160,0,6.5
"2018-09-25 14:00:00","Moana",ANIMATION,"Ron Clements",2016,107,0,8.0
"2018-09-26 10:00:00","Jules et Jim",DRAMA,"François Truffaut",1962,105,12,7.5
"2018-09-26 12:30:00","The Purple Rose of Cairo",COMEDY,"Woody Allen",1985,82,0,7.5
"2018-09-27 10:00:00","Barton Fink",COMEDY,"Joel Coen",1991,116,0,7.5
"2018-09-27 13:00:00","Thor: Ragnarok",ACTION,"Taika Waititi",2017,130,12,8.5
"2018-09-28 10:30:00","Andaz Apna Apna",ACTION,"Rajkumar Santoshi",1994,160,0,7.0
"2018-09-29 10:00:00","North by Northwest",ADVENTURE,"Alfred Hitchcock",1959,136,0,7.5
"2018-09-29 13:00:00","Moana",ANIMATION,"Ron Clements",2016,107,0,7.5
"2018-09-29 16:00:00","Il conformista",DRAMA,"Bernardo Bertolucci",1970,113,12,6.5
"2018-09-29 18:30:00","Au revoir les enfants",DRAMA,"Louis Malle",1987,104,0,10.0
"2018-09-30 10:30:00","Rocky",DRAMA,"John G. Avildsen",1976,120,0,8.5
"2018-09-30 13:30:00","Out of the Past",CRIME,"Jacques Tourneur",1947,97,12,8.5
"2018-09-30 16:00:00","Andaz Apna Apna",ACTION,"Rajkumar Santoshi",1994,160,0,7.5
"2018-10-01 10:00:00","Mad Max 2",ACTION,"George Miller",1981,96,12,8.0
"2018-10-01 12:30:00","Jules et Jim",DRAMA,"François Truffaut",1962,105,12,8.0
"2018-10-02 10:30:00","Moana",ANIMATION,"Ron Clements",2016,107,0,7.0
"2018-10-03 10:00:00","Terminator 2: Judgment Day",ACTION,"James Cameron",1991,137,0,7.5
"2018-10-04 10:30:00","Out of the Past",CRIME,"Jacques Tourneur",1947,97,12,7.0
"2018-10-04 13:00:00","Unforgiven",DRAMA,"Clint Eastwood",1992,130,12,6.5
"2018-10-04 16:00:00","Days of Heaven",DRAMA,"Terrence Malick",1978,94,6,7.0
"2018-10-05 10:00:00","Boogie Nights",DRAMA,"Paul Thomas Anderson",1997,155,16,8.0
"2018-10-06 10:00:00","Captain Fantastic",COMEDY,"Matt Ross",2016,118,16,8.0
"2018-10-06 13:00:00","Andaz Apna Apna",ACTION,"Rajkumar Santoshi",1994,160,0,8.0
"2018-10-06 16:30:00","The Naked Gun: From the Files of Police Squad!",COMEDY,"David Zucker",1988,85,0,8.0
"2018-10-07 10:00:00","Amarcord",COMEDY,"Federico Fellini",1973,123,16,7.0
"2018-10-07 13:00:00","La montaña sagrada",ADVENTURE,"Alejandro Jodorowsky",1973,114,16,7.5
"2018-10-07 15:30:00","Jules et Jim",DRAMA,"François Truffaut",1962,105,12,8.5
"2018-10-08 10:30:00","Pink",DRAMA,"Aniruddha Roy Chowdhury",2016,136,12,7.0
"2018-10-09 10:00:00","Unforgiven",DRAMA,"Clint Eastwood",1992,130,12,7.0
"2018-10-10 10:30:00","Captain Fantastic",COMEDY,"Matt Ross",2016,118,16,7.5
"2018-10-11 10:30:00","North by Northwest",ADVENTURE,"Alfred Hitchcock",1959,136,0,8.0
"2018-10-11 13:30:00","Il conformista",DRAMA,"Bernardo Bertolucci",1970,113,12,6.5
"2018-10-12 10:00:00","Toy Story",ANIMATION,"John Lasseter",1995,81,0,7.0
"2018-10-12 12:30:00","Unforgiven",DRAMA,"Clint Eastwood",1992,130,12,8.0
"2018-10-12 15:30:00","Andaz Apna Apna",ACTION,"Rajkumar Santoshi",1994,160,0,6.5
"2018-10-13 10:00:00","Il conformista",DRAMA,"Bernardo Bertolucci",1970,113,12,7.0
"2018-10-13 13:00:00","Andaz Apna Apna",ACTION,"Rajkumar Santoshi",1994,160,0,8.0
"2018-10-13 16:30:00","The Usual Suspects",CRIME,"Bryan Singer",1995,106,12,8.0
"2018-10-13 19:30:00","Days of Heaven",DRAMA,"Terrence Malick",1978,94,6,8.5
"2018-10-14 10:00:00","Barton Fink",COMEDY,"Joel Coen",1991,116,0,7.0
"2018-10-14 13:00:00","Pink Floyd: The Wall",DRAMA,"Alan Parker",1982,95,12,6.5
"2018-10-14 15:30:00","Jules et Jim",DRAMA,"François Truffaut",1962,105,12,8.0
"2018-10-14 18:00:00","From Here to Eternity",DRAMA,"Fred Zinnemann",1953,118,12,8.5
"2018-10-15 10:30:00","Unforgiven",DRAMA,"Clint Eastwood",1992,130,12,7.5
"2018-10-15 13:30:00","Toy Story",ANIMATION,"John Lasseter",1995,81,0,7.0
"2018-10-15 16:00:00","Unforgiven",DRAMA,"Clint Eastwood",1992,130,12,6.5
"2018-10-16 10:30:00","Jules et Jim",DRAMA,"François Truffaut",1962,105,12,7.0
"2018-10-17 10:00:00","Philadelphia",DRAMA,"Jonathan Demme",1993,125,12,7.5
"2018-10-17 13:00:00","Pink Floyd: The Wall",DRAMA,"Alan Parker",1982,95,12,7.0
"2018-10-17 15:30:00","Ordinary People",DRAMA,"Robert Redford",1980,124,0,6.5
"2018-10-18 10:30:00","Boogie Nights",DRAMA,"Paul Thomas Anderson",1997,155,16,8.5
"2018-10-19 10:00:00","Il conformista",DRAMA,"Bernardo Bertolucci",1970,113,12,8.5
"2018-10-19 12:30:00","Scent of a Woman",DRAMA,"Martin Brest",1992,156,12,6.5
"2018-10-20 10:30:00","Pink",DRAMA,"Aniruddha Roy Chowdhury",2016,136,12,7.5
"2018-10-20 13:30:00","Boogie Nights",DRAMA,"Paul Thomas Anderson",1997,155,16,8.0
"2018-10-20 17:00:00","From Here to Eternity",DRAMA,"Fred Zinnemann",1953,118,12,6.5
"2018-10-20 20:00:00","Unforgiven",DRAMA,"Clint Eastwood",1992,130,12,9.5
"2018-10-21 10:30:00","Dog Day Afternoon",BIOGRAPHY,"Sidney Lumet",1975,125,0,8.5
"2018-10-21 13:30:00","The Fifth Element",ACTION,"Luc Besson",1997,126,12,6.5
"2018-10-21 16:30:00","Paths of Glory",DRAMA,"Stanley Kubrick",1957,88,12,8.0
"2018-10-21 19:00:00","In a Lonely Place",DRAMA,"Nicholas Ray",1950,94,12,9.5
"2018-10-22 10:30:00","Out of the Past",CRIME,"Jacques Tourneur",1947,97,12,6.5
"2018-10-22 13:00:00","Andaz Apna Apna",ACTION,"Rajkumar Santoshi",1994,160,0,8.0
"2018-10-23 10:30:00","From Here to Eternity",DRAMA,"Fred Zinnemann",1953,118,12,6.5
"2018-10-23 13:30:00","Mary Poppins",COMEDY,"Robert Stevenson",1964,139,0,8.5
"2018-10-24 10:00:00","Jules et Jim",DRAMA,"François Truffaut",1962,105,12,8.0
"2018-10-24 12:30:00","Philadelphia",DRAMA,"Jonathan Demme",1993,125,12,7.0
"2018-10-24 15:30:00","Pink Floyd: The Wall",DRAMA,"Alan Parker",1982,95,12,8.0
"2018-10-25 10:30:00","The Princess Bride",ADVENTURE,"Rob Reiner",1987,98,0,6.5
"2018-10-25 13:00:00","Barton Fink",COMEDY,"Joel Coen",1991,116,0,7.5
"2018-10-26 10:30:00","North by Northwest",ADVENTURE,"Alfred Hitchcock",1959,136,0,7.0
"2018-10-26 13:30:00","Zulu",DRAMA,"Cy Endfield",1964,138,0,7.0
"2018-10-27 10:00:00","La montaña sagrada",ADVENTURE,"Alejandro Jodorowsky",1973,114,16,7.5
"2018-10-27 13:00:00","Moana",ANIMATION,"Ron Clements",2016,107,0,7.5
"2018-10-27 15:30:00","The Princess Bride",ADVENTURE,"Rob Reiner",1987,98,0,7.5
"2018-10-28 10:30:00","Le salaire de la peur",ADVENTURE,"Henri-Georges Clouzot",1953,131,0,6.5
"2018-10-28 13:30:00","The Great Escape",ADVENTURE,"John Sturges",1963,172,0,8.5
"2018-10-28 17:00:00","Watership Down",ANIMATION,"Martin Rosen",1978,91,0,8.0
"2018-10-28 19:30:00","The Adventures of Robin Hood",ACTION,"Michael Curtiz",1938,102,6,8.5
"2018-10-29 10:00:00","Laura",DRAMA,"Otto Preminger",1944,88,12,8.5
"2018-10-30 10:30:00","Amarcord",COMEDY,"Federico Fellini",1973,123,16,8.5
"2018-10-30 13:30:00","Amarcord",COMEDY,"Federico Fellini",1973,123,16,8.0
"2018-10-31 10:00:00","Sing Street",COMEDY,"John Carney",2016,106,12,7.0
"2018-10-31 12:30:00","Le salaire de la peur",ADVENTURE,"Henri-Georges Clouzot",1953,131,0,7.5
"2018-10-31 15:30:00","Laura",DRAMA,"Otto Preminger",1944,88,12,8.5
"2018-11-01 10:30:00","Philadelphia",DRAMA,"Jonathan Demme",1993,125,12,8.0
"2018-11-01 13:30:00","The Adventures of Robin Hood",ACTION,"Michael Curtiz",1938,102,6,7.5
"2018-11-02 10:00:00","Mad Max 2",ACTION,"George Miller",1981,96,12,8.0
"2018-11-02 12:30:00","Modern Times",COMEDY,"Charles Chaplin",1936,87,0,8.0
"2018-11-02 15:00:00","The Princess Bride",ADVENTURE,"Rob Reiner",1987,98,0,7.0
"2018-11-03 10:30:00","Sing Street",COMEDY,"John Carney",2016,106,12,8.5
"2018-11-03 13:00:00","Shin seiki Evangelion Gekijô-ban: Air/Magokoro wo, kimi ni",ANIMATION,"Hideaki Anno",1997,87,12,8.5
"2018-11-03 15:00:00","Sing Street",COMEDY,"John Carney",2016,106,12,8.0
"2018-11-04 10:30:00","Dog Day Afternoon",BIOGRAPHY,"Sidney Lumet",1975,125,0,7.5
"2018-11-04 13:30:00","Zulu",DRAMA,"Cy Endfield",1964,138,0,6.5
"2018-11-04 16:30:00","Pink Floyd: The Wall",DRAMA,"Alan Parker",1982,95,12,8.5
"2018-11-05 10:00:00","The Fifth Element",ACTION,"Luc Besson",1997,126,12,7.0
"2018-11-06 10:00:00","Rebel Without a Cause",DRAMA,"Nicholas Ray",1955,111,12,7.5
"2018-11-06 13:00:00","Le salaire de la peur",ADVENTURE,"Henri-Georges Clouzot",1953,131,0,6.5
"2018-11-07 10:30:00","Dog Day Afternoon",BIOGRAPHY,"Sidney Lumet",1975,125,0,8.0
"2018-11-08 10:00:00","Shin seiki Evangelion Gekijô-ban: Air/Magokoro wo, kimi ni",ANIMATION,"Hideaki Anno",1997,87,12,8.0
"2018-11-08 12:30:00","The Princess Bride",ADVENTURE,"Rob Reiner",1987,98,0,8.0
"2018-11-09 10:30:00","Modern Times",COMEDY,"Charles Chaplin",1936,87,0,6.5
"2018-11-09 13:00:00","Shin seiki Evangelion Gekijô-ban: Air/Magokoro wo, kimi ni",ANIMATION,"Hideaki Anno",1997,87,12,7.0
"2018-11-10 10:30:00","The Untouchables",CRIME,"Brian De Palma",1987,119,12,7.0
"2018-11-10 13:30:00","The Untouchables",CRIME,"Brian De Palma",1987,119,12,8.5
"2018-11-10 16:30:00","Shin seiki Evangelion Gekijô-ban: Air/Magokoro wo, kimi ni",ANIMATION,"Hideaki Anno",1997,87,12,7.0
"2018-11-11 10:00:00","Boogie Nights",DRAMA,"Paul Thomas Anderson",1997,155,16,7.5
"2018-11-11 13:30:00","Mad Max 2",ACTION,"George Miller",1981,96,12,7.0
"2018-11-11 16:00:00","Le salaire de la peur",ADVENTURE,"Henri-Georges Clouzot",1953,131,0,7.0
"2018-11-12 10:00:00","Shin seiki Evangelion Gekijô-ban: Air/Magokoro wo, kimi ni",ANIMATION,"Hideaki Anno",1997,87,12,8.5
"2018-11-12 12:30:00","Amarcord",COMEDY,"Federico Fellini",1973,123,16,8.0
"2018-11-13 10:30:00","Moana",ANIMATION,"Ron Clements",2016,107,0,6.5
"2018-11-13 13:00:00","Amarcord",COMEDY,"Federico Fellini",1973,123,16,7.0
"2018-11-13 16:00:00","Hana-bi",CRIME,"Takeshi Kitano",1997,103,12,6.5
"2018-11-14 10:00:00","Dip huet seung hung",ACTION,"John Woo",1989,111,16,7.0
"2018-11-14 12:30:00","The Princess Bride",ADVENTURE,"Rob Reiner",1987,98,0,7.5
"2018-11-15 10:30:00","Spoorloos",MYSTERY,"George Sluizer",1988,107,12,6.5
"2018-11-15 13:00:00","Spoorloos",MYSTERY,"George Sluizer",1988,107,12,8.5
"2018-11-16 10:00:00","Le salaire de la peur",ADVENTURE,"Henri-Georges Clouzot",1953,131,0,8.5
"2018-11-17 10:00:00","Out of the Past",CRIME,"Jacques Tourneur",1947,97,12,8.0
"2018-11-17 12:30:00","Dip huet seung hung",ACTION,"John Woo",1989,111,16,7.5
"2018-11-17 15:00:00","The Untouchables",CRIME,"Brian De Palma",1987,119,12,6.5
"2018-11-18 10:30:00","Boogie Nights",DRAMA,"Paul Thomas Anderson",1997,155,16,8.5
"2018-11-18 14:00:00","La haine",CRIME,"Mathieu Kassovitz",1995,98,12,6.5
"2018-11-18 16:30:00","Mad Max 2",ACTION,"George Miller",1981,96,12,6.5
"2018-11-19 10:00:00","In a Lonely Place",DRAMA,"Nicholas Ray",1950,94,12,6.5
"2018-11-19 12:30:00","Toy Story",ANIMATION,"John Lasseter",1995,81,0,8.5
"2018-11-19 15:00:00","Dog Day Afternoon",BIOGRAPHY,"Sidney Lumet",1975,125,0,7.0
"2018-11-20 10:00:00","Amarcord",COMEDY,"Federico Fellini",1973,123,16,7.5
"2018-11-20 13:00:00","The Fifth Element",ACTION,"Luc Besson",1997,126,12,7.0
"2018-11-20 16:00:00","Rebel Without a Cause",DRAMA,"Nicholas Ray",1955,111,12,7.5
"2018-11-21 10:00:00","Amarcord",COMEDY,"Federico Fellini",1973,123,16,7.0
"2018-11-21 13:00:00","Hiroshima mon amour",DRAMA,"Alain Resnais",1959,90,12,8.5
"2018-11-21 15:00:00","Zulu",DRAMA,"Cy Endfield",1964,138,0,7.5
"2018-11-22 10:30:00","Rebel Without a Cause",DRAMA,"Nicholas Ray",1955,111,12,7.0
"2018-11-22 13:00:00","Boogie Nights",DRAMA,"Paul Thomas Anderson",1997,155,16,7.5
"2018-11-22 16:30:00","Mad Max 2",ACTION,"George Miller",1981,96,12,7.5
"2018-11-23 10:30:00","From Here to Eternity",DRAMA,"Fred Zinnemann",1953,118,12,8.0
"2018-11-23 13:30:00","Boogie Nights",DRAMA,"Paul Thomas Anderson",1997,155,16,8.5
"2018-11-24 10:00:00","The Usual Suspects",CRIME,"Bryan Singer",1995,106,12,7.0
"2018-11-24 12:30:00","Modern Times",COMEDY,"Charles Chaplin",1936,87,0,8.0
"2018-11-24 14:30:00","Boogie Nights",DRAMA,"Paul Thomas Anderson",1997,155,16,6.5
"2018-11-24 18:00:00","La haine",CRIME,"Mathieu Kassovitz",1995,98,12,9.5
"2018-11-25 10:30:00","Amarcord",COMEDY,"Federico Fellini",1973,123,16,8.0
"2018-11-25 13:30:00","Hana-bi",CRIME,"Takeshi Kitano",1997,103,12,7.0
"2018-11-25 16:00:00","From Here to Eternity",DRAMA,"Fred Zinnemann",1953,118,12,8.5
"2018-11-25 19:00:00","Paths of Glory",DRAMA,"Stanley Kubrick",1957,88,12,10.0
"2018-11-26 10:30:00","Boogie Nights",DRAMA,"Paul Thomas Anderson",1997,155,16,8.5
"2018-11-26 14:00:00","Shin seiki Evangelion Gekijô-ban: Air/Magokoro wo, kimi ni",ANIMATION,"Hideaki Anno",1997,87,12,7.5
"2018-11-26 16:30:00","Sing Street",COMEDY,"John Carney",2016,106,12,8.5
"2018-11-27 10:30:00","In a Lonely Place",DRAMA,"Nicholas Ray",1950,94,12,7.0
"2018-11-27 13:00:00","God's Own Country",DRAMA,"Francis Lee",2017,104,12,7.5
"2018-11-27 15:30:00","Shin seiki Evangelion Gekijô-ban: Air/Magokoro wo, kimi ni",ANIMATION,"Hideaki Anno",1997,87,12,7.5
"2018-11-28 10:00:00","Knockin' on Heaven's Door",ACTION,"Thomas Jahn",1997,87,12,6.5
"2018-11-28 12:30:00","Hana-bi",CRIME,"Takeshi Kitano",1997,103,12,6.5
"2018-11-28 15:00:00","Shin seiki Evangelion Gekijô-ban: Air/Magokoro wo, kimi ni",ANIMATION,"Hideaki Anno",1997,87,12,8.0
"2018-11-29 10:00:00","Hana-bi",CRIME,"Takeshi Kitano",1997,103,12,8.5
"2018-11-29 12:30:00","Modern Times",COMEDY,"Charles Chaplin",1936,87,0,7.5
"2018-11-30 10:00:00","In a Lonely Place",DRAMA,"Nicholas Ray",1950,94,12,7.0
"2018-11-30 12:30:00","In a Lonely Place",DRAMA,"Nicholas Ray",1950,94,12,8.5
"2018-11-30 15:00:00","Philadelphia",DRAMA,"Jonathan Demme",1993,125,12,8.0
"2018-12-01 10:00:00","Spoorloos",MYSTERY,"George Sluizer",1988,107,12,6.5
"2018-12-01 12:30:00","The Untouchables",CRIME,"Brian De Palma",1987,119,12,8.0
"2018-12-01 15:30:00","Spoorloos",MYSTERY,"George Sluizer",1988,107,12,7.0
"2018-12-02 10:30:00","The Untouchables",CRIME,"Brian De Palma",1987,119,12,8.5
"2018-12-02 13:30:00","Philadelphia",DRAMA,"Jonathan Demme",1993,125,12,6.5
"2018-12-02 16:30:00","The Untouchables",CRIME,"Brian De Palma",1987,119,12,8.0
"2018-12-02 19:30:00","Knockin' on Heaven's Door",ACTION,"Thomas Jahn",1997,87,12,9.5
"2018-12-03 10:00:00","The Last Picture Show",DRAMA,"Peter Bogdanovich",1971,118,16,8.5
"2018-12-04 10:30:00","Rebel Without a Cause",DRAMA,"Nicholas Ray",1955,111,12,6.5
"2018-12-04 13:00:00","The Last Picture Show",DRAMA,"Peter Bogdanovich",1971,118,16,6.5
"2018-12-05 10:00:00","The Last Picture Show",DRAMA,"Peter Bogdanovich",1971,118,16,7.0
"2018-12-05 13:00:00","Spoorloos",MYSTERY,"George Sluizer",1988,107,12,8.5
"2018-12-06 10:00:00","Dip huet seung hung",ACTION,"John Woo",1989,111,16,7.0
"2018-12-06 12:30:00","Night on Earth",COMEDY,"Jim Jarmusch",1991,129,16,8.5
"2018-12-06 15:30:00","God's Own Country",DRAMA,"Francis Lee",2017,104,12,6.5
"2018-12-07 10:30:00","Stand by Me",ADVENTURE,"Rob Reiner",1986,89,0,6.5
"2018-12-08 10:30:00","Dip huet seung hung",ACTION,"John Woo",1989,111,16,8.5
"2018-12-08 13:00:00","Carlito's Way",CRIME,"Brian De Palma",1993,144,12,8.5
"2018-12-08 16:30:00","Hana-bi",CRIME,"Takeshi Kitano",1997,103,12,7.0
"2018-12-08 19:00:00","Spoorloos",MYSTERY,"George Sluizer",1988,107,12,10.0
"2018-12-09 10:30:00","A Star Is Born",DRAMA,"Bradley Cooper",2018,136,12,6.5
"2018-12-09 13:30:00","Dip huet seung hung",ACTION,"John Woo",1989,111,16,8.5
"2018-12-09 16:00:00","God's Own Country",DRAMA,"Francis Lee",2017,104,12,6.5
"2018-12-09 18:30:00","God's Own Country",DRAMA,"Francis Lee",2017,104,12,9.5
"2018-12-10 10:30:00","The Fugitive",ACTION,"Andrew Davis",1993,130,0,7.5
"2018-12-11 10:30:00","Knockin' on Heaven's Door",ACTION,"Thomas Jahn",1997,87,12,8.5
"2018-12-11 13:00:00","The Fugitive",ACTION,"Andrew Davis",1993,130,0,7.5
"2018-12-11 16:00:00","The Untouchables",CRIME,"Brian De Palma",1987,119,12,8.5
"2018-12-12 10:30:00","Apocalypse Now",DRAMA,"Francis Ford Coppola",1979,147,16,7.0
"2018-12-12 14:00:00","Avengers: Infinity War",ACTION,"Anthony Russo",2018,149,12,7.0
"2018-12-13 10:30:00","The Last Picture Show",DRAMA,"Peter Bogdanovich",1971,118,16,8.0
"2018-12-13 13:30:00","La haine",CRIME,"Mathieu Kassovitz",1995,98,12,7.5
"2018-12-13 16:00:00","Vertigo",MYSTERY,"Alfred Hitchcock",1958,128,12,7.0
"2018-12-14 10:30:00","Stand by Me",ADVENTURE,"Rob Reiner",1986,89,0,6.5
"2018-12-15 10:00:00","A Little Princess",DRAMA,"Alfonso Cuarón",1995,97,0,6.5
"2018-12-15 12:30:00","A Star Is Born",DRAMA,"Bradley Cooper",2018,136,12,7.0
"2018-12-15 15:30:00","Night on Earth",COMEDY,"Jim Jarmusch",1991,129,16,8.0
"2018-12-15 18:30:00","The Last Picture Show",DRAMA,"Peter Bogdanovich",1971,118,16,8.5
"2018-12-16 10:30:00","Stand by Me",ADVENTURE,"Rob Reiner",1986,89,0,8.0
"2018-12-16 13:00:00","Schindler's List",BIOGRAPHY,"Steven Spielberg",1993,195,12,8.0
"2018-12-16 17:00:00","Knockin' on Heaven's Door",ACTION,"Thomas Jahn",1997,87,12,7.5
"2018-12-17 10:00:00","Carlito's Way",CRIME,"Brian De Palma",1993,144,12,8.0
"2018-12-18 10:30:00","Schindler's List",BIOGRAPHY,"Steven Spielberg",1993,195,12,6.5
"2018-12-18 14:30:00","La haine",CRIME,"Mathieu Kassovitz",1995,98,12,7.5
"2018-12-18 17:00:00","Schindler's List",BIOGRAPHY,"Steven Spielberg",1993,195,12,7.5
"2018-12-19 10:00:00","El ángel exterminador",DRAMA,"Luis Buñuel",1962,95,12,8.5
"2018-12-19 12:30:00","Ayla: The Daughter of War",BIOGRAPHY,"Can Ulkay",2017,125,12,8.0
"2018-12-20 10:30:00","The Last Picture Show",DRAMA,"Peter Bogdanovich",1971,118,16,8.5
"2018-12-20 13:30:00","Rebel Without a Cause",DRAMA,"Nicholas Ray",1955,111,12,7.0
"2018-12-20 16:00:00","The Fugitive",ACTION,"Andrew Davis",1993,130,0,8.0
"2018-12-21 10:00:00","Ayla: The Daughter of War",BIOGRAPHY,"Can Ulkay",2017,125,12,8.5
"2018-12-21 13:00:00","Rebel Without a Cause",DRAMA,"Nicholas Ray",1955,111,12,6.5
"2018-12-22 10:30:00","The Untouchables",CRIME,"Brian De Palma",1987,119,12,8.5
"2018-12-22 13:30:00","Ayla: The Daughter of War",BIOGRAPHY,"Can Ulkay",2017,125,12,8.0
"2018-12-22 16:30:00","Vertigo",MYSTERY,"Alfred Hitchcock",1958,128,12,8.5
"2018-12-22 19:30:00","Vertigo",MYSTERY,"Alfred Hitchcock",1958,128,12,8.5
"2018-12-23 10:30:00","The Untouchables",CRIME,"Brian De Palma",1987,119,12,7.0
"2018-12-23 13:30:00","The Killing Fields",BIOGRAPHY,"Roland Joffé",1984,141,12,7.0
"2018-12-23 16:30:00","Carlito's Way",CRIME,"Brian De Palma",1993,144,12,6.5
"2018-12-24 10:30:00","The Killing Fields",BIOGRAPHY,"Roland Joffé",1984,141,12,7.5
"2018-12-25 10:00:00","The Last Picture Show",DRAMA,"Peter Bogdanovich",1971,118,16,6.5
"2018-12-25 12:30:00","Avengers: Infinity War",ACTION,"Anthony Russo",2018,149,12,8.0
"2018-12-26 10:00:00","Apocalypse Now",DRAMA,"Francis Ford Coppola",1979,147,16,8.5
"2018-12-26 13:30:00","A Little Princess",DRAMA,"Alfonso Cuarón",1995,97,0,8.5
"2018-12-26 16:00:00","Léon",ACTION,"Luc Besson",1994,110,12,8.0
"2018-12-27 10:30:00","God's Own Country",DRAMA,"Francis Lee",2017,104,12,6.5
"2018-12-28 10:30:00","Shine",BIOGRAPHY,"Scott Hicks",1996,105,0,7.5
"2018-12-28 13:00:00","A Star Is Born",DRAMA,"Bradley Cooper",2018,136,12,8.0
"2018-12-29 10:30:00","Rebel Without a Cause",DRAMA,"Nicholas Ray",1955,111,12,7.0
"2018-12-29 13:00:00","Schindler's List",BIOGRAPHY,"Steven Spielberg",1993,195,12,7.5
"2018-12-29 17:00:00","Dangal",ACTION,"Nitesh Tiwari",2016,161,0,6.5
"2018-12-30 10:30:00","Shine",BIOGRAPHY,"Scott Hicks",1996,105,0,7.0
"2018-12-30 13:00:00","Carlito's Way",CRIME,"Brian De Palma",1993,144,12,7.5
"2018-12-30 16:30:00","Rebel Without a Cause",DRAMA,"Nicholas Ray",1955,111,12,8.5
"2018-12-30 19:30:00","The Taking of Pelham One Two Three",ACTION,"Joseph Sargent",1974,104,0,10.0
"2018-12-31 10:00:00","Do the Right Thing",COMEDY,"Spike Lee",1989,120,16,8.0
"2018-12-31 13:00:00","The Taking of Pelham One Two Three",ACTION,"Joseph Sargent",1974,104,0,8.0
"2018-12-31 15:30:00","In the Heat of the Night",CRIME,"Norman Jewison",1967,110,0,6.5
"2019-01-01 10:30:00","The Adventures of Robin Hood",ACTION,"Michael Curtiz",1938,102,6,8.0
"2019-01-02 10:30:00","Ayla: The Daughter of War",BIOGRAPHY,"Can Ulkay",2017,125,12,7.5
"2019-01-02 13:30:00","Apocalypse Now",DRAMA,"Francis Ford Coppola",1979,147,16,7.0
"2019-01-03 10:00:00","Shine",BIOGRAPHY,"Scott Hicks",1996,105,0,8.5
"2019-01-03 12:30:00","The Lion in Winter",BIOGRAPHY,"Anthony Harvey",1968,134,6,8.0
"2019-01-04 10:30:00","The Last Picture Show",DRAMA,"Peter Bogdanovich",1971,118,16,8.0
"2019-01-04 13:30:00","Sleuth",MYSTERY,"Joseph L. Mankiewicz",1972,138,6,7.5
"2019-01-04 16:30:00","Mononoke-hime",ANIMATION,"Hayao Miyazaki",1997,134,0,6.5
"2019-01-05 10:30:00","El ángel exterminador",DRAMA,"Luis Buñuel",1962,95,12,8.0
"2019-01-05 13:00:00","The Killing Fields",BIOGRAPHY,"Roland Joffé",1984,141,12,8.0
"2019-01-05 16:00:00","Mononoke-hime",ANIMATION,"Hayao Miyazaki",1997,134,0,8.0
"2019-01-05 19:00:00","Apocalypse Now",DRAMA,"Francis Ford Coppola",1979,147,16,8.5
"2019-01-06 10:00:00","The Fugitive",ACTION,"Andrew Davis",1993,130,0,6.5
"2019-01-06 13:00:00","Apocalypse Now",DRAMA,"Francis Ford Coppola",1979,147,16,8.0
"2019-01-06 16:30:00","Shine",BIOGRAPHY,"Scott Hicks",1996,105,0,7.0
"2019-01-06 19:00:00","The Lion in Winter",BIOGRAPHY,"Anthony Harvey",1968,134,6,9.0
"2019-01-07 10:30:00","Sleuth",MYSTERY,"Joseph L. Mankiewicz",1972,138,6,8.5
"2019-01-08 10:30:00","A Little Princess",DRAMA,"Alfonso Cuarón",1995,97,0,6.5
"2019-01-09 10:00:00","The Searchers",ADVENTURE,"John Ford",1956,119,12,7.5
"2019-01-10 10:00:00","Do the Right Thing",COMEDY,"Spike Lee",1989,120,16,8.0
"2019-01-11 10:30:00","Primal Fear",CRIME,"Gregory Hoblit",1996,129,12,6.5
"2019-01-12 10:00:00","Roma",DRAMA,"Alfonso Cuarón",2018,135,16,7.0
"2019-01-12 13:00:00","The Adventures of Robin Hood",ACTION,"Michael Curtiz",1938,102,6,7.5
"2019-01-12 15:30:00","Sleuth",MYSTERY,"Joseph L. Mankiewicz",1972,138,6,8.0
"2019-01-13 10:00:00","Apocalypse Now",DRAMA,"Francis Ford Coppola",1979,147,16,7.5
"2019-01-13 13:30:00","In the Heat of the Night",CRIME,"Norman Jewison",1967,110,0,7.5
"2019-01-13 16:00:00","Boyz n the Hood",CRIME,"John Singleton",1991,112,12,7.5
"2019-01-13 18:30:00","Il buono, il brutto, il cattivo",WESTERN,"Sergio Leone",1966,161,12,10.0
"2019-01-14 10:30:00","Shine",BIOGRAPHY,"Scott Hicks",1996,105,0,7.0
"2019-01-14 13:00:00","The Grapes of Wrath",DRAMA,"John Ford",1940,129,12,8.0
"2019-01-15 10:00:00","Bronenosets Potemkin",DRAMA,"Sergei M. Eisenstein",1925,75,12,7.0
"2019-01-15 12:00:00","The Fugitive",ACTION,"Andrew Davis",1993,130,0,7.5
"2019-01-16 10:30:00","Carlito's Way",CRIME,"Brian De Palma",1993,144,12,6.5
"2019-01-17 10:30:00","Primal Fear",CRIME,"Gregory Hoblit",1996,129,12,8.5
"2019-01-17 13:30:00","Shine",BIOGRAPHY,"Scott Hicks",1996,105,0,7.0
"2019-01-17 16:00:00","Citizen Kane",DRAMA,"Orson Welles",1941,119,12,8.0
"2019-01-18 10:00:00","The Adventures of Robin Hood",ACTION,"Michael Curtiz",1938,102,6,8.0
"2019-01-18 12:30:00","Primal Fear",CRIME,"Gregory Hoblit",1996,129,12,7.0
"2019-01-19 10:30:00","Roma",DRAMA,"Alfonso Cuarón",2018,135,16,8.5
"2019-01-19 13:30:00","Shadow of a Doubt",FILM_NOIR,"Alfred Hitchcock",1943,108,6,8.5
"2019-01-19 16:00:00","The Lion in Winter",BIOGRAPHY,"Anthony Harvey",1968,134,6,6.5
"2019-01-19 19:00:00","Apocalypse Now",DRAMA,"Francis Ford Coppola",1979,147,16,8.5
"2019-01-20 10:30:00","Sleuth",MYSTERY,"Joseph L. Mankiewicz",1972,138,6,6.5
"2019-01-20 13:30:00","Vertigo",MYSTERY,"Alfred Hitchcock",1958,128,12,7.5
"2019-01-20 16:30:00","Primal Fear",CRIME,"Gregory Hoblit",1996,129,12,8.5
"2019-01-20 19:30:00","The Grapes of Wrath",DRAMA,"John Ford",1940,129,12,10.0
"2019-01-21 10:30:00","The Grapes of Wrath",DRAMA,"John Ford",1940,129,12,7.0
"2019-01-21 13:30:00","The Matrix",ACTION,"Lana Wachowski",1999,136,12,8.0
"2019-01-21 16:30:00","In the Heat of the Night",CRIME,"Norman Jewison",1967,110,0,8.5
"2019-01-22 10:00:00","Boyz n the Hood",CRIME,"John Singleton",1991,112,12,8.5
"2019-01-22 12:30:00","Sleuth",MYSTERY,"Joseph L. Mankiewicz",1972,138,6,7.5
"2019-01-23 10:30:00","Witness for the Prosecution",CRIME,"Billy Wilder",1957,116,0,7.5
"2019-01-24 10:00:00","Sleuth",MYSTERY,"Joseph L. Mankiewicz",1972,138,6,8.0
"2019-01-24 13:30:00","In the Heat of the Night",CRIME,"Norman Jewison",1967,110,0,7.5
"2019-01-24 16:00:00","In the Heat of the Night",CRIME,"Norman Jewison",1967,110,0,6.5
"2019-01-25 10:30:00","Shine",BIOGRAPHY,"Scott Hicks",1996,105,0,8.0
"2019-01-26 10:00:00","The Adventures of Robin Hood",ACTION,"Michael Curtiz",1938,102,6,7.5
"2019-01-26 12:30:00","Shadow of a Doubt",FILM_NOIR,"Alfred Hitchcock",1943,108,6,6.5
"2019-01-26 15:00:00","Rear Window",MYSTERY,"Alfred Hitchcock",1954,112,0,8.0
"2019-01-27 10:00:00","The Adventures of Robin Hood",ACTION,"Michael Curtiz",1938,102,6,7.0
"2019-01-27 12:30:00","The Grapes of Wrath",DRAMA,"John Ford",1940,129,12,7.0
"2019-01-27 15:30:00","Boyz n the Hood",CRIME,"John Singleton",1991,112,12,8.5
"2019-01-27 18:30:00","Shadow of a Doubt",FILM_NOIR,"Alfred Hitchcock",1943,108,6,10.0
"2019-01-28 10:00:00","Dead Poets Society",COMEDY,"Peter Weir",1989,128,0,6.5
"2019-01-28 13:00:00","Witness for the Prosecution",CRIME,"Billy Wilder",1957,116,0,7.0
"2019-01-28 16:00:00","Roma",DRAMA,"Alfonso Cuarón",2018,135,16,7.0
"2019-01-29 10:00:00","The Adventures of Robin Hood",ACTION,"Michael Curtiz",1938,102,6,8.0
"2019-01-30 10:00:00","Boyz n the Hood",CRIME,"John Singleton",1991,112,12,8.5
"2019-01-31 10:00:00","Dead Poets Society",COMEDY,"Peter Weir",1989,128,0,7.5
"2019-01-31 13:00:00","Roma",DRAMA,"Alfonso Cuarón",2018,135,16,8.0
"2019-01-31 16:00:00","Ayla: The Daughter of War",BIOGRAPHY,"Can Ulkay",2017,125,12,6.5
"2019-02-01 10:00:00","The Lion in Winter",BIOGRAPHY,"Anthony Harvey",1968,134,6,7.5
"2019-02-02 10:30:00","Once Upon a Time... in Hollywood",COMEDY,"Quentin Tarantino",2019,161,12,7.0
"2019-02-02 14:00:00","The Blues Brothers",ACTION,"John Landis",1980,133,0,8.5
"2019-02-02 17:00:00","Dead Poets Society",COMEDY,"Peter Weir",1989,128,0,8.5
"2019-02-02 20:00:00","Once Upon a Time... in Hollywood",COMEDY,"Quentin Tarantino",2019,161,12,10.0
"2019-02-03 10:30:00","Shine",BIOGRAPHY,"Scott Hicks",1996,105,0,7.0
"2019-02-03 13:00:00","Shine",BIOGRAPHY,"Scott Hicks",1996,105,0,6.5
"2019-02-03 15:30:00","Primal Fear",CRIME,"Gregory Hoblit",1996,129,12,8.5
"2019-02-04 10:00:00","Le locataire",DRAMA,"Roman Polanski",1976,126,16,7.0
"2019-02-04 13:00:00","The Lion in Winter",BIOGRAPHY,"Anthony Harvey",1968,134,6,7.5
"2019-02-04 16:00:00","The Lion in Winter",BIOGRAPHY,"Anthony Harvey",1968,134,6,8.5
"2019-02-05 10:00:00","Citizen Kane",DRAMA,"Orson Welles",1941,119,12,8.5
"2019-02-06 10:00:00","The Blues Brothers",ACTION,"John Landis",1980,133,0,7.0
"2019-02-07 10:30:00","Shine",BIOGRAPHY,"Scott Hicks",1996,105,0,8.5
"2019-02-08 10:30:00","The Grapes of Wrath",DRAMA,"John Ford",1940,129,12,7.5
"2019-02-08 13:30:00","Sleuth",MYSTERY,"Joseph L. Mankiewicz",1972,138,6,7.0
"2019-02-08 16:30:00","Citizen Kane",DRAMA,"Orson Welles",1941,119,12,6.5
"2019-02-09 10:30:00","Primal Fear",CRIME,"Gregory Hoblit",1996,129,12,8.0
"2019-02-09 13:30:00","La Strada",DRAMA,"Federico Fellini",1954,108,12,7.5
"2019-02-09 16:00:00","Citizen Kane",DRAMA,"Orson Welles",1941,119,12,6.5
"2019-02-09 19:00:00","Witness for the Prosecution",CRIME,"Billy Wilder",1957,116,0,9.0
"2019-02-10 10:30:00","Le locataire",DRAMA,"Roman Polanski",1976,126,16,8.0
"2019-02-10 13:30:00","All About Eve",DRAMA,"Joseph L. Mankiewicz",1950,138,12,8.5
"2019-02-10 16:30:00","Primal Fear",CRIME,"Gregory Hoblit",1996,129,12,8.5
"2019-02-10 19:30:00","Sleuth",MYSTERY,"Joseph L. Mankiewicz",1972,138,6,8.5
"2019-02-11 10:00:00","Titanic",DRAMA,"James Cameron",1997,194,12,6.5
"2019-02-11 14:00:00","The Grapes of Wrath",DRAMA,"John Ford",1940,129,12,8.5
"2019-02-12 10:00:00","Shadow of a Doubt",FILM_NOIR,"Alfred Hitchcock",1943,108,6,7.0
"2019-02-12 13:00:00","All About Eve",DRAMA,"Joseph L. Mankiewicz",1950,138,12,6.5
"2019-02-12 16:00:00","Dead Poets Society",COMEDY,"Peter Weir",1989,128,0,7.5
"2019-02-13 10:00:00","The Adventures of Robin Hood",ACTION,"Michael Curtiz",1938,102,6,6.5
"2019-02-13 12:30:00","The Grapes of Wrath",DRAMA,"John Ford",1940,129,12,7.5
"2019-02-13 15:30:00","Il buono, il brutto, il cattivo",WESTERN,"Sergio Leone",1966,161,12,6.5
"2019-02-14 10:00:00","Bronenosets Potemkin",DRAMA,"Sergei M. Eisenstein",1925,75,12,7.5
"2019-02-15 10:00:00","Titanic",DRAMA,"James Cameron",1997,194,12,7.5
"2019-02-15 14:00:00","Shadow of a Doubt",FILM_NOIR,"Alfred Hitchcock",1943,108,6,6.5
"2019-02-16 10:00:00","Sleuth",MYSTERY,"Joseph L. Mankiewicz",1972,138,6,8.0
"2019-02-16 13:00:00","Titanic",DRAMA,"James Cameron",1997,194,12,8.5
"2019-02-16 17:00:00","Deadpool 2",ACTION,"David Leitch",2018,119,16,7.0
"2019-02-17 10:30:00","A Star Is Born",DRAMA,"Bradley Cooper",2018,136,12,7.5
"2019-02-17 13:30:00","Bronenosets Potemkin",DRAMA,"Sergei M. Eisenstein",1925,75,12,8.5
"2019-02-17 15:30:00","The Adventures of Robin Hood",ACTION,"Michael Curtiz",1938,102,6,6.5
"2019-02-17 18:00:00","All About Eve",DRAMA,"Joseph L. Mankiewicz",1950,138,12,9.0
"2019-02-18 10:30:00","Dirty Harry",ACTION,"Don Siegel",1971,102,12,7.5
"2019-02-18 13:00:00","Dead Poets Society",COMEDY,"Peter Weir",1989,128,0,6.5
"2019-02-19 10:30:00","All About Eve",DRAMA,"Joseph L. Mankiewicz",1950,138,12,7.5
"2019-02-19 13:30:00","Eskiya",CRIME,"Yavuz Turgul",1996,128,12,6.5
"2019-02-20 10:30:00","American History X",DRAMA,"Tony Kaye",1998,119,16,8.0
"2019-02-20 13:00:00","Il buono, il brutto, il cattivo",WESTERN,"Sergio Leone",1966,161,12,8.0
"2019-02-21 10:00:00","Beauty and the Beast",ANIMATION,"Gary Trousdale",1991,84,0,6.5
"2019-02-21 12:30:00","Bronenosets Potemkin",DRAMA,"Sergei M. Eisenstein",1925,75,12,7.5
"2019-02-21 14:30:00","Todo sobre mi madre",DRAMA,"Pedro Almodóvar",1999,101,16,6.5
"2019-02-22 10:30:00","Witness for the Prosecution",CRIME,"Billy Wilder",1957,116,0,8.5
"2019-02-23 10:30:00","Dirty Harry",ACTION,"Don Siegel",1971,102,12,8.0
"2019-02-23 13:00:00","All About Eve",DRAMA,"Joseph L. Mankiewicz",1950,138,12,6.5
"2019-02-23 16:00:00","American History X",DRAMA,"Tony Kaye",1998,119,16,8.5
"2019-02-24 10:30:00","Shadow of a Doubt",FILM_NOIR,"Alfred Hitchcock",1943,108,6,8.5
"2019-02-24 13:00:00","Todo sobre mi madre",DRAMA,"Pedro Almodóvar",1999,101,16,6.5
"2019-02-24 15:30:00","The Maltese Falcon",FILM_NOIR,"John Huston",1941,100,12,8.0
"2019-02-24 18:00:00","Roma",DRAMA,"Alfonso Cuarón",2018,135,16,9.0
"2019-02-25 10:30:00","Le locataire",DRAMA,"Roman Polanski",1976,126,16,8.0
"2019-02-25 13:30:00","Citizen Kane",DRAMA,"Orson Welles",1941,119,12,7.5
"2019-02-26 10:00:00","Deadpool 2",ACTION,"David Leitch",2018,119,16,7.0
"2019-02-26 13:00:00","Titanic",DRAMA,"James Cameron",1997,194,12,6.5
"2019-02-27 10:00:00","Being John Malkovich",COMEDY,"Spike Jonze",1999,113,16,6.5
"2019-02-27 13:00:00","Todo sobre mi madre",DRAMA,"Pedro Almodóvar",1999,101,16,8.5
"2019-02-28 10:00:00","Beauty and the Beast",ANIMATION,"Gary Trousdale",1991,84,0,6.5
"2019-03-01 10:30:00","Laura",DRAMA,"Otto Preminger",1944,88,12,8.0
"2019-03-02 10:30:00","La Strada",DRAMA,"Federico Fellini",1954,108,12,8.5
"2019-03-02 13:30:00","The Searchers",ADVENTURE,"John Ford",1956,119,12,7.0
"2019-03-02 16:30:00","American History X",DRAMA,"Tony Kaye",1998,119,16,8.5
"2019-03-02 19:30:00","The Maltese Falcon",FILM_NOIR,"John Huston",1941,100,12,10.0
"2019-03-03 10:00:00","Eskiya",CRIME,"Yavuz Turgul",1996,128,12,8.5
"2019-03-03 13:00:00","Being John Malkovich",COMEDY,"Spike Jonze",1999,113,16,8.0
"2019-03-03 15:30:00","Rear Window",MYSTERY,"Alfred Hitchcock",1954,112,0,8.5
"2019-03-04 10:00:00","All About Eve",DRAMA,"Joseph L. Mankiewicz",1950,138,12,7.0
"2019-03-05 10:30:00","Once Upon a Time... in Hollywood",COMEDY,"Quentin Tarantino",2019,161,12,8.0
"2019-03-06 10:30:00","Terminator 2: Judgment Day",ACTION,"James Cameron",1991,137,0,7.0
"2019-03-06 14:00:00","La Strada",DRAMA,"Federico Fellini",1954,108,12,6.5
"2019-03-06 17:00:00","Deadpool 2",ACTION,"David Leitch",2018,119,16,7.0
"2019-03-07 10:30:00","Terminator 2: Judgment Day",ACTION,"James Cameron",1991,137,0,6.5
"2019-03-08 10:00:00","A Star Is Born",DRAMA,"Bradley Cooper",2018,136,12,6.5
"2019-03-08 13:00:00","Terminator 2: Judgment Day",ACTION,"James Cameron",1991,137,0,7.5
"2019-03-09 10:30:00","Beauty and the Beast",ANIMATION,"Gary Trousdale",1991,84,0,7.0
"2019-03-09 12:30:00","Cool Hand Luke",CRIME,"Stuart Rosenberg",1967,127,12,7.5
"2019-03-09 15:30:00","Terminator 2: Judgment Day",ACTION,"James Cameron",1991,137,0,8.0
"2019-03-09 18:30:00","A Star Is Born",DRAMA,"Bradley Cooper",2018,136,12,9.0
"2019-03-10 10:30:00","Die Hard: With a Vengeance",ACTION,"John McTiernan",1995,128,12,8.0
"2019-03-10 13:30:00","Crna macka, beli macor",COMEDY,"Emir Kusturica",1998,127,16,7.5
"2019-03-10 16:30:00","Uri: The Surgical Strike",ACTION,"Aditya Dhar",2018,138,12,8.0
"2019-03-10 20:00:00","Rushmore",COMEDY,"Wes Anderson",1998,93,12,10.0
"2019-03-11 10:30:00","Crna macka, beli macor",COMEDY,"Emir Kusturica",1998,127,16,7.5
"2019-03-12 10:00:00","On Golden Pond",DRAMA,"Mark Rydell",1981,109,12,6.5
"2019-03-12 12:30:00","On Golden Pond",DRAMA,"Mark Rydell",1981,109,12,8.5
"2019-03-13 10:30:00","Raging Bull",BIOGRAPHY,"Martin Scorsese",1980,129,12,7.5
"2019-03-13 13:30:00","Rear Window",MYSTERY,"Alfred Hitchcock",1954,112,0,8.5
"2019-03-13 16:00:00","La Strada",DRAMA,"Federico Fellini",1954,108,12,6.5
"2019-03-14 10:30:00","Crna macka, beli macor",COMEDY,"Emir Kusturica",1998,127,16,7.0
"2019-03-14 13:30:00","Citizen Kane",DRAMA,"Orson Welles",1941,119,12,7.5
"2019-03-15 10:00:00","Crna macka, beli macor",COMEDY,"Emir Kusturica",1998,127,16,6.5
"2019-03-15 13:00:00","Eskiya",CRIME,"Yavuz Turgul",1996,128,12,7.5
"2019-03-15 16:00:00","The Sandlot",COMEDY,"David Mickey Evans",1993,101,0,8.5
"2019-03-16 10:00:00","Uri: The Surgical Strike",ACTION,"Aditya Dhar",2018,138,12,7.5
"2019-03-16 13:00:00","Rushmore",COMEDY,"Wes Anderson",1998,93,12,6.5
"2019-03-16 15:30:00","The Sandlot",COMEDY,"David Mickey Evans",1993,101,0,6.5
"2019-03-16 18:00:00","Uri: The Surgical Strike",ACTION,"Aditya Dhar",2018,138,12,9.0
"2019-03-17 10:30:00","Laura",DRAMA,"Otto Preminger",1944,88,12,8.5
"2019-03-17 13:00:00","Titanic",DRAMA,"James Cameron",1997,194,12,7.0
"2019-03-17 17:00:00","On Golden Pond",DRAMA,"Mark Rydell",1981,109,12,8.5
"2019-03-18 10:00:00","Deadpool 2",ACTION,"David Leitch",2018,119,16,8.0
"2019-03-19 10:30:00","The Killing",CRIME,"Stanley Kubrick",1956,84,12,6.5
"2019-03-20 10:00:00","Terminator 2: Judgment Day",ACTION,"James Cameron",1991,137,0,7.5
"2019-03-20 13:00:00","The Birds",DRAMA,"Alfred Hitchcock",1963,119,12,8.0
"2019-03-20 15:30:00","La Strada",DRAMA,"Federico Fellini",1954,108,12,8.0
"2019-03-21 10:00:00","Laura",DRAMA,"Otto Preminger",1944,88,12,8.0
"2019-03-21 12:30:00","The Deer Hunter",DRAMA,"Michael Cimino",1978,183,12,6.5
"2019-03-22 10:30:00","On Golden Pond",DRAMA,"Mark Rydell",1981,109,12,7.5
"2019-03-22 13:00:00","Cabaret",DRAMA,"Bob Fosse",1972,124,12,8.5
"2019-03-23 10:00:00","Cabaret",DRAMA,"Bob Fosse",1972,124,12,8.5
"2019-03-23 13:00:00","Citizen Kane",DRAMA,"Orson Welles",1941,119,12,6.5
"2019-03-23 16:00:00","Rushmore",COMEDY,"Wes Anderson",1998,93,12,6.5
"2019-03-24 10:30:00","Laura",DRAMA,"Otto Preminger",1944,88,12,6.5
"2019-03-24 13:00:00","Laura",DRAMA,"Otto Preminger",1944,88,12,7.5
"2019-03-24 15:30:00","The Killing",CRIME,"Stanley Kubrick",1956,84,12,7.5
"2019-03-24 17:30:00","Rushmore",COMEDY,"Wes Anderson",1998,93,12,6.5
"2019-03-25 10:00:00","Nosferatu",FANTASY,"F.W. Murnau",1922,94,12,8.5
"2019-03-25 12:30:00","Crna macka, beli macor",COMEDY,"Emir Kusturica",1998,127,16,6.5
"2019-03-25 15:30:00","Cool Hand Luke",CRIME,"Stuart Rosenberg",1967,127,12,7.5
"2019-03-26 10:30:00","K.G.F: Chapter 1",ACTION,"Prashanth Neel",2018,156,12,8.5
"2019-03-26 14:00:00","Miracle on 34th Street",COMEDY,"George Seaton",1947,96,12,7.0
"2019-03-26 16:30:00","A Star Is Born",DRAMA,"Bradley Cooper",2018,136,12,7.5
"2019-03-27 10:30:00","Miracle on 34th Street",COMEDY,"George Seaton",1947,96,12,7.0
"2019-03-27 13:00:00","The Long Goodbye",COMEDY,"Robert Altman",1973,112,12,6.5
"2019-03-27 16:00:00","The Killing",CRIME,"Stanley Kubrick",1956,84,12,7.5
"2019-03-28 10:30:00","Harvey",COMEDY,"Henry Koster",1950,104,12,8.0
"2019-03-28 13:00:00","Being John Malkovich",COMEDY,"Spike Jonze",1999,113,16,8.0
"2019-03-29 10:00:00","Cabaret",DRAMA,"Bob Fosse",1972,124,12,7.5
"2019-03-30 10:00:00","Raging Bull",BIOGRAPHY,"Martin Scorsese",1980,129,12,7.5
"2019-03-30 13:00:00","Citizen Kane",DRAMA,"Orson Welles",1941,119,12,7.0
"2019-03-30 16:00:00","Harvey",COMEDY,"Henry Koster",1950,104,12,8.0
"2019-03-30 18:30:00","Tengoku to jigoku",CRIME,"Akira Kurosawa",1963,143,12,9.0
"2019-03-31 10:30:00","Terminator 2: Judgment Day",ACTION,"James Cameron",1991,137,0,7.5
"2019-03-31 14:00:00","Nosferatu",FANTASY,"F.W. Murnau",1922,94,12,6.5
"2019-03-31 16:30:00","Citizen Kane",DRAMA,"Orson Welles",1941,119,12,8.5
"2019-03-31 19:00:00","K.G.F: Chapter 1",ACTION,"Prashanth Neel",2018,156,12,8.5
"2019-04-01 10:00:00","Nosferatu",FANTASY,"F.W. Murnau",1922,94,12,7.0
"2019-04-02 10:00:00","The Long Goodbye",COMEDY,"Robert Altman",1973,112,12,8.5
"2019-04-02 12:30:00","Nosferatu",FANTASY,"F.W. Murnau",1922,94,12,8.5
"2019-04-02 15:00:00","K.G.F: Chapter 1",ACTION,"Prashanth Neel",2018,156,12,7.0
"2019-04-03 10:00:00","Crna macka, beli macor",COMEDY,"Emir Kusturica",1998,127,16,8.0
"2019-04-04 10:30:00","American History X",DRAMA,"Tony Kaye",1998,119,16,8.0
"2019-04-04 13:30:00","Paper Moon",COMEDY,"Peter Bogdanovich",1973,102,0,8.0
"2019-04-04 16:00:00","Todo sobre mi madre",DRAMA,"Pedro Almodóvar",1999,101,16,7.0
"2019-04-05 10:00:00","The Killing",CRIME,"Stanley Kubrick",1956,84,12,8.0
"2019-04-06 10:00:00","Blowup",DRAMA,"Michelangelo Antonioni",1966,111,12,7.5
"2019-04-06 13:00:00","Scarface",CRIME,"Brian De Palma",1983,170,12,7.5
"2019-04-06 16:30:00","The Kid",COMEDY,"Charles Chaplin",1921,68,12,8.0
"2019-04-06 18:30:00","American History X",DRAMA,"Tony Kaye",1998,119,16,8.5
"2019-04-07 10:30:00","Crna macka, beli macor",COMEDY,"Emir Kusturica",1998,127,16,7.0
"2019-04-07 13:30:00","Les quatre cents coups",CRIME,"François Truffaut",1959,99,12,7.0
"2019-04-07 16:00:00","The Kid",COMEDY,"Charles Chaplin",1921,68,12,8.5
"2019-04-08 10:00:00","Rushmore",COMEDY,"Wes Anderson",1998,93,12,7.5
"2019-04-08 12:30:00","Nosferatu",FANTASY,"F.W. Murnau",1922,94,12,7.5
"2019-04-09 10:00:00","Scarface",CRIME,"Brian De Palma",1983,170,12,8.5
"2019-04-10 10:00:00","Scarface",CRIME,"Brian De Palma",1983,170,12,7.5
"2019-04-10 13:30:00","Terminator 2: Judgment Day",ACTION,"James Cameron",1991,137,0,6.5
"2019-04-10 16:30:00","Nosferatu",FANTASY,"F.W. Murnau",1922,94,12,7.0
"2019-04-11 10:30:00","Harvey",COMEDY,"Henry Koster",1950,104,12,7.5
"2019-04-12 10:30:00","Terminator 2: Judgment Day",ACTION,"James Cameron",1991,137,0,8.0
"2019-04-13 10:30:00","Les yeux sans visage",DRAMA,"Georges Franju",1960,90,12,7.0
"2019-04-13 13:00:00","Nosferatu",FANTASY,"F.W. Murnau",1922,94,12,6.5
"2019-04-13 15:30:00","The Kid",COMEDY,"Charles Chaplin",1921,68,12,7.0
"2019-04-13 17:30:00","On Golden Pond",DRAMA,"Mark Rydell",1981,109,12,8.0
"2019-04-14 10:00:00","Yôjinbô",ACTION,"Akira Kurosawa",1961,110,12,8.5
"2019-04-14 13:00:00","The Kid",COMEDY,"Charles Chaplin",1921,68,12,8.0
"2019-04-14 15:00:00","Harvey",COMEDY,"Henry Koster",1950,104,12,6.5
"2019-04-15 10:30:00","Ikiru",DRAMA,"Akira Kurosawa",1952,143,12,8.0
"2019-04-15 13:30:00","Scarface",CRIME,"Brian De Palma",1983,170,12,7.5
"2019-04-15 17:00:00","On Golden Pond",DRAMA,"Mark Rydell",1981,109,12,6.5
"2019-04-16 10:30:00","Yôjinbô",ACTION,"Akira Kurosawa",1961,110,12,8.5
"2019-04-16 13:00:00","Ferris Bueller's Day Off",COMEDY,"John Hughes",1986,103,0,6.5
"2019-04-16 15:30:00","Die Hard: With a Vengeance",ACTION,"John McTiernan",1995,128,12,7.5
"2019-04-17 10:00:00","Kaze no tani no Naushika",ANIMATION,"Hayao Miyazaki",1984,117,0,8.0
"2019-04-18 10:30:00","La double vie de Véronique",DRAMA,"Krzysztof Kieslowski",1991,98,16,6.5
"2019-04-18 13:00:00","Ikiru",DRAMA,"Akira Kurosawa",1952,143,12,7.5
"2019-04-18 16:30:00","The Kid",COMEDY,"Charles Chaplin",1921,68,12,8.0
"2019-04-19 10:30:00","Ikiru",DRAMA,"Akira Kurosawa",1952,143,12,8.0
"2019-04-19 13:30:00","Der Name der Rose",CRIME,"Jean-Jacques Annaud",1986,130,16,6.5
"2019-04-20 10:00:00","Cabaret",DRAMA,"Bob Fosse",1972,124,12,8.5
"2019-04-20 13:00:00","Cabaret",DRAMA,"Bob Fosse",1972,124,12,6.5
"2019-04-20 16:00:00","Dark City",MYSTERY,"Alex Proyas",1998,100,12,7.0
"2019-04-21 10:00:00","The Killing",CRIME,"Stanley Kubrick",1956,84,12,7.5
"2019-04-21 12:30:00","The Straight Story",BIOGRAPHY,"David Lynch",1999,112,0,7.0
"2019-04-21 15:30:00","Ikiru",DRAMA,"Akira Kurosawa",1952,143,12,7.5
"2019-04-21 18:30:00","Paths of Glory",DRAMA,"Stanley Kubrick",1957,88,12,10.0
"2019-04-22 10:30:00","A Few Good Men",DRAMA,"Rob Reiner",1992,138,0,7.5
"2019-04-22 13:30:00","Die Hard: With a Vengeance",ACTION,"John McTiernan",1995,128,12,8.5
"2019-04-22 16:30:00","Blowup",DRAMA,"Michelangelo Antonioni",1966,111,12,7.5
"2019-04-23 10:00:00","Tengoku to jigoku",CRIME,"Akira Kurosawa",1963,143,12,6.5
"2019-04-23 13:00:00","Die Hard: With a Vengeance",ACTION,"John McTiernan",1995,128,12,8.5
"2019-04-24 10:30:00","Citizen Kane",DRAMA,"Orson Welles",1941,119,12,7.5
"2019-04-24 13:30:00","The Sting",COMEDY,"George Roy Hill",1973,129,0,7.5
"2019-04-24 16:30:00","The Long Goodbye",COMEDY,"Robert Altman",1973,112,12,7.5
"2019-04-25 10:00:00","A Few Good Men",DRAMA,"Rob Reiner",1992,138,0,7.5
"2019-04-25 13:00:00","Dog Day Afternoon",BIOGRAPHY,"Sidney Lumet",1975,125,0,6.5
"2019-04-25 16:00:00","Viskningar och rop",DRAMA,"Ingmar Bergman",1972,91,12,8.0
"2019-04-26 10:00:00","Bound by Honor",CRIME,"Taylor Hackford",1993,180,16,8.5
"2019-04-26 14:00:00","Gifted",DRAMA,"Marc Webb",2017,101,12,6.5
"2019-04-27 10:30:00","Nosferatu",FANTASY,"F.W. Murnau",1922,94,12,8.5
"2019-04-27 13:00:00","The Deer Hunter",DRAMA,"Michael Cimino",1978,183,12,6.5
"2019-04-27 17:00:00","The Deer Hunter",DRAMA,"Michael Cimino",1978,183,12,8.0
"2019-04-27 21:00:00","Nosferatu",FANTASY,"F.W. Murnau",1922,94,12,9.0
"2019-04-28 10:30:00","The Last Emperor",BIOGRAPHY,"Bernardo Bertolucci",1987,163,0,7.0
"2019-04-28 14:00:00","The Sting",COMEDY,"George Roy Hill",1973,129,0,7.0
"2019-04-28 17:00:00","Red River",ACTION,"Howard Hawks",1948,133,12,7.5
"2019-04-29 10:30:00","Amadeus",BIOGRAPHY,"Milos Forman",1984,160,16,7.0
"2019-04-30 10:00:00","A Few Good Men",DRAMA,"Rob Reiner",1992,138,0,8.0
"2019-04-30 13:30:00","Bound by Honor",CRIME,"Taylor Hackford",1993,180,16,7.5
"2019-04-30 17:30:00","The Kid",COMEDY,"Charles Chaplin",1921,68,12,7.5
"2019-05-01 10:00:00","Yôjinbô",ACTION,"Akira Kurosawa",1961,110,12,8.5
"2019-05-02 10:00:00","A Few Good Men",DRAMA,"Rob Reiner",1992,138,0,7.5
"2019-05-02 13:00:00","Red River",ACTION,"Howard Hawks",1948,133,12,7.0
"2019-05-02 16:00:00","Raging Bull",BIOGRAPHY,"Martin Scorsese",1980,129,12,8.0
"2019-05-03 10:30:00","Viskningar och rop",DRAMA,"Ingmar Bergman",1972,91,12,6.5
"2019-05-04 10:00:00","Se7en",CRIME,"David Fincher",1995,127,12,8.5
"2019-05-04 13:00:00","The Sting",COMEDY,"George Roy Hill",1973,129,0,8.0
"2019-05-04 16:00:00","The Last Emperor",BIOGRAPHY,"Bernardo Bertolucci",1987,163,0,8.0
"2019-05-04 19:30:00","Dazed and Confused",COMEDY,"Richard Linklater",1993,102,0,10.0
"2019-05-05 10:00:00","Ferris Bueller's Day Off",COMEDY,"John Hughes",1986,103,0,7.5
"2019-05-05 12:30:00","Raging Bull",BIOGRAPHY,"Martin Scorsese",1980,129,12,7.5
"2019-05-05 15:30:00","The Kid",COMEDY,"Charles Chaplin",1921,68,12,7.5
"2019-05-05 17:30:00","Misery",DRAMA,"Rob Reiner",1990,107,16,7.0
"2019-05-06 10:00:00","Dazed and Confused",COMEDY,"Richard Linklater",1993,102,0,8.0
"2019-05-06 12:30:00","Dazed and Confused",COMEDY,"Richard Linklater",1993,102,0,8.5
"2019-05-07 10:30:00","Se7en",CRIME,"David Fincher",1995,127,12,8.0
"2019-05-07 13:30:00","Les yeux sans visage",DRAMA,"Georges Franju",1960,90,12,7.0
"2019-05-08 10:00:00","Once Were Warriors",CRIME,"Lee Tamahori",1994,102,12,7.5
"2019-05-08 12:30:00","Ferris Bueller's Day Off",COMEDY,"John Hughes",1986,103,0,8.5
"2019-05-08 15:00:00","Dazed and Confused",COMEDY,"Richard Linklater",1993,102,0,7.5
"2019-05-09 10:00:00","Only the Brave",ACTION,"Joseph Kosinski",2017,134,12,7.5
"2019-05-10 10:00:00","Viskningar och rop",DRAMA,"Ingmar Bergman",1972,91,12,7.0
"2019-05-10 12:30:00","A Few Good Men",DRAMA,"Rob Reiner",1992,138,0,8.5
"2019-05-10 15:30:00","Der Name der Rose",CRIME,"Jean-Jacques Annaud",1986,130,16,7.0
"2019-05-11 10:00:00","Bound by Honor",CRIME,"Taylor Hackford",1993,180,16,8.5
"2019-05-11 14:00:00","Stalag 17",COMEDY,"Billy Wilder",1953,120,12,7.5
"2019-05-11 17:00:00","Malcolm X",BIOGRAPHY,"Spike Lee",1992,202,0,8.0
"2019-05-12 10:30:00","Kaze no tani no Naushika",ANIMATION,"Hayao Miyazaki",1984,117,0,6.5
"2019-05-12 13:30:00","Dog Day Afternoon",BIOGRAPHY,"Sidney Lumet",1975,125,0,8.5
"2019-05-12 16:30:00","Malcolm X",BIOGRAPHY,"Spike Lee",1992,202,0,7.0
"2019-05-12 21:00:00","Tengoku to jigoku",CRIME,"Akira Kurosawa",1963,143,12,9.5
"2019-05-13 10:00:00","Viskningar och rop",DRAMA,"Ingmar Bergman",1972,91,12,7.0
"2019-05-13 12:30:00","Dirty Harry",ACTION,"Don Siegel",1971,102,12,7.0
"2019-05-13 15:00:00","Stalag 17",COMEDY,"Billy Wilder",1953,120,12,8.0
"2019-05-14 10:30:00","Stalag 17",COMEDY,"Billy Wilder",1953,120,12,7.5
"2019-05-14 13:00:00","Once Were Warriors",CRIME,"Lee Tamahori",1994,102,12,7.0
"2019-05-14 15:30:00","The Blues Brothers",ACTION,"John Landis",1980,133,0,7.0
"2019-05-15 10:30:00","Gifted",DRAMA,"Marc Webb",2017,101,12,7.0
"2019-05-15 13:00:00","Viskningar och rop",DRAMA,"Ingmar Bergman",1972,91,12,6.5
"2019-05-15 15:30:00","Kaze no tani no Naushika",ANIMATION,"Hayao Miyazaki",1984,117,0,8.0
"2019-05-16 10:00:00","Stalag 17",COMEDY,"Billy Wilder",1953,120,12,6.5
"2019-05-17 10:30:00","Dark City",MYSTERY,"Alex Proyas",1998,100,12,7.0
"2019-05-17 13:00:00","Misery",DRAMA,"Rob Reiner",1990,107,16,7.0
"2019-05-18 10:00:00","Jules et Jim",DRAMA,"François Truffaut",1962,105,12,6.5
"2019-05-18 12:30:00","Harvey",COMEDY,"Henry Koster",1950,104,12,6.5
"2019-05-18 15:00:00","Blowup",DRAMA,"Michelangelo Antonioni",1966,111,12,7.5
"2019-05-18 17:30:00","Se7en",CRIME,"David Fincher",1995,127,12,7.0
"2019-05-19 10:00:00","Gifted",DRAMA,"Marc Webb",2017,101,12,8.5
"2019-05-19 12:30:00","Malcolm X",BIOGRAPHY,"Spike Lee",1992,202,0,6.5
"2019-05-19 17:00:00","Dog Day Afternoon",BIOGRAPHY,"Sidney Lumet",1975,125,0,7.0
"2019-05-20 10:00:00","Se7en",CRIME,"David Fincher",1995,127,12,8.5
"2019-05-20 13:00:00","Titanic",DRAMA,"James Cameron",1997,194,12,8.5
"2019-05-21 10:00:00","Once Were Warriors",CRIME,"Lee Tamahori",1994,102,12,7.0
"2019-05-22 10:30:00","Dirty Harry",ACTION,"Don Siegel",1971,102,12,6.5
"2019-05-23 10:30:00","Malcolm X",BIOGRAPHY,"Spike Lee",1992,202,0,8.0
"2019-05-24 10:00:00","Viskningar och rop",DRAMA,"Ingmar Bergman",1972,91,12,8.5
"2019-05-24 12:30:00","Stalag 17",COMEDY,"Billy Wilder",1953,120,12,6.5
"2019-05-24 15:30:00","Dazed and Confused",COMEDY,"Richard Linklater",1993,102,0,7.0
"2019-05-25 10:00:00","South Park: Bigger, Longer & Uncut",ANIMATION,"Trey Parker",1999,81,12,6.5
"2019-05-25 12:30:00","The Sting",COMEDY,"George Roy Hill",1973,129,0,8.0
"2019-05-25 15:30:00","Stalag 17",COMEDY,"Billy Wilder",1953,120,12,8.5
"2019-05-26 10:00:00","Se7en",CRIME,"David Fincher",1995,127,12,7.5
"2019-05-26 13:00:00","Der Name der Rose",CRIME,"Jean-Jacques Annaud",1986,130,16,7.0
"2019-05-26 16:00:00","Goldfinger",ACTION,"Guy Hamilton",1964,110,12,7.0
"2019-05-27 10:30:00","Dog Day Afternoon",BIOGRAPHY,"Sidney Lumet",1975,125,0,6.5
"2019-05-27 13:30:00","Les diaboliques",CRIME,"Henri-Georges Clouzot",1955,117,12,6.5
"2019-05-28 10:00:00","Le samouraï",CRIME,"Jean-Pierre Melville",1967,105,12,6.5
"2019-05-28 12:30:00","Raging Bull",BIOGRAPHY,"Martin Scorsese",1980,129,12,7.5
"2019-05-28 15:30:00","South Park: Bigger, Longer & Uncut",ANIMATION,"Trey Parker",1999,81,12,8.0
"2019-05-29 10:00:00","The Wizard of Oz",ADVENTURE,"Victor Fleming",1939,102,0,7.0
"2019-05-29 12:30:00","Les diaboliques",CRIME,"Henri-Georges Clouzot",1955,117,12,8.5
"2019-05-30 10:00:00","The Wizard of Oz",ADVENTURE,"Victor Fleming",1939,102,0,7.5
"2019-05-31 10:00:00","Les yeux sans visage",DRAMA,"Georges Franju",1960,90,12,6.5
"2019-06-01 10:00:00","The Outlaw Josey Wales",WESTERN,"Clint Eastwood",1976,135,12,8.5
"2019-06-01 13:00:00","Les diaboliques",CRIME,"Henri-Georges Clouzot",1955,117,12,8.5
"2019-06-01 16:00:00","The Outlaw Josey Wales",WESTERN,"Clint Eastwood",1976,135,12,8.0
"2019-06-02 10:30:00","Notorious",DRAMA,"Alfred Hitchcock",1946,102,0,8.5
"2019-06-02 13:00:00","Jules et Jim",DRAMA,"François Truffaut",1962,105,12,7.5
"2019-06-02 15:30:00","Titanic",DRAMA,"James Cameron",1997,194,12,7.0
"2019-06-03 10:30:00","Dirty Harry",ACTION,"Don Siegel",1971,102,12,8.5
"2019-06-04 10:00:00","Le samouraï",CRIME,"Jean-Pierre Melville",1967,105,12,7.5
"2019-06-05 10:30:00","The Outlaw Josey Wales",WESTERN,"Clint Eastwood",1976,135,12,7.0
"2019-06-05 13:30:00","Rebel Without a Cause",DRAMA,"Nicholas Ray",1955,111,12,7.5
"2019-06-05 16:30:00","Trois couleurs: Rouge",DRAMA,"Krzysztof Kieslowski",1994,99,0,8.0
"2019-06-06 10:30:00","Stalag 17",COMEDY,"Billy Wilder",1953,120,12,8.0
"2019-06-06 13:30:00","Notorious",DRAMA,"Alfred Hitchcock",1946,102,0,7.0
"2019-06-06 16:00:00","Malcolm X",BIOGRAPHY,"Spike Lee",1992,202,0,7.0
"2019-06-07 10:00:00","Once Were Warriors",CRIME,"Lee Tamahori",1994,102,12,8.5
"2019-06-07 12:30:00","Dirty Harry",ACTION,"Don Siegel",1971,102,12,8.5
"2019-06-08 10:30:00","Trois couleurs: Rouge",DRAMA,"Krzysztof Kieslowski",1994,99,0,7.0
"2019-06-08 13:00:00","The Blues Brothers",ACTION,"John Landis",1980,133,0,7.5
"2019-06-08 16:00:00","South Park: Bigger, Longer & Uncut",ANIMATION,"Trey Parker",1999,81,12,8.5
"2019-06-08 18:30:00","The Dirty Dozen",ACTION,"Robert Aldrich",1967,150,12,8.5
"2019-06-09 10:00:00","Raging Bull",BIOGRAPHY,"Martin Scorsese",1980,129,12,6.5
"2019-06-09 13:00:00","Les diaboliques",CRIME,"Henri-Georges Clouzot",1955,117,12,8.5
"2019-06-09 16:00:00","The Last of the Mohicans",ACTION,"Michael Mann",1992,112,12,6.5
"2019-06-09 18:30:00","Young Frankenstein",COMEDY,"Mel Brooks",1974,106,12,9.5
"2019-06-10 10:00:00","Shichinin no samurai",ACTION,"Akira Kurosawa",1954,207,0,7.5
"2019-06-10 14:30:00","The Last of the Mohicans",ACTION,"Michael Mann",1992,112,12,8.0
"2019-06-11 10:30:00","Night on Earth",COMEDY,"Jim Jarmusch",1991,129,16,7.0
"2019-06-11 13:30:00","Notorious",DRAMA,"Alfred Hitchcock",1946,102,0,8.5
"2019-06-11 16:00:00","Shichinin no samurai",ACTION,"Akira Kurosawa",1954,207,0,8.0
"2019-06-12 10:30:00","Young Frankenstein",COMEDY,"Mel Brooks",1974,106,12,6.5
"2019-06-12 13:00:00","Jules et Jim",DRAMA,"François Truffaut",1962,105,12,7.0
"2019-06-13 10:30:00","Viskningar och rop",DRAMA,"Ingmar Bergman",1972,91,12,8.0
"2019-06-13 13:00:00","As Good as It Gets",COMEDY,"James L. Brooks",1997,139,12,7.0
"2019-06-14 10:30:00","Wind River",CRIME,"Taylor Sheridan",2017,107,16,7.5
"2019-06-14 13:00:00","Wind River",CRIME,"Taylor Sheridan",2017,107,16,8.5
"2019-06-14 15:30:00","Trois couleurs: Rouge",DRAMA,"Krzysztof Kieslowski",1994,99,0,6.5
"2019-06-15 10:00:00","The Wizard of Oz",ADVENTURE,"Victor Fleming",1939,102,0,8.5
"2019-06-15 12:30:00","Jules et Jim",DRAMA,"François Truffaut",1962,105,12,7.0
"2019-06-15 15:00:00","Shichinin no samurai",ACTION,"Akira Kurosawa",1954,207,0,6.5
"2019-06-15 19:30:00","Shichinin no samurai",ACTION,"Akira Kurosawa",1954,207,0,9.0
"2019-06-16 10:30:00","The Wizard of Oz",ADVENTURE,"Victor Fleming",1939,102,0,7.0
"2019-06-16 13:00:00","Goldfinger",ACTION,"Guy Hamilton",1964,110,12,7.0
"2019-06-16 15:30:00","Jules et Jim",DRAMA,"François Truffaut",1962,105,12,6.5
"2019-06-17 10:00:00","The Wizard of Oz",ADVENTURE,"Victor Fleming",1939,102,0,6.5
"2019-06-17 12:30:00","As Good as It Gets",COMEDY,"James L. Brooks",1997,139,12,6.5
"2019-06-18 10:30:00","Young Frankenstein",COMEDY,"Mel Brooks",1974,106,12,8.5
"2019-06-18 13:00:00","Raging Bull",BIOGRAPHY,"Martin Scorsese",1980,129,12,6.5
"2019-06-18 16:00:00","Jules et Jim",DRAMA,"François Truffaut",1962,105,12,7.5
"2019-06-19 10:30:00","Jules et Jim",DRAMA,"François Truffaut",1962,105,12,8.0
"2019-06-19 13:00:00","Se7en",CRIME,"David Fincher",1995,127,12,7.5
"2019-06-20 10:30:00","Trois couleurs: Rouge",DRAMA,"Krzysztof Kieslowski",1994,99,0,8.0
"2019-06-20 13:00:00","Trois couleurs: Rouge",DRAMA,"Krzysztof Kieslowski",1994,99,0,8.0
"2019-06-21 10:30:00","Titanic",DRAMA,"James Cameron",1997,194,12,8.5
"2019-06-21 14:30:00","As Good as It Gets",COMEDY,"James L. Brooks",1997,139,12,7.5
"2019-06-22 10:30:00","Le samouraï",CRIME,"Jean-Pierre Melville",1967,105,12,7.0
"2019-06-22 13:00:00","La Strada",DRAMA,"Federico Fellini",1954,108,12,8.5
"2019-06-22 15:30:00","Trois couleurs: Blanc",COMEDY,"Krzysztof Kieslowski",1994,92,0,8.0
"2019-06-22 18:00:00","Shichinin no samurai",ACTION,"Akira Kurosawa",1954,207,0,8.5
"2019-06-23 10:30:00","Wind River",CRIME,"Taylor Sheridan",2017,107,16,7.0
"2019-06-23 13:00:00","Donnie Brasco",BIOGRAPHY,"Mike Newell",1997,127,12,6.5
"2019-06-23 16:00:00","Night on Earth",COMEDY,"Jim Jarmusch",1991,129,16,8.5
"2019-06-23 19:00:00","Fried Green Tomatoes",DRAMA,"Jon Avnet",1991,130,12,8.5
"2019-06-24 10:30:00","The Dirty Dozen",ACTION,"Robert Aldrich",1967,150,12,6.5
"2019-06-24 14:00:00","Donnie Brasco",BIOGRAPHY,"Mike Newell",1997,127,12,8.0
"2019-06-24 17:00:00","Wind River",CRIME,"Taylor Sheridan",2017,107,16,8.5
"2019-06-25 10:00:00","Shichinin no samurai",ACTION,"Akira Kurosawa",1954,207,0,8.0
"2019-06-25 14:30:00","Le samouraï",CRIME,"Jean-Pierre Melville",1967,105,12,7.0
"2019-06-25 17:00:00","Fried Green Tomatoes",DRAMA,"Jon Avnet",1991,130,12,7.5
"2019-06-26 10:00:00","Once Upon a Time in America",CRIME,"Sergio Leone",1984,229,12,8.5
"2019-06-27 10:30:00","La Strada",DRAMA,"Federico Fellini",1954,108,12,6.5
"2019-06-28 10:30:00","La double vie de Véronique",DRAMA,"Krzysztof Kieslowski",1991,98,16,6.5
"2019-06-28 13:00:00","The Outlaw Josey Wales",WESTERN,"Clint Eastwood",1976,135,12,6.5
"2019-06-29 10:30:00","The Quiet Man",COMEDY,"John Ford",1952,129,12,8.0
"2019-06-29 13:30:00","Shichinin no samurai",ACTION,"Akira Kurosawa",1954,207,0,7.0
"2019-06-29 18:00:00","Shichinin no samurai",ACTION,"Akira Kurosawa",1954,207,0,8.5
"2019-06-29 22:30:00","Once Upon a Time in America",CRIME,"Sergio Leone",1984,229,12,10.0
"2019-06-30 10:30:00","The Quiet Man",COMEDY,"John Ford",1952,129,12,7.5
"2019-06-30 13:30:00","Notorious",DRAMA,"Alfred Hitchcock",1946,102,0,8.5
"2019-06-30 16:00:00","The Wizard of Oz",ADVENTURE,"Victor Fleming",1939,102,0,8.5
"2019-06-30 18:30:00","Le samouraï",CRIME,"Jean-Pierre Melville",1967,105,12,9.0
"2019-07-01 10:30:00","The Philadelphia Story",COMEDY,"George Cukor",1940,112,12,6.5
"2019-07-02 10:00:00","Dirty Harry",ACTION,"Don Siegel",1971,102,12,8.0
"2019-07-02 12:30:00","The Dirty Dozen",ACTION,"Robert Aldrich",1967,150,12,8.5
"2019-07-02 16:00:00","The Philadelphia Story",COMEDY,"George Cukor",1940,112,12,8.5
"2019-07-03 10:00:00","Lock, Stock and Two Smoking Barrels",ACTION,"Guy Ritchie",1998,107,12,6.5
"2019-07-03 12:30:00","Trois couleurs: Blanc",COMEDY,"Krzysztof Kieslowski",1994,92,0,8.5
"2019-07-03 15:00:00","Malcolm X",BIOGRAPHY,"Spike Lee",1992,202,0,7.5
"2019-07-04 10:00:00","Titanic",DRAMA,"James Cameron",1997,194,12,6.5
"2019-07-04 14:00:00","Trois couleurs: Blanc",COMEDY,"Krzysztof Kieslowski",1994,92,0,7.5
"2019-07-04 16:30:00","The Wizard of Oz",ADVENTURE,"Victor Fleming",1939,102,0,7.0
"2019-07-05 10:30:00","As Good as It Gets",COMEDY,"James L. Brooks",1997,139,12,8.5
"2019-07-05 13:30:00","The Dirty Dozen",ACTION,"Robert Aldrich",1967,150,12,7.5
"2019-07-06 10:30:00","Sabrina",COMEDY,"Billy Wilder",1954,113,12,7.5
"2019-07-06 13:00:00","Fried Green Tomatoes",DRAMA,"Jon Avnet",1991,130,12,6.5
"2019-07-06 16:00:00","Malcolm X",BIOGRAPHY,"Spike Lee",1992,202,0,7.5
"2019-07-06 20:30:00","The Quiet Man",COMEDY,"John Ford",1952,129,12,10.0
"2019-07-07 10:00:00","Sholay",ACTION,"Ramesh Sippy",1975,204,0,7.0
"2019-07-07 14:00:00","Lock, Stock and Two Smoking Barrels",ACTION,"Guy Ritchie",1998,107,12,6.5
"2019-07-07 16:30:00","Wind River",CRIME,"Taylor Sheridan",2017,107,16,8.0
"2019-07-07 19:00:00","Singin' in the Rain",COMEDY,"Stanley Donen",1952,103,0,9.5
"2019-07-08 10:30:00","Once Upon a Time in America",CRIME,"Sergio Leone",1984,229,12,7.5
"2019-07-08 15:00:00","Fried Green Tomatoes",DRAMA,"Jon Avnet",1991,130,12,7.5
"2019-07-08 18:00:00","The Naked Gun: From the Files of Police Squad!",COMEDY,"David Zucker",1988,85,0,9.5
"2019-07-09 10:00:00","Malcolm X",BIOGRAPHY,"Spike Lee",1992,202,0,7.5
"2019-07-10 10:30:00","Sabrina",COMEDY,"Billy Wilder",1954,113,12,7.5
"2019-07-11 10:00:00","Malcolm X",BIOGRAPHY,"Spike Lee",1992,202,0,7.5
"2019-07-11 14:00:00","Sholay",ACTION,"Ramesh Sippy",1975,204,0,8.5
"2019-07-11 18:30:00","The Dirty Dozen",ACTION,"Robert Aldrich",1967,150,12,8.5
"2019-07-12 10:00:00","La Strada",DRAMA,"Federico Fellini",1954,108,12,6.5
"2019-07-13 10:00:00","The Long Goodbye",COMEDY,"Robert Altman",1973,112,12,6.5
"2019-07-13 13:00:00","The Long Goodbye",COMEDY,"Robert Altman",1973,112,12,6.5
"2019-07-13 16:00:00","Once Upon a Time in America",CRIME,"Sergio Leone",1984,229,12,7.0
"2019-07-13 20:30:00","Wind River",CRIME,"Taylor Sheridan",2017,107,16,10.0
"2019-07-14 10:00:00","La passion de Jeanne d'Arc",BIOGRAPHY,"Carl Theodor Dreyer",1928,110,12,7.5
"2019-07-14 13:00:00","La double vie de Véronique",DRAMA,"Krzysztof Kieslowski",1991,98,16,8.0
"2019-07-14 15:30:00","The Long Goodbye",COMEDY,"Robert Altman",1973,112,12,6.5
"2019-07-14 18:00:00","Sabrina",COMEDY,"Billy Wilder",1954,113,12,9.0
"2019-07-15 10:30:00","The Quiet Man",COMEDY,"John Ford",1952,129,12,8.5
"2019-07-15 13:30:00","Trois couleurs: Blanc",COMEDY,"Krzysztof Kieslowski",1994,92,0,8.5
"2019-07-15 16:00:00","Nelyubov",DRAMA,"Andrey Zvyagintsev",2017,127,16,7.5
"2019-07-16 10:00:00","Gifted",DRAMA,"Marc Webb",2017,101,12,8.5
"2019-07-17 10:00:00","Viskningar och rop",DRAMA,"Ingmar Bergman",1972,91,12,7.0
"2019-07-17 12:30:00","Malcolm X",BIOGRAPHY,"Spike Lee",1992,202,0,6.5
"2019-07-18 10:00:00","Malcolm X",BIOGRAPHY,"Spike Lee",1992,202,0,8.0
"2019-07-19 10:00:00","Nelyubov",DRAMA,"Andrey Zvyagintsev",2017,127,16,6.5
"2019-07-20 10:00:00","Sabrina",COMEDY,"Billy Wilder",1954,113,12,6.5
"2019-07-20 13:00:00","The Godfather: Part III",CRIME,"Francis Ford Coppola",1990,162,12,6.5
"2019-07-20 16:30:00","The Long Goodbye",COMEDY,"Robert Altman",1973,112,12,7.0
"2019-07-20 19:30:00","Once Upon a Time in America",CRIME,"Sergio Leone",1984,229,12,9.0
"2019-07-21 10:00:00","Sholay",ACTION,"Ramesh Sippy",1975,204,0,7.0
"2019-07-21 14:30:00","La passion de Jeanne d'Arc",BIOGRAPHY,"Carl Theodor Dreyer",1928,110,12,6.5
"2019-07-21 17:00:00","Trois couleurs: Rouge",DRAMA,"Krzysztof Kieslowski",1994,99,0,8.5
"2019-07-21 19:30:00","The Naked Gun: From the Files of Police Squad!",COMEDY,"David Zucker",1988,85,0,9.0
"2019-07-22 10:00:00","Dunkirk",ACTION,"Christopher Nolan",2017,106,12,6.5
"2019-07-22 12:30:00","Fried Green Tomatoes",DRAMA,"Jon Avnet",1991,130,12,8.0
"2019-07-23 10:30:00","Sabrina",COMEDY,"Billy Wilder",1954,113,12,7.0
"2019-07-23 13:30:00","Sabrina",COMEDY,"Billy Wilder",1954,113,12,7.0
"2019-07-23 16:00:00","Rebecca",DRAMA,"Alfred Hitchcock",1940,130,12,7.5
"2019-07-24 10:30:00","Sabrina",COMEDY,"Billy Wilder",1954,113,12,6.5
"2019-07-24 13:00:00","Rebecca",DRAMA,"Alfred Hitchcock",1940,130,12,8.0
"2019-07-25 10:00:00","Chinatown",DRAMA,"Roman Polanski",1974,130,12,7.0
"2019-07-25 13:00:00","Fried Green Tomatoes",DRAMA,"Jon Avnet",1991,130,12,8.0
"2019-07-25 16:00:00","La double vie de Véronique",DRAMA,"Krzysztof Kieslowski",1991,98,16,8.5
"2019-07-26 10:00:00","Gifted",DRAMA,"Marc Webb",2017,101,12,8.0
"2019-07-26 12:30:00","Once Upon a Time in America",CRIME,"Sergio Leone",1984,229,12,7.5
"2019-07-26 17:00:00","The Godfather: Part III",CRIME,"Francis Ford Coppola",1990,162,12,7.0
"2019-07-27 10:30:00","The Naked Gun: From the Files of Police Squad!",COMEDY,"David Zucker",1988,85,0,7.5
"2019-07-27 13:00:00","Taxi Driver",CRIME,"Martin Scorsese",1976,114,12,7.0
"2019-07-27 16:00:00","Sabrina",COMEDY,"Billy Wilder",1954,113,12,6.5
"2019-07-28 10:00:00","Dunkirk",ACTION,"Christopher Nolan",2017,106,12,6.5
"2019-07-28 12:30:00","Donnie Brasco",BIOGRAPHY,"Mike Newell",1997,127,12,8.0
"2019-07-28 15:30:00","The Godfather: Part III",CRIME,"Francis Ford Coppola",1990,162,12,7.5
"2019-07-28 19:00:00","La passion de Jeanne d'Arc",BIOGRAPHY,"Carl Theodor Dreyer",1928,110,12,10.0
"2019-07-29 10:00:00","Once Upon a Time in America",CRIME,"Sergio Leone",1984,229,12,8.0
"2019-07-29 14:30:00","Rebecca",DRAMA,"Alfred Hitchcock",1940,130,12,7.5
"2019-07-29 17:30:00","The Purple Rose of Cairo",COMEDY,"Woody Allen",1985,82,0,7.5
"2019-07-30 10:00:00","Fried Green Tomatoes",DRAMA,"Jon Avnet",1991,130,12,8.5
"2019-07-31 10:30:00","Malcolm X",BIOGRAPHY,"Spike Lee",1992,202,0,8.5
"2019-08-01 10:00:00","La double vie de Véronique",DRAMA,"Krzysztof Kieslowski",1991,98,16,7.5
"2019-08-01 12:30:00","La passion de Jeanne d'Arc",BIOGRAPHY,"Carl Theodor Dreyer",1928,110,12,8.0
"2019-08-02 10:00:00","Chinatown",DRAMA,"Roman Polanski",1974,130,12,7.0
"2019-08-02 13:00:00","Nelyubov",DRAMA,"Andrey Zvyagintsev",2017,127,16,7.0
"2019-08-02 16:00:00","Donnie Brasco",BIOGRAPHY,"Mike Newell",1997,127,12,6.5
"2019-08-03 10:30:00","La passion de Jeanne d'Arc",BIOGRAPHY,"Carl Theodor Dreyer",1928,110,12,8.0
"2019-08-03 13:00:00","Gifted",DRAMA,"Marc Webb",2017,101,12,6.5
"2019-08-03 15:30:00","Goldfinger",ACTION,"Guy Hamilton",1964,110,12,7.5
"2019-08-04 10:30:00","Once Upon a Time in America",CRIME,"Sergio Leone",1984,229,12,8.0
"2019-08-04 15:00:00","Rebecca",DRAMA,"Alfred Hitchcock",1940,130,12,8.5
"2019-08-04 18:00:00","La double vie de Véronique",DRAMA,"Krzysztof Kieslowski",1991,98,16,9.0
"2019-08-04 20:30:00","The Exorcist",HORROR,"William Friedkin",1973,122,12,9.0
"2019-08-05 10:30:00","Sholay",ACTION,"Ramesh Sippy",1975,204,0,6.5
"2019-08-05 15:00:00","Baahubali 2: The Conclusion",ACTION,"S.S. Rajamouli",2017,167,12,8.0
"2019-08-06 10:30:00","Baahubali 2: The Conclusion",ACTION,"S.S. Rajamouli",2017,167,12,7.5
"2019-08-06 14:00:00","On the Waterfront",CRIME,"Elia Kazan",1954,108,12,8.5
"2019-08-07 10:00:00","Gifted",DRAMA,"Marc Webb",2017,101,12,8.0
"2019-08-07 12:30:00","On the Waterfront",CRIME,"Elia Kazan",1954,108,12,8.0
"2019-08-07 15:00:00","Goldfinger",ACTION,"Guy Hamilton",1964,110,12,6.5
"2019-08-08 10:00:00","The Naked Gun: From the Files of Police Squad!",COMEDY,"David Zucker",1988,85,0,7.0
"2019-08-08 12:30:00","Once Upon a Time in America",CRIME,"Sergio Leone",1984,229,12,8.5
"2019-08-08 17:00:00","The Godfather: Part III",CRIME,"Francis Ford Coppola",1990,162,12,7.5
"2019-08-09 10:30:00","Heat",CRIME,"Michael Mann",1995,170,12,8.0
"2019-08-09 14:30:00","The Exorcist",HORROR,"William Friedkin",1973,122,12,7.0
"2019-08-10 10:00:00","Chinatown",DRAMA,"Roman Polanski",1974,130,12,8.5
"2019-08-10 13:00:00","Chinatown",DRAMA,"Roman Polanski",1974,130,12,7.0
"2019-08-10 16:00:00","Baahubali 2: The Conclusion",ACTION,"S.S. Rajamouli",2017,167,12,8.5
"2019-08-10 20:00:00","Baahubali 2: The Conclusion",ACTION,"S.S. Rajamouli",2017,167,12,10.0
"2019-08-11 10:00:00","Gifted",DRAMA,"Marc Webb",2017,101,12,7.0
"2019-08-11 12:30:00","Rebecca",DRAMA,"Alfred Hitchcock",1940,130,12,8.5
"2019-08-11 15:30:00","Dunkirk",ACTION,"Christopher Nolan",2017,106,12,7.5
"2019-08-11 18:00:00","La passion de Jeanne d'Arc",BIOGRAPHY,"Carl Theodor Dreyer",1928,110,12,8.5
"2019-08-12 10:00:00","God's Own Country",DRAMA,"Francis Lee",2017,104,12,6.5
"2019-08-13 10:00:00","Heat",CRIME,"Michael Mann",1995,170,12,8.0
"2019-08-13 13:30:00","The Purple Rose of Cairo",COMEDY,"Woody Allen",1985,82,0,6.5
"2019-08-13 15:30:00","Dark City",MYSTERY,"Alex Proyas",1998,100,12,7.0
"2019-08-14 10:00:00","Breaking the Waves",DRAMA,"Lars von Trier",1996,159,16,8.5
"2019-08-15 10:00:00","The Exorcist",HORROR,"William Friedkin",1973,122,12,7.0
"2019-08-16 10:30:00","Donnie Brasco",BIOGRAPHY,"Mike Newell",1997,127,12,6.5
"2019-08-16 13:30:00","The Little Mermaid",ANIMATION,"Ron Clements",1989,83,0,7.5
"2019-08-16 16:00:00","Once Upon a Time in America",CRIME,"Sergio Leone",1984,229,12,6.5
"2019-08-17 10:30:00","Dead Poets Society",COMEDY,"Peter Weir",1989,128,0,8.0
"2019-08-17 13:30:00","Gifted",DRAMA,"Marc Webb",2017,101,12,7.0
"2019-08-17 16:00:00","Night on Earth",COMEDY,"Jim Jarmusch",1991,129,16,7.5
"2019-08-18 10:30:00","Watership Down",ANIMATION,"Martin Rosen",1978,91,0,7.0
"2019-08-18 13:00:00","The Purple Rose of Cairo",COMEDY,"Woody Allen",1985,82,0,6.5
"2019-08-18 15:30:00","On the Waterfront",CRIME,"Elia Kazan",1954,108,12,7.0
"2019-08-19 10:30:00","The Gold Rush",ADVENTURE,"Charles Chaplin",1925,95,12,8.0
"2019-08-19 13:00:00","God's Own Country",DRAMA,"Francis Lee",2017,104,12,6.5
"2019-08-20 10:30:00","The Exorcist",HORROR,"William Friedkin",1973,122,12,8.5
"2019-08-21 10:30:00","Donnie Brasco",BIOGRAPHY,"Mike Newell",1997,127,12,8.5
"2019-08-22 10:30:00","Dead Poets Society",COMEDY,"Peter Weir",1989,128,0,8.5
"2019-08-22 13:30:00","1917",DRAMA,"Sam Mendes",2019,119,16,7.5
"2019-08-22 16:00:00","Night on Earth",COMEDY,"Jim Jarmusch",1991,129,16,8.0
"2019-08-23 10:30:00","Good Will Hunting",DRAMA,"Gus Van Sant",1997,126,0,6.5
"2019-08-24 10:00:00","Good Will Hunting",DRAMA,"Gus Van Sant",1997,126,0,7.5
"2019-08-24 13:00:00","Only the Brave",ACTION,"Joseph Kosinski",2017,134,12,7.0
"2019-08-24 16:00:00","Dead Poets Society",COMEDY,"Peter Weir",1989,128,0,6.5
"2019-08-25 10:30:00","Escape from Alcatraz",ACTION,"Don Siegel",1979,112,12,8.0
"2019-08-25 13:30:00","Dark City",MYSTERY,"Alex Proyas",1998,100,12,6.5
"2019-08-25 16:00:00","Chinatown",DRAMA,"Roman Polanski",1974,130,12,7.0
"2019-08-25 19:00:00","1917",DRAMA,"Sam Mendes",2019,119,16,9.0
"2019-08-26 10:30:00","Gifted",DRAMA,"Marc Webb",2017,101,12,8.0
"2019-08-26 13:00:00","Good Will Hunting",DRAMA,"Gus Van Sant",1997,126,0,6.5
"2019-08-27 10:30:00","Donnie Brasco",BIOGRAPHY,"Mike Newell",1997,127,12,7.0
"2019-08-27 13:30:00","Escape from Alcatraz",ACTION,"Don Siegel",1979,112,12,8.5
"2019-08-27 16:00:00","The Exorcist",HORROR,"William Friedkin",1973,122,12,6.5
"2019-08-28 10:30:00","Escape from Alcatraz",ACTION,"Don Siegel",1979,112,12,6.5
"2019-08-28 13:00:00","Stalker",DRAMA,"Andrei Tarkovsky",1979,162,0,8.0
"2019-08-29 10:30:00","1917",DRAMA,"Sam Mendes",2019,119,16,7.0
"2019-08-29 13:30:00","Breaking the Waves",DRAMA,"Lars von Trier",1996,159,16,8.0
"2019-08-29 17:00:00","The Little Mermaid",ANIMATION,"Ron Clements",1989,83,0,8.0
"2019-08-30 10:30:00","Heat",CRIME,"Michael Mann",1995,170,12,6.5
"2019-08-30 14:30:00","The Little Mermaid",ANIMATION,"Ron Clements",1989,83,0,7.5
"2019-08-30 16:30:00","Donnie Brasco",BIOGRAPHY,"Mike Newell",1997,127,12,7.0
"2019-08-31 10:30:00","Night on Earth",COMEDY,"Jim Jarmusch",1991,129,16,6.5
"2019-08-31 13:30:00","Dark City",MYSTERY,"Alex Proyas",1998,100,12,6.5
"2019-08-31 16:00:00","Watership Down",ANIMATION,"Martin Rosen",1978,91,0,8.5
"2019-09-01 10:30:00","God's Own Country",DRAMA,"Francis Lee",2017,104,12,7.0
"2019-09-01 13:00:00","Only the Brave",ACTION,"Joseph Kosinski",2017,134,12,7.5
"2019-09-01 16:00:00","Good Will Hunting",DRAMA,"Gus Van Sant",1997,126,0,8.5
"2019-09-02 10:30:00","On the Waterfront",CRIME,"Elia Kazan",1954,108,12,6.5
"2019-09-03 10:00:00","Donnie Brasco",BIOGRAPHY,"Mike Newell",1997,127,12,8.0
"2019-09-04 10:00:00","Gifted",DRAMA,"Marc Webb",2017,101,12,8.0
"2019-09-04 12:30:00","The Little Mermaid",ANIMATION,"Ron Clements",1989,83,0,6.5
"2019-09-05 10:00:00","God's Own Country",DRAMA,"Francis Lee",2017,104,12,7.0
"2019-09-06 10:30:00","Gifted",DRAMA,"Marc Webb",2017,101,12,6.5
"2019-09-06 13:00:00","The Remains of the Day",DRAMA,"James Ivory",1993,134,0,6.5
"2019-09-06 16:00:00","The Gold Rush",ADVENTURE,"Charles Chaplin",1925,95,12,8.5
"2019-09-07 10:00:00","Night on Earth",COMEDY,"Jim Jarmusch",1991,129,16,7.0
"2019-09-07 13:00:00","Watership Down",ANIMATION,"Martin Rosen",1978,91,0,7.0
"2019-09-07 15:30:00","Only the Brave",ACTION,"Joseph Kosinski",2017,134,12,7.5
"2019-09-07 18:30:00","The Manchurian Candidate",DRAMA,"John Frankenheimer",1962,126,12,8.5
"2019-09-08 10:30:00","Gone with the Wind",DRAMA,"Victor Fleming",1939,238,0,7.5
"2019-09-08 15:30:00","Escape from Alcatraz",ACTION,"Don Siegel",1979,112,12,7.0
"2019-09-08 18:00:00","The Gold Rush",ADVENTURE,"Charles Chaplin",1925,95,12,9.5
"2019-09-09 10:00:00","Lethal Weapon",ACTION,"Richard Donner",1987,109,12,7.5
"2019-09-10 10:30:00","Watership Down",ANIMATION,"Martin Rosen",1978,91,0,7.0
"2019-09-10 13:00:00","Unforgiven",DRAMA,"Clint Eastwood",1992,130,12,8.0
"2019-09-10 16:00:00","On the Waterfront",CRIME,"Elia Kazan",1954,108,12,6.5
"2019-09-11 10:00:00","Donnie Brasco",BIOGRAPHY,"Mike Newell",1997,127,12,8.0
"2019-09-11 13:00:00","God's Own Country",DRAMA,"Francis Lee",2017,104,12,7.5
"2019-09-12 10:00:00","Dead Poets Society",COMEDY,"Peter Weir",1989,128,0,8.5
"2019-09-12 13:00:00","La Strada",DRAMA,"Federico Fellini",1954,108,12,7.0
"2019-09-12 15:30:00","Escape from Alcatraz",ACTION,"Don Siegel",1979,112,12,7.5
"2019-09-13 10:30:00","Lethal Weapon",ACTION,"Richard Donner",1987,109,12,7.0
"2019-09-13 13:00:00","La Strada",DRAMA,"Federico Fellini",1954,108,12,6.5
"2019-09-13 15:30:00","The Manchurian Candidate",DRAMA,"John Frankenheimer",1962,126,12,7.5
"2019-09-14 10:00:00","Dead Poets Society",COMEDY,"Peter Weir",1989,128,0,8.5
"2019-09-14 13:00:00","The Exorcist",HORROR,"William Friedkin",1973,122,12,6.5
"2019-09-14 16:00:00","La Strada",DRAMA,"Federico Fellini",1954,108,12,8.0
"2019-09-14 19:00:00","Lethal Weapon",ACTION,"Richard Donner",1987,109,12,9.5
"2019-09-15 10:30:00","The Remains of the Day",DRAMA,"James Ivory",1993,134,0,6.5
"2019-09-15 13:30:00","Lethal Weapon",ACTION,"Richard Donner",1987,109,12,7.0
"2019-09-15 16:00:00","Donnie Brasco",BIOGRAPHY,"Mike Newell",1997,127,12,8.5
"2019-09-16 10:30:00","Dead Poets Society",COMEDY,"Peter Weir",1989,128,0,7.0
"2019-09-16 13:30:00","Le notti di Cabiria",DRAMA,"Federico Fellini",1957,110,12,6.5
"2019-09-16 16:00:00","Donnie Brasco",BIOGRAPHY,"Mike Newell",1997,127,12,6.5
"2019-09-17 10:30:00","Magnolia",DRAMA,"Paul Thomas Anderson",1999,188,16,7.0
"2019-09-17 14:30:00","The Little Mermaid",ANIMATION,"Ron Clements",1989,83,0,8.0
"2019-09-17 16:30:00","Donnie Brasco",BIOGRAPHY,"Mike Newell",1997,127,12,6.5
"2019-09-18 10:30:00","Clerks",COMEDY,"Kevin Smith",1994,92,16,7.0
"2019-09-18 13:00:00","Watership Down",ANIMATION,"Martin Rosen",1978,91,0,7.5
"2019-09-19 10:00:00","Donnie Brasco",BIOGRAPHY,"Mike Newell",1997,127,12,7.5
"2019-09-19 13:00:00","The Circus",COMEDY,"Charles Chaplin",1928,72,12,8.0
"2019-09-19 15:00:00","La Strada",DRAMA,"Federico Fellini",1954,108,12,8.0
"2019-09-20 10:00:00","Unforgiven",DRAMA,"Clint Eastwood",1992,130,12,7.5
"2019-09-21 10:30:00","Donnie Brasco",BIOGRAPHY,"Mike Newell",1997,127,12,7.5
"2019-09-21 13:30:00","Donnie Brasco",BIOGRAPHY,"Mike Newell",1997,127,12,8.0
"2019-09-21 16:30:00","Le notti di Cabiria",DRAMA,"Federico Fellini",1957,110,12,8.5
"2019-09-22 10:30:00","Dead Poets Society",COMEDY,"Peter Weir",1989,128,0,7.0
"2019-09-22 13:30:00","Lethal Weapon",ACTION,"Richard Donner",1987,109,12,7.5
"2019-09-22 16:00:00","Gone with the Wind",DRAMA,"Victor Fleming",1939,238,0,6.5
"2019-09-23 10:00:00","Only the Brave",ACTION,"Joseph Kosinski",2017,134,12,8.0
"2019-09-23 13:00:00","Lethal Weapon",ACTION,"Richard Donner",1987,109,12,8.0
"2019-09-23 16:00:00","Only the Brave",ACTION,"Joseph Kosinski",2017,134,12,7.0
"2019-09-24 10:00:00","Unforgiven",DRAMA,"Clint Eastwood",1992,130,12,8.5
"2019-09-25 10:00:00","Unforgiven",DRAMA,"Clint Eastwood",1992,130,12,8.0
"2019-09-26 10:00:00","Donnie Brasco",BIOGRAPHY,"Mike Newell",1997,127,12,8.5
"2019-09-27 10:30:00","The Manchurian Candidate",DRAMA,"John Frankenheimer",1962,126,12,8.5
"2019-09-27 13:30:00","Dead Poets Society",COMEDY,"Peter Weir",1989,128,0,8.5
"2019-09-28 10:00:00","The Manchurian Candidate",DRAMA,"John Frankenheimer",1962,126,12,7.0
"2019-09-28 13:00:00","Loving Vincent",ANIMATION,"Dorota Kobiela",2017,94,12,6.5
"2019-09-28 15:30:00","The Manchurian Candidate",DRAMA,"John Frankenheimer",1962,126,12,8.5
"2019-09-28 18:30:00","Lethal Weapon",ACTION,"Richard Donner",1987,109,12,8.5
"2019-09-29 10:00:00","2001: A Space Odyssey",ADVENTURE,"Stanley Kubrick",1968,149,0,6.5
"2019-09-29 13:30:00","La Strada",DRAMA,"Federico Fellini",1954,108,12,7.0
"2019-09-29 16:30:00","Gone with the Wind",DRAMA,"Victor Fleming",1939,238,0,6.5
"2019-09-30 10:00:00","2001: A Space Odyssey",ADVENTURE,"Stanley Kubrick",1968,149,0,6.5
"2019-10-01 10:30:00","2001: A Space Odyssey",ADVENTURE,"Stanley Kubrick",1968,149,0,7.5
"2019-10-01 14:00:00","The Manchurian Candidate",DRAMA,"John Frankenheimer",1962,126,12,6.5
"2019-10-02 10:30:00","Reservoir Dogs",CRIME,"Quentin Tarantino",1992,99,16,7.0
"2019-10-02 13:00:00","Clerks",COMEDY,"Kevin Smith",1994,92,16,8.5
"2019-10-03 10:00:00","Stalker",DRAMA,"Andrei Tarkovsky",1979,162,0,6.5
"2019-10-04 10:00:00","Stalker",DRAMA,"Andrei Tarkovsky",1979,162,0,7.0
"2019-10-05 10:30:00","La planète sauvage",ANIMATION,"René Laloux",1973,72,0,6.5
"2019-10-05 12:30:00","Magnolia",DRAMA,"Paul Thomas Anderson",1999,188,16,7.0
"2019-10-05 16:30:00","Clerks",COMEDY,"Kevin Smith",1994,92,16,7.0
"2019-10-06 10:30:00","La planète sauvage",ANIMATION,"René Laloux",1973,72,0,7.0
"2019-10-06 12:30:00","The Circus",COMEDY,"Charles Chaplin",1928,72,12,8.5
"2019-10-06 14:30:00","Magnolia",DRAMA,"Paul Thomas Anderson",1999,188,16,6.5
"2019-10-07 10:00:00","Donnie Brasco",BIOGRAPHY,"Mike Newell",1997,127,12,8.0
"2019-10-08 10:30:00","La double vie de Véronique",DRAMA,"Krzysztof Kieslowski",1991,98,16,8.0
"2019-10-08 13:00:00","La double vie de Véronique",DRAMA,"Krzysztof Kieslowski",1991,98,16,7.5
"2019-10-08 15:30:00","Casino",CRIME,"Martin Scorsese",1995,178,12,6.5
"2019-10-09 10:30:00","Ben-Hur",ADVENTURE,"William Wyler",1959,212,0,8.0
"2019-10-09 15:00:00","On the Waterfront",CRIME,"Elia Kazan",1954,108,12,8.0
"2019-10-10 10:30:00","Inherit the Wind",BIOGRAPHY,"Stanley Kramer",1960,128,12,6.5
"2019-10-10 13:30:00","Clerks",COMEDY,"Kevin Smith",1994,92,16,8.5
"2019-10-11 10:30:00","The Ladykillers",COMEDY,"Alexander Mackendrick",1955,91,12,6.5
"2019-10-11 13:00:00","First Blood",ACTION,"Ted Kotcheff",1982,93,12,6.5
"2019-10-11 15:30:00","First Blood",ACTION,"Ted Kotcheff",1982,93,12,7.0
"2019-10-12 10:00:00","The Ladykillers",COMEDY,"Alexander Mackendrick",1955,91,12,8.0
"2019-10-12 12:30:00","First Blood",ACTION,"Ted Kotcheff",1982,93,12,6.5
"2019-10-12 15:00:00","The Circus",COMEDY,"Charles Chaplin",1928,72,12,8.5
"2019-10-12 17:00:00","The Fifth Element",ACTION,"Luc Besson",1997,126,12,7.5
"2019-10-13 10:30:00","The Manchurian Candidate",DRAMA,"John Frankenheimer",1962,126,12,7.5
"2019-10-13 13:30:00","First Blood",ACTION,"Ted Kotcheff",1982,93,12,6.5
"2019-10-13 16:00:00","La planète sauvage",ANIMATION,"René Laloux",1973,72,0,7.5
"2019-10-14 10:00:00","Magnolia",DRAMA,"Paul Thomas Anderson",1999,188,16,8.0
"2019-10-14 14:00:00","Casino",CRIME,"Martin Scorsese",1995,178,12,6.5
"2019-10-15 10:30:00","La planète sauvage",ANIMATION,"René Laloux",1973,72,0,7.0
"2019-10-15 12:30:00","The Manchurian Candidate",DRAMA,"John Frankenheimer",1962,126,12,8.5
"2019-10-15 15:30:00","Casino",CRIME,"Martin Scorsese",1995,178,12,8.0
"2019-10-16 10:30:00","Il conformista",DRAMA,"Bernardo Bertolucci",1970,113,12,7.5
"2019-10-16 13:00:00","Ben-Hur",ADVENTURE,"William Wyler",1959,212,0,7.5
"2019-10-17 10:00:00","Bound by Honor",CRIME,"Taylor Hackford",1993,180,16,6.5
"2019-10-17 14:00:00","La planète sauvage",ANIMATION,"René Laloux",1973,72,0,8.5
"2019-10-18 10:00:00","Il conformista",DRAMA,"Bernardo Bertolucci",1970,113,12,7.0
"2019-10-19 10:00:00","Naked",COMEDY,"Mike Leigh",1993,132,12,7.5
"2019-10-19 13:00:00","Before Sunrise",DRAMA,"Richard Linklater",1995,101,16,8.0
"2019-10-19 15:30:00","Eskiya",CRIME,"Yavuz Turgul",1996,128,12,8.0
"2019-10-19 18:30:00","The Thin Man",COMEDY,"W.S. Van Dyke",1934,91,12,9.0
"2019-10-20 10:00:00","Eskiya",CRIME,"Yavuz Turgul",1996,128,12,6.5
"2019-10-20 13:00:00","The Thin Man",COMEDY,"W.S. Van Dyke",1934,91,12,7.5
"2019-10-20 15:30:00","The Game",ACTION,"David Fincher",1997,129,12,7.5
"2019-10-20 18:30:00","Ben-Hur",ADVENTURE,"William Wyler",1959,212,0,8.5
"2019-10-21 10:30:00","Before Sunrise",DRAMA,"Richard Linklater",1995,101,16,7.0
"2019-10-21 13:00:00","Inherit the Wind",BIOGRAPHY,"Stanley Kramer",1960,128,12,6.5
"2019-10-22 10:00:00","First Blood",ACTION,"Ted Kotcheff",1982,93,12,7.0
"2019-10-22 12:30:00","First Blood",ACTION,"Ted Kotcheff",1982,93,12,8.0
"2019-10-23 10:30:00","Il conformista",DRAMA,"Bernardo Bertolucci",1970,113,12,6.5
"2019-10-23 13:00:00","Casino",CRIME,"Martin Scorsese",1995,178,12,7.0
"2019-10-24 10:00:00","Bound by Honor",CRIME,"Taylor Hackford",1993,180,16,7.0
"2019-10-25 10:00:00","Ben-Hur",ADVENTURE,"William Wyler",1959,212,0,8.0
"2019-10-26 10:30:00","Casino",CRIME,"Martin Scorsese",1995,178,12,8.5
"2019-10-26 14:30:00","Eskiya",CRIME,"Yavuz Turgul",1996,128,12,8.0
"2019-10-26 17:30:00","Ben-Hur",ADVENTURE,"William Wyler",1959,212,0,7.5
"2019-10-26 22:00:00","The Thin Man",COMEDY,"W.S. Van Dyke",1934,91,12,9.0
"2019-10-27 10:00:00","La double vie de Véronique",DRAMA,"Krzysztof Kieslowski",1991,98,16,7.5
"2019-10-27 12:30:00","Eskiya",CRIME,"Yavuz Turgul",1996,128,12,7.0
"2019-10-27 15:30:00","Magnolia",DRAMA,"Paul Thomas Anderson",1999,188,16,8.5
"2019-10-28 10:30:00","Naked",COMEDY,"Mike Leigh",1993,132,12,7.0
"2019-10-28 13:30:00","The Thin Man",COMEDY,"W.S. Van Dyke",1934,91,12,7.0
"2019-10-29 10:00:00","Chung Hing sam lam",COMEDY,"Kar-Wai Wong",1994,102,0,7.5
"2019-10-30 10:00:00","Sound of Metal",DRAMA,"Darius Marder",2019,120,16,6.5
"2019-10-30 13:00:00","Naked",COMEDY,"Mike Leigh",1993,132,12,7.0
"2019-10-30 16:00:00","Manbiki kazoku",CRIME,"Hirokazu Koreeda",2018,121,12,6.5
"2019-10-31 10:30:00","Il conformista",DRAMA,"Bernardo Bertolucci",1970,113,12,7.5
"2019-10-31 13:30:00","La double vie de Véronique",DRAMA,"Krzysztof Kieslowski",1991,98,16,8.0
"2019-10-31 16:00:00","Bound by Honor",CRIME,"Taylor Hackford",1993,180,16,6.5
"2019-11-01 10:00:00","Before Sunrise",DRAMA,"Richard Linklater",1995,101,16,8.5
"2019-11-02 10:30:00","Before Sunrise",DRAMA,"Richard Linklater",1995,101,16,8.5
"2019-11-02 13:00:00","Ben-Hur",ADVENTURE,"William Wyler",1959,212,0,8.5
"2019-11-02 17:30:00","Sound of Metal",DRAMA,"Darius Marder",2019,120,16,6.5
"2019-11-02 20:30:00","Casino",CRIME,"Martin Scorsese",1995,178,12,9.5
"2019-11-03 10:00:00","Ben-Hur",ADVENTURE,"William Wyler",1959,212,0,6.5
"2019-11-03 14:30:00","Sweet Smell of Success",DRAMA,"Alexander Mackendrick",1957,96,12,8.5
"2019-11-03 17:00:00","First Blood",ACTION,"Ted Kotcheff",1982,93,12,6.5
"2019-11-03 19:30:00","To Be or Not to Be",COMEDY,"Ernst Lubitsch",1942,99,12,10.0
"2019-11-04 10:30:00","Chung Hing sam lam",COMEDY,"Kar-Wai Wong",1994,102,0,6.5
"2019-11-05 10:00:00","On the Waterfront",CRIME,"Elia Kazan",1954,108,12,7.5
"2019-11-05 13:00:00","First Blood",ACTION,"Ted Kotcheff",1982,93,12,8.0
"2019-11-06 10:30:00","Anand",DRAMA,"Hrishikesh Mukherjee",1971,122,0,8.5
"2019-11-06 13:30:00","Naked",COMEDY,"Mike Leigh",1993,132,12,7.5
"2019-11-07 10:00:00","Butch Cassidy and the Sundance Kid",BIOGRAPHY,"George Roy Hill",1969,110,6,7.5
"2019-11-08 10:30:00","The Game",ACTION,"David Fincher",1997,129,12,7.0
"2019-11-09 10:00:00","Ben-Hur",ADVENTURE,"William Wyler",1959,212,0,7.0
"2019-11-09 14:30:00","Sound of Metal",DRAMA,"Darius Marder",2019,120,16,7.5
"2019-11-09 17:00:00","La double vie de Véronique",DRAMA,"Krzysztof Kieslowski",1991,98,16,7.5
"2019-11-09 19:30:00","Butch Cassidy and the Sundance Kid",BIOGRAPHY,"George Roy Hill",1969,110,6,8.5
"2019-11-10 10:30:00","Casino",CRIME,"Martin Scorsese",1995,178,12,8.0
"2019-11-10 14:30:00","La double vie de Véronique",DRAMA,"Krzysztof Kieslowski",1991,98,16,7.5
"2019-11-10 17:00:00","A Night at the Opera",COMEDY,"Sam Wood",1935,96,12,6.5
"2019-11-11 10:30:00","Before Sunrise",DRAMA,"Richard Linklater",1995,101,16,6.5
"2019-11-12 10:30:00","Anand",DRAMA,"Hrishikesh Mukherjee",1971,122,0,8.0
"2019-11-13 10:30:00","Butch Cassidy and the Sundance Kid",BIOGRAPHY,"George Roy Hill",1969,110,6,7.5
"2019-11-13 13:00:00","The Princess Bride",ADVENTURE,"Rob Reiner",1987,98,0,6.5
"2019-11-14 10:00:00","City Lights",COMEDY,"Charles Chaplin",1931,87,0,8.0
"2019-11-14 12:30:00","Avengers: Infinity War",ACTION,"Anthony Russo",2018,149,12,8.0
"2019-11-14 16:00:00","Sound of Metal",DRAMA,"Darius Marder",2019,120,16,8.5
"2019-11-15 10:00:00","Before Sunrise",DRAMA,"Richard Linklater",1995,101,16,8.5
"2019-11-15 12:30:00","Breaking the Waves",DRAMA,"Lars von Trier",1996,159,16,8.0
"2019-11-15 16:00:00","La passion de Jeanne d'Arc",BIOGRAPHY,"Carl Theodor Dreyer",1928,110,12,8.5
"2019-11-16 10:00:00","Breaking the Waves",DRAMA,"Lars von Trier",1996,159,16,6.5
"2019-11-16 13:30:00","The Thin Man",COMEDY,"W.S. Van Dyke",1934,91,12,7.0
"2019-11-16 16:00:00","Fight Club",DRAMA,"David Fincher",1999,139,12,6.5
"2019-11-17 10:30:00","On the Waterfront",CRIME,"Elia Kazan",1954,108,12,8.0
"2019-11-17 13:00:00","Il conformista",DRAMA,"Bernardo Bertolucci",1970,113,12,7.0
"2019-11-17 15:30:00","Batman: Mask of the Phantasm",ANIMATION,"Kevin Altieri",1993,76,6,8.5
"2019-11-17 17:30:00","Naked",COMEDY,"Mike Leigh",1993,132,12,7.0
"2019-11-18 10:30:00","The Princess Bride",ADVENTURE,"Rob Reiner",1987,98,0,7.0
"2019-11-18 13:00:00","Kumonosu-jô",DRAMA,"Akira Kurosawa",1957,110,12,6.5
"2019-11-19 10:00:00","The Thin Man",COMEDY,"W.S. Van Dyke",1934,91,12,7.0
"2019-11-20 10:30:00","Fight Club",DRAMA,"David Fincher",1999,139,12,7.5
"2019-11-20 13:30:00","Sweet Smell of Success",DRAMA,"Alexander Mackendrick",1957,96,12,7.5
"2019-11-21 10:30:00","La passion de Jeanne d'Arc",BIOGRAPHY,"Carl Theodor Dreyer",1928,110,12,8.0
"2019-11-22 10:30:00","Fight Club",DRAMA,"David Fincher",1999,139,12,6.5
"2019-11-22 13:30:00","Kumonosu-jô",DRAMA,"Akira Kurosawa",1957,110,12,7.5
"2019-11-22 16:00:00","The Nightmare Before Christmas",ANIMATION,"Henry Selick",1993,76,0,8.0
"2019-11-23 10:00:00","Mary Poppins",COMEDY,"Robert Stevenson",1964,139,0,6.5
"2019-11-23 13:00:00","The Boondock Saints",ACTION,"Troy Duffy",1999,108,16,6.5
"2019-11-23 16:00:00","La passion de Jeanne d'Arc",BIOGRAPHY,"Carl Theodor Dreyer",1928,110,12,7.0
"2019-11-23 18:30:00","Ben-Hur",ADVENTURE,"William Wyler",1959,212,0,9.5
"2019-11-24 10:00:00","The Princess Bride",ADVENTURE,"Rob Reiner",1987,98,0,7.0
"2019-11-24 12:30:00","The Princess Bride",ADVENTURE,"Rob Reiner",1987,98,0,7.0
"2019-11-24 15:00:00","Gattaca",DRAMA,"Andrew Niccol",1997,106,12,7.0
"2019-11-25 10:00:00","Avengers: Infinity War",ACTION,"Anthony Russo",2018,149,12,7.0
"2019-11-25 13:30:00","Sweet Smell of Success",DRAMA,"Alexander Mackendrick",1957,96,12,6.5
"2019-11-25 16:00:00","Bonnie and Clyde",ACTION,"Arthur Penn",1967,111,12,8.0
"2019-11-26 10:00:00","Gattaca",DRAMA,"Andrew Niccol",1997,106,12,7.5
"2019-11-27 10:30:00","Breaking the Waves",DRAMA,"Lars von Trier",1996,159,16,7.5
"2019-11-27 14:00:00","Mary Poppins",COMEDY,"Robert Stevenson",1964,139,0,7.5
"2019-11-28 10:30:00","Fight Club",DRAMA,"David Fincher",1999,139,12,6.5
"2019-11-28 13:30:00","Home Alone",COMEDY,"Chris Columbus",1990,103,0,7.0
"2019-11-28 16:00:00","The Nightmare Before Christmas",ANIMATION,"Henry Selick",1993,76,0,7.5
"2019-11-29 10:30:00","Breaking the Waves",DRAMA,"Lars von Trier",1996,159,16,7.5
"2019-11-29 14:00:00","Mary Poppins",COMEDY,"Robert Stevenson",1964,139,0,7.5
"2019-11-29 17:30:00","The Nightmare Before Christmas",ANIMATION,"Henry Selick",1993,76,0,7.5
"2019-11-30 10:00:00","Tombstone",ACTION,"George P. Cosmatos",1993,130,16,7.0
"2019-11-30 13:00:00","The Ladykillers",COMEDY,"Alexander Mackendrick",1955,91,12,8.0
"2019-11-30 15:30:00","A Night at the Opera",COMEDY,"Sam Wood",1935,96,12,6.5
"2019-11-30 18:00:00","Tombstone",ACTION,"George P. Cosmatos",1993,130,16,9.0
"2019-12-01 10:30:00","La passion de Jeanne d'Arc",BIOGRAPHY,"Carl Theodor Dreyer",1928,110,12,6.5
"2019-12-01 13:00:00","La passion de Jeanne d'Arc",BIOGRAPHY,"Carl Theodor Dreyer",1928,110,12,6.5
"2019-12-01 15:30:00","Trois couleurs: Rouge",DRAMA,"Krzysztof Kieslowski",1994,99,0,7.0
"2019-12-02 10:30:00","Fight Club",DRAMA,"David Fincher",1999,139,12,7.0
"2019-12-03 10:00:00","The Sixth Sense",DRAMA,"M. Night Shyamalan",1999,107,12,7.0
"2019-12-03 13:00:00","Gattaca",DRAMA,"Andrew Niccol",1997,106,12,8.5
"2019-12-03 15:30:00","Gattaca",DRAMA,"Andrew Niccol",1997,106,12,7.5
"2019-12-04 10:00:00","Home Alone",COMEDY,"Chris Columbus",1990,103,0,8.0
"2019-12-04 12:30:00","Avengers: Infinity War",ACTION,"Anthony Russo",2018,149,12,7.0
"2019-12-04 16:00:00","The Longest Day",ACTION,"Ken Annakin",1962,178,0,8.0
"2019-12-05 10:30:00","American History X",DRAMA,"Tony Kaye",1998,119,16,6.5
"2019-12-05 13:30:00","The Sixth Sense",DRAMA,"M. Night Shyamalan",1999,107,12,7.5
"2019-12-06 10:30:00","Bonnie and Clyde",ACTION,"Arthur Penn",1967,111,12,8.0
"2019-12-07 10:00:00","The Message",BIOGRAPHY,"Moustapha Akkad",1976,177,6,7.5
"2019-12-07 13:30:00","The Nightmare Before Christmas",ANIMATION,"Henry Selick",1993,76,0,7.5
"2019-12-07 15:30:00","The Outlaw Josey Wales",WESTERN,"Clint Eastwood",1976,135,12,8.5
"2019-12-07 18:30:00","Gattaca",DRAMA,"Andrew Niccol",1997,106,12,9.5
"2019-12-08 10:30:00","Trois couleurs: Rouge",DRAMA,"Krzysztof Kieslowski",1994,99,0,7.0
"2019-12-08 13:00:00","Anand",DRAMA,"Hrishikesh Mukherjee",1971,122,0,8.0
"2019-12-08 16:00:00","La passion de Jeanne d'Arc",BIOGRAPHY,"Carl Theodor Dreyer",1928,110,12,8.5
"2019-12-09 10:00:00","Anand",DRAMA,"Hrishikesh Mukherjee",1971,122,0,7.0
"2019-12-09 13:00:00","Zulu",DRAMA,"Cy Endfield",1964,138,0,7.0
"2019-12-09 16:30:00","Breaking the Waves",DRAMA,"Lars von Trier",1996,159,16,8.0
"2019-12-10 10:30:00","Miller's Crossing",CRIME,"Joel Coen",1990,115,16,6.5
"2019-12-11 10:30:00","Home Alone",COMEDY,"Chris Columbus",1990,103,0,8.0
"2019-12-12 10:30:00","The Sixth Sense",DRAMA,"M. Night Shyamalan",1999,107,12,8.0
"2019-12-12 13:30:00","The Boondock Saints",ACTION,"Troy Duffy",1999,108,16,8.5
"2019-12-12 16:30:00","Trois couleurs: Rouge",DRAMA,"Krzysztof Kieslowski",1994,99,0,6.5
"2019-12-13 10:30:00","Fear and Loathing in Las Vegas",ADVENTURE,"Terry Gilliam",1998,118,16,7.5
"2019-12-13 13:30:00","The Nightmare Before Christmas",ANIMATION,"Henry Selick",1993,76,0,6.5
"2019-12-13 15:30:00","The Outlaw Josey Wales",WESTERN,"Clint Eastwood",1976,135,12,6.5
"2019-12-14 10:00:00","Fear and Loathing in Las Vegas",ADVENTURE,"Terry Gilliam",1998,118,16,6.5
"2019-12-14 13:00:00","Avengers: Infinity War",ACTION,"Anthony Russo",2018,149,12,8.5
"2019-12-14 16:30:00","Secrets & Lies",COMEDY,"Mike Leigh",1996,136,0,6.5
"2019-12-14 19:30:00","Zulu",DRAMA,"Cy Endfield",1964,138,0,9.0
"2019-12-15 10:00:00","American History X",DRAMA,"Tony Kaye",1998,119,16,7.0
"2019-12-15 13:00:00","Avengers: Infinity War",ACTION,"Anthony Russo",2018,149,12,6.5
"2019-12-15 16:30:00","The Longest Day",ACTION,"Ken Annakin",1962,178,0,8.0
"2019-12-16 10:00:00","A Few Good Men",DRAMA,"Rob Reiner",1992,138,0,8.5
"2019-12-16 13:00:00","American History X",DRAMA,"Tony Kaye",1998,119,16,7.0
"2019-12-16 16:00:00","Breaking the Waves",DRAMA,"Lars von Trier",1996,159,16,7.5
"2019-12-17 10:30:00","The Magnificent Seven",ACTION,"John Sturges",1960,128,12,7.5
"2019-12-17 13:30:00","Secrets & Lies",COMEDY,"Mike Leigh",1996,136,0,8.5
"2019-12-18 10:30:00","Green Book",BIOGRAPHY,"Peter Farrelly",2018,130,12,7.5
"2019-12-18 13:30:00","Mad Max 2",ACTION,"George Miller",1981,96,12,7.0
"2019-12-19 10:00:00","Tombstone",ACTION,"George P. Cosmatos",1993,130,16,7.0
"2019-12-19 13:00:00","The Princess Bride",ADVENTURE,"Rob Reiner",1987,98,0,7.5
"2019-12-20 10:00:00","The Longest Day",ACTION,"Ken Annakin",1962,178,0,7.5
"2019-12-21 10:00:00","Bringing Up Baby",COMEDY,"Howard Hawks",1938,102,12,8.5
"2019-12-21 12:30:00","Casino",CRIME,"Martin Scorsese",1995,178,12,8.5
"2019-12-21 16:30:00","Casino",CRIME,"Martin Scorsese",1995,178,12,8.5
"2019-12-21 20:30:00","Home Alone",COMEDY,"Chris Columbus",1990,103,0,9.5
"2019-12-22 10:30:00","Secrets & Lies",COMEDY,"Mike Leigh",1996,136,0,7.5
"2019-12-22 14:00:00","Secrets & Lies",COMEDY,"Mike Leigh",1996,136,0,7.0
"2019-12-22 17:30:00","Tombstone",ACTION,"George P. Cosmatos",1993,130,16,7.0
"2019-12-22 20:30:00","Green Book",BIOGRAPHY,"Peter Farrelly",2018,130,12,9.5
"2019-12-23 10:30:00","The Longest Day",ACTION,"Ken Annakin",1962,178,0,8.0
"2019-12-24 10:00:00","Green Book",BIOGRAPHY,"Peter Farrelly",2018,130,12,7.5
"2019-12-24 13:00:00","Lola rennt",CRIME,"Tom Tykwer",1998,81,12,8.0
"2019-12-24 15:00:00","The Sixth Sense",DRAMA,"M. Night Shyamalan",1999,107,12,8.0
"2019-12-25 10:00:00","Green Book",BIOGRAPHY,"Peter Farrelly",2018,130,12,7.0
"2019-12-26 10:00:00","Dom za vesanje",COMEDY,"Emir Kusturica",1988,142,16,7.5
"2019-12-26 13:30:00","Tombstone",ACTION,"George P. Cosmatos",1993,130,16,6.5
"2019-12-27 10:00:00","Gattaca",DRAMA,"Andrew Niccol",1997,106,12,8.5
"2019-12-27 12:30:00","To Kill a Mockingbird",CRIME,"Robert Mulligan",1962,129,0,8.0
"2019-12-28 10:30:00","Tombstone",ACTION,"George P. Cosmatos",1993,130,16,7.5
"2019-12-28 13:30:00","A Night at the Opera",COMEDY,"Sam Wood",1935,96,12,8.0
"2019-12-28 16:00:00","A Few Good Men",DRAMA,"Rob Reiner",1992,138,0,8.0
"2019-12-28 19:00:00","Bonnie and Clyde",ACTION,"Arthur Penn",1967,111,12,9.5
"2019-12-29 10:00:00","Tombstone",ACTION,"George P. Cosmatos",1993,130,16,8.5
"2019-12-29 13:00:00","Zulu",DRAMA,"Cy Endfield",1964,138,0,7.0
"2019-12-29 16:00:00","Ran",ACTION,"Akira Kurosawa",1985,162,0,6.5
"2019-12-29 19:30:00","To Kill a Mockingbird",CRIME,"Robert Mulligan",1962,129,0,9.5
"2019-12-30 10:30:00","A Few Good Men",DRAMA,"Rob Reiner",1992,138,0,6.5
"2019-12-30 13:30:00","Ran",ACTION,"Akira Kurosawa",1985,162,0,8.5
"2019-12-30 17:00:00","Bonnie and Clyde",ACTION,"Arthur Penn",1967,111,12,6.5
"2019-12-31 10:00:00","The Longest Day",ACTION,"Ken Annakin",1962,178,0,8.5
"2019-12-31 14:00:00","Lola rennt",CRIME,"Tom Tykwer",1998,81,12,6.5
"2020-01-01 10:00:00","Zulu",DRAMA,"Cy Endfield",1964,138,0,7.0
"2020-01-01 13:30:00","To Kill a Mockingbird",CRIME,"Robert Mulligan",1962,129,0,6.5
"2020-01-02 10:30:00","Gattaca",DRAMA,"Andrew Niccol",1997,106,12,7.0
"2020-01-02 13:00:00","American History X",DRAMA,"Tony Kaye",1998,119,16,8.0
"2020-01-03 10:30:00","Ran",ACTION,"Akira Kurosawa",1985,162,0,7.5
"2020-01-04 10:30:00","The Outlaw Josey Wales",WESTERN,"Clint Eastwood",1976,135,12,8.0
"2020-01-04 13:30:00","Lola rennt",CRIME,"Tom Tykwer",1998,81,12,8.5
"2020-01-04 16:00:00","Lola rennt",CRIME,"Tom Tykwer",1998,81,12,6.5
"2020-01-05 10:00:00","Ran",ACTION,"Akira Kurosawa",1985,162,0,8.5
"2020-01-05 13:30:00","Ran",ACTION,"Akira Kurosawa",1985,162,0,7.5
"2020-01-05 17:00:00","Withnail & I",COMEDY,"Bruce Robinson",1987,107,16,8.5
"2020-01-05 20:00:00","Bringing Up Baby",COMEDY,"Howard Hawks",1938,102,12,10.0
"2020-01-06 10:30:00","Home Alone",COMEDY,"Chris Columbus",1990,103,0,8.0
"2020-01-06 13:00:00","Avengers: Infinity War",ACTION,"Anthony Russo",2018,149,12,8.0
"2020-01-07 10:30:00","Avengers: Infinity War",ACTION,"Anthony Russo",2018,149,12,7.5
"2020-01-07 13:30:00","A Few Good Men",DRAMA,"Rob Reiner",1992,138,0,8.0
"2020-01-07 16:30:00","To Kill a Mockingbird",CRIME,"Robert Mulligan",1962,129,0,7.0
"2020-01-08 10:30:00","Frankenstein",DRAMA,"James Whale",1931,70,12,8.5
"2020-01-08 12:30:00","Cat on a Hot Tin Roof",DRAMA,"Richard Brooks",1958,108,12,6.5
"2020-01-09 10:30:00","Ford v Ferrari",ACTION,"James Mangold",2019,152,12,7.0
"2020-01-09 14:00:00","Mad Max 2",ACTION,"George Miller",1981,96,12,6.5
"2020-01-09 16:30:00","Casino",CRIME,"Martin Scorsese",1995,178,12,7.5
"2020-01-10 10:00:00","Casino",CRIME,"Martin Scorsese",1995,178,12,8.5
"2020-01-10 14:00:00","Bringing Up Baby",COMEDY,"Howard Hawks",1938,102,12,7.5
"2020-01-11 10:30:00","Zulu",DRAMA,"Cy Endfield",1964,138,0,8.0
"2020-01-11 14:00:00","Mad Max 2",ACTION,"George Miller",1981,96,12,6.5
"2020-01-11 16:30:00","October Sky",BIOGRAPHY,"Joe Johnston",1999,108,6,6.5
"2020-01-11 19:30:00","Mary Poppins",COMEDY,"Robert Stevenson",1964,139,0,9.5
"2020-01-12 10:30:00","Ran",ACTION,"Akira Kurosawa",1985,162,0,7.5
"2020-01-12 14:00:00","Ford v Ferrari",ACTION,"James Mangold",2019,152,12,8.5
"2020-01-12 17:30:00","The Nightmare Before Christmas",ANIMATION,"Henry Selick",1993,76,0,8.0
"2020-01-13 10:30:00","The Longest Day",ACTION,"Ken Annakin",1962,178,0,6.5
"2020-01-13 14:30:00","Lock, Stock and Two Smoking Barrels",ACTION,"Guy Ritchie",1998,107,12,8.0
"2020-01-13 17:00:00","Secrets & Lies",COMEDY,"Mike Leigh",1996,136,0,8.5
"2020-01-14 10:30:00","Mad Max 2",ACTION,"George Miller",1981,96,12,7.0
"2020-01-14 13:00:00","Home Alone",COMEDY,"Chris Columbus",1990,103,0,8.0
"2020-01-15 10:00:00","The Longest Day",ACTION,"Ken Annakin",1962,178,0,6.5
"2020-01-15 14:00:00","Bonnie and Clyde",ACTION,"Arthur Penn",1967,111,12,8.5
"2020-01-15 17:00:00","The Longest Day",ACTION,"Ken Annakin",1962,178,0,8.5
"2020-01-16 10:00:00","Avengers: Infinity War",ACTION,"Anthony Russo",2018,149,12,8.5
"2020-01-17 10:00:00","Secrets & Lies",COMEDY,"Mike Leigh",1996,136,0,8.5
"2020-01-18 10:30:00","Mary Poppins",COMEDY,"Robert Stevenson",1964,139,0,6.5
"2020-01-18 13:30:00","The Matrix",ACTION,"Lana Wachowski",1999,136,12,6.5
"2020-01-18 16:30:00","Ford v Ferrari",ACTION,"James Mangold",2019,152,12,6.5
"2020-01-18 20:00:00","The Matrix",ACTION,"Lana Wachowski",1999,136,12,8.5
"2020-01-19 10:00:00","Zulu",DRAMA,"Cy Endfield",1964,138,0,8.0
"2020-01-19 13:00:00","Green Book",BIOGRAPHY,"Peter Farrelly",2018,130,12,8.0
"2020-01-19 16:00:00","To Kill a Mockingbird",CRIME,"Robert Mulligan",1962,129,0,7.0
"2020-01-20 10:00:00","A Few Good Men",DRAMA,"Rob Reiner",1992,138,0,7.5
"2020-01-21 10:00:00","Lock, Stock and Two Smoking Barrels",ACTION,"Guy Ritchie",1998,107,12,6.5
"2020-01-21 12:30:00","The Little Mermaid",ANIMATION,"Ron Clements",1989,83,0,6.5
"2020-01-21 14:30:00","The Little Mermaid",ANIMATION,"Ron Clements",1989,83,0,7.5
"2020-01-22 10:00:00","Mad Max 2",ACTION,"George Miller",1981,96,12,8.5
"2020-01-23 10:00:00","Casino",CRIME,"Martin Scorsese",1995,178,12,8.5
"2020-01-23 14:00:00","Lawrence of Arabia",ADVENTURE,"David Lean",1962,228,0,8.5
"2020-01-23 18:30:00","Bonnie and Clyde",ACTION,"Arthur Penn",1967,111,12,9.0
"2020-01-24 10:00:00","Bonnie and Clyde",ACTION,"Arthur Penn",1967,111,12,8.0
"2020-01-25 10:00:00","Dom za vesanje",COMEDY,"Emir Kusturica",1988,142,16,7.0
"2020-01-25 13:30:00","Kurenai no buta",ANIMATION,"Hayao Miyazaki",1992,94,0,8.5
"2020-01-25 16:00:00","The Matrix",ACTION,"Lana Wachowski",1999,136,12,7.0
"2020-01-26 10:00:00","The Matrix",ACTION,"Lana Wachowski",1999,136,12,8.0
"2020-01-26 13:00:00","Ran",ACTION,"Akira Kurosawa",1985,162,0,7.0
"2020-01-26 16:30:00","Ford v Ferrari",ACTION,"James Mangold",2019,152,12,8.0
"2020-01-27 10:00:00","The Little Mermaid",ANIMATION,"Ron Clements",1989,83,0,6.5
"2020-01-28 10:00:00","The Matrix",ACTION,"Lana Wachowski",1999,136,12,8.0
"2020-01-28 13:00:00","Frankenstein",DRAMA,"James Whale",1931,70,12,7.5
"2020-01-28 15:00:00","Green Book",BIOGRAPHY,"Peter Farrelly",2018,130,12,6.5
"2020-01-29 10:00:00","Vivre sa vie: Film en douze tableaux",DRAMA,"Jean-Luc Godard",1962,80,12,7.0
"2020-01-29 12:00:00","The Matrix",ACTION,"Lana Wachowski",1999,136,12,6.5
"2020-01-29 15:00:00","Ford v Ferrari",ACTION,"James Mangold",2019,152,12,7.5
"2020-01-30 10:00:00","Frankenstein",DRAMA,"James Whale",1931,70,12,8.0
"2020-01-30 12:00:00","Cat on a Hot Tin Roof",DRAMA,"Richard Brooks",1958,108,12,8.0
"2020-01-30 14:30:00","Les quatre cents coups",CRIME,"François Truffaut",1959,99,12,7.5
"2020-01-31 10:00:00","Dom za vesanje",COMEDY,"Emir Kusturica",1988,142,16,6.5
"2020-01-31 13:00:00","Bonnie and Clyde",ACTION,"Arthur Penn",1967,111,12,7.5
"2020-02-01 10:00:00","Lock, Stock and Two Smoking Barrels",ACTION,"Guy Ritchie",1998,107,12,7.5
"2020-02-01 12:30:00","Bonnie and Clyde",ACTION,"Arthur Penn",1967,111,12,8.0
"2020-02-01 15:00:00","The Matrix",ACTION,"Lana Wachowski",1999,136,12,6.5
"2020-02-02 10:00:00","Bringing Up Baby",COMEDY,"Howard Hawks",1938,102,12,8.5
"2020-02-02 12:30:00","Kurenai no buta",ANIMATION,"Hayao Miyazaki",1992,94,0,7.0
"2020-02-02 15:00:00","Lawrence of Arabia",ADVENTURE,"David Lean",1962,228,0,7.0
"2020-02-02 19:30:00","Il conformista",DRAMA,"Bernardo Bertolucci",1970,113,12,9.5
"2020-02-03 10:30:00","Lock, Stock and Two Smoking Barrels",ACTION,"Guy Ritchie",1998,107,12,8.5
"2020-02-03 13:00:00","Lawrence of Arabia",ADVENTURE,"David Lean",1962,228,0,8.0
"2020-02-03 17:30:00","The Matrix",ACTION,"Lana Wachowski",1999,136,12,6.5
"2020-02-04 10:00:00","Lock, Stock and Two Smoking Barrels",ACTION,"Guy Ritchie",1998,107,12,7.0
"2020-02-05 10:00:00","La dolce vita",COMEDY,"Federico Fellini",1960,174,12,8.0
"2020-02-05 13:30:00","A Clockwork Orange",CRIME,"Stanley Kubrick",1971,136,12,7.5
"2020-02-06 10:00:00","Green Book",BIOGRAPHY,"Peter Farrelly",2018,130,12,7.5
"2020-02-06 13:00:00","Bonnie and Clyde",ACTION,"Arthur Penn",1967,111,12,8.0
"2020-02-07 10:30:00","A Clockwork Orange",CRIME,"Stanley Kubrick",1971,136,12,7.0
"2020-02-07 13:30:00","Cat on a Hot Tin Roof",DRAMA,"Richard Brooks",1958,108,12,8.0
"2020-02-07 16:00:00","Frankenstein",DRAMA,"James Whale",1931,70,12,8.0
"2020-02-08 10:30:00","The Matrix",ACTION,"Lana Wachowski",1999,136,12,6.5
"2020-02-08 13:30:00","Once Upon a Time... in Hollywood",COMEDY,"Quentin Tarantino",2019,161,12,6.5
"2020-02-08 17:00:00","Kurenai no buta",ANIMATION,"Hayao Miyazaki",1992,94,0,8.5
"2020-02-09 10:30:00","Lock, Stock and Two Smoking Barrels",ACTION,"Guy Ritchie",1998,107,12,7.0
"2020-02-09 13:00:00","Lawrence of Arabia",ADVENTURE,"David Lean",1962,228,0,7.0
"2020-02-09 17:30:00","Kurenai no buta",ANIMATION,"Hayao Miyazaki",1992,94,0,8.5
"2020-02-10 10:00:00","The Game",ACTION,"David Fincher",1997,129,12,7.5
"2020-02-10 13:00:00","Bringing Up Baby",COMEDY,"Howard Hawks",1938,102,12,7.0
"2020-02-10 15:30:00","Lawrence of Arabia",ADVENTURE,"David Lean",1962,228,0,7.5
"2020-02-11 10:30:00","Once Upon a Time... in Hollywood",COMEDY,"Quentin Tarantino",2019,161,12,7.0
"2020-02-11 14:00:00","The Little Mermaid",ANIMATION,"Ron Clements",1989,83,0,6.5
"2020-02-12 10:30:00","Badlands",ACTION,"Terrence Malick",1973,94,6,8.0
"2020-02-12 13:00:00","The Adventures of Robin Hood",ACTION,"Michael Curtiz",1938,102,6,8.5
"2020-02-12 15:30:00","Bonnie and Clyde",ACTION,"Arthur Penn",1967,111,12,8.5
"2020-02-13 10:30:00","Il conformista",DRAMA,"Bernardo Bertolucci",1970,113,12,6.5
"2020-02-14 10:00:00","Once Upon a Time... in Hollywood",COMEDY,"Quentin Tarantino",2019,161,12,6.5
"2020-02-14 13:30:00","The Matrix",ACTION,"Lana Wachowski",1999,136,12,7.5
"2020-02-15 10:00:00","The Godfather: Part II",CRIME,"Francis Ford Coppola",1974,202,12,7.0
"2020-02-15 14:30:00","La dolce vita",COMEDY,"Federico Fellini",1960,174,12,8.5
"2020-02-15 18:00:00","Lost Highway",MYSTERY,"David Lynch",1997,134,12,9.0
"2020-02-16 10:30:00","Lost Highway",MYSTERY,"David Lynch",1997,134,12,7.0
"2020-02-16 13:30:00","A Clockwork Orange",CRIME,"Stanley Kubrick",1971,136,12,8.5
"2020-02-16 16:30:00","Kurenai no buta",ANIMATION,"Hayao Miyazaki",1992,94,0,7.0
"2020-02-17 10:30:00","Sweet Smell of Success",DRAMA,"Alexander Mackendrick",1957,96,12,7.5
"2020-02-17 13:00:00","A Bronx Tale",CRIME,"Robert De Niro",1993,121,16,8.0
"2020-02-17 16:00:00","Planes, Trains & Automobiles",COMEDY,"John Hughes",1987,93,0,7.0
"2020-02-18 10:00:00","Il conformista",DRAMA,"Bernardo Bertolucci",1970,113,12,7.5
"2020-02-18 13:00:00","Les quatre cents coups",CRIME,"François Truffaut",1959,99,12,8.0
"2020-02-19 10:30:00","The Godfather: Part II",CRIME,"Francis Ford Coppola",1974,202,12,8.0
"2020-02-20 10:00:00","Kurenai no buta",ANIMATION,"Hayao Miyazaki",1992,94,0,7.0
"2020-02-20 12:30:00","Lost Highway",MYSTERY,"David Lynch",1997,134,12,6.5
"2020-02-21 10:00:00","A Bronx Tale",CRIME,"Robert De Niro",1993,121,16,6.5
"2020-02-21 13:00:00","Groundhog Day",COMEDY,"Harold Ramis",1993,101,0,6.5
"2020-02-21 15:30:00","Les quatre cents coups",CRIME,"François Truffaut",1959,99,12,7.5
"2020-02-22 10:00:00","White Heat",ACTION,"Raoul Walsh",1949,114,12,8.0
"2020-02-22 13:00:00","Braveheart",BIOGRAPHY,"Mel Gibson",1995,178,12,8.0
"2020-02-22 17:00:00","L.A. Confidential",CRIME,"Curtis Hanson",1997,138,12,6.5
"2020-02-23 10:00:00","La vita è bella",COMEDY,"Roberto Benigni",1997,116,0,7.5
"2020-02-23 12:30:00","Braveheart",BIOGRAPHY,"Mel Gibson",1995,178,12,7.5
"2020-02-23 16:30:00","Il conformista",DRAMA,"Bernardo Bertolucci",1970,113,12,7.5
"2020-02-24 10:00:00","Manbiki kazoku",CRIME,"Hirokazu Koreeda",2018,121,12,7.5
"2020-02-25 10:30:00","Braveheart",BIOGRAPHY,"Mel Gibson",1995,178,12,7.5
"2020-02-25 14:30:00","Il conformista",DRAMA,"Bernardo Bertolucci",1970,113,12,8.5
"2020-02-26 10:30:00","La vita è bella",COMEDY,"Roberto Benigni",1997,116,0,7.5
"2020-02-26 13:00:00","The Lion in Winter",BIOGRAPHY,"Anthony Harvey",1968,134,6,7.5
"2020-02-26 16:00:00","Les quatre cents coups",CRIME,"François Truffaut",1959,99,12,7.0
"2020-02-27 10:30:00","Batoru rowaiaru",ACTION,"Kinji Fukasaku",2000,114,12,6.5
"2020-02-28 10:00:00","Bonnie and Clyde",ACTION,"Arthur Penn",1967,111,12,7.0
"2020-02-28 12:30:00","Groundhog Day",COMEDY,"Harold Ramis",1993,101,0,7.5
"2020-02-28 15:00:00","La vita è bella",COMEDY,"Roberto Benigni",1997,116,0,8.0
"2020-02-29 10:00:00","A Clockwork Orange",CRIME,"Stanley Kubrick",1971,136,12,8.0
"2020-02-29 13:00:00","Kagemusha",DRAMA,"Akira Kurosawa",1980,180,0,8.5
"2020-02-29 17:00:00","Dancer in the Dark",CRIME,"Lars von Trier",2000,140,0,8.5
"2020-02-29 20:00:00","Kagemusha",DRAMA,"Akira Kurosawa",1980,180,0,9.0
"2020-03-01 10:30:00","Sweet Smell of Success",DRAMA,"Alexander Mackendrick",1957,96,12,7.5
"2020-03-01 13:00:00","The Manchurian Candidate",DRAMA,"John Frankenheimer",1962,126,12,6.5
"2020-03-01 16:00:00","Once Upon a Time... in Hollywood",COMEDY,"Quentin Tarantino",2019,161,12,7.0
"2020-03-01 19:30:00","A Bronx Tale",CRIME,"Robert De Niro",1993,121,16,10.0
"2020-03-02 10:00:00","Crimes and Misdemeanors",COMEDY,"Woody Allen",1989,104,12,8.5
"2020-03-02 12:30:00","Crimes and Misdemeanors",COMEDY,"Woody Allen",1989,104,12,8.0
"2020-03-02 15:00:00","Sweet Smell of Success",DRAMA,"Alexander Mackendrick",1957,96,12,8.0
"2020-03-03 10:00:00","Vivre sa vie: Film en douze tableaux",DRAMA,"Jean-Luc Godard",1962,80,12,7.0
"2020-03-03 12:00:00","A Clockwork Orange",CRIME,"Stanley Kubrick",1971,136,12,7.5
"2020-03-04 10:00:00","Mr. Smith Goes to Washington",COMEDY,"Frank Capra",1939,129,12,7.5
"2020-03-04 13:00:00","JFK",DRAMA,"Oliver Stone",1991,189,12,8.0
"2020-03-05 10:30:00","Braveheart",BIOGRAPHY,"Mel Gibson",1995,178,12,8.0
"2020-03-06 10:00:00","La battaglia di Algeri",DRAMA,"Gillo Pontecorvo",1966,121,12,6.5
"2020-03-06 13:00:00","JFK",DRAMA,"Oliver Stone",1991,189,12,7.0
"2020-03-06 17:00:00","The Lion in Winter",BIOGRAPHY,"Anthony Harvey",1968,134,6,7.5
"2020-03-07 10:00:00","Batoru rowaiaru",ACTION,"Kinji Fukasaku",2000,114,12,7.5
"2020-03-07 13:00:00","Festen",DRAMA,"Thomas Vinterberg",1998,105,16,7.0
"2020-03-07 15:30:00","La battaglia di Algeri",DRAMA,"Gillo Pontecorvo",1966,121,12,6.5
"2020-03-08 10:30:00","L.A. Confidential",CRIME,"Curtis Hanson",1997,138,12,7.0
"2020-03-08 13:30:00","JFK",DRAMA,"Oliver Stone",1991,189,12,6.5
"2020-03-08 17:30:00","Sweet Smell of Success",DRAMA,"Alexander Mackendrick",1957,96,12,8.0
"2020-03-08 20:00:00","La battaglia di Algeri",DRAMA,"Gillo Pontecorvo",1966,121,12,8.5
"2020-03-09 10:30:00","Kagemusha",DRAMA,"Akira Kurosawa",1980,180,0,7.0
"2020-03-09 14:30:00","The Shop Around the Corner",COMEDY,"Ernst Lubitsch",1940,99,12,8.5
"2020-03-09 17:00:00","Manbiki kazoku",CRIME,"Hirokazu Koreeda",2018,121,12,6.5
"2020-03-10 10:30:00","The Sixth Sense",DRAMA,"M. Night Shyamalan",1999,107,12,7.0
"2020-03-10 13:00:00","JFK",DRAMA,"Oliver Stone",1991,189,12,6.5
"2020-03-10 17:00:00","Mr. Smith Goes to Washington",COMEDY,"Frank Capra",1939,129,12,8.0
"2020-03-11 10:30:00","Kurenai no buta",ANIMATION,"Hayao Miyazaki",1992,94,0,7.5
"2020-03-11 13:00:00","Blade Runner",ACTION,"Ridley Scott",1982,117,12,7.5
"2020-03-11 16:00:00","L.A. Confidential",CRIME,"Curtis Hanson",1997,138,12,7.5
"2020-03-12 10:30:00","Sweet Smell of Success",DRAMA,"Alexander Mackendrick",1957,96,12,7.0
"2020-03-12 13:00:00","JFK",DRAMA,"Oliver Stone",1991,189,12,8.0
"2020-03-12 17:00:00","La battaglia di Algeri",DRAMA,"Gillo Pontecorvo",1966,121,12,6.5
"2020-03-13 10:00:00","Batoru rowaiaru",ACTION,"Kinji Fukasaku",2000,114,12,7.5
"2020-03-13 13:00:00","Blade Runner",ACTION,"Ridley Scott",1982,117,12,7.5
"2020-03-14 10:30:00","Blade Runner",ACTION,"Ridley Scott",1982,117,12,7.5
"2020-03-14 13:30:00","Festen",DRAMA,"Thomas Vinterberg",1998,105,16,7.5
"2020-03-14 16:00:00","Sling Blade",DRAMA,"Billy Bob Thornton",1996,135,16,8.0
"2020-03-15 10:30:00","The Adventures of Robin Hood",ACTION,"Michael Curtiz",1938,102,6,7.0
"2020-03-15 13:00:00","La battaglia di Algeri",DRAMA,"Gillo Pontecorvo",1966,121,12,6.5
"2020-03-15 16:00:00","Festen",DRAMA,"Thomas Vinterberg",1998,105,16,7.0
"2020-03-15 18:30:00","Sweet Smell of Success",DRAMA,"Alexander Mackendrick",1957,96,12,9.5
"2020-03-16 10:00:00","White Heat",ACTION,"Raoul Walsh",1949,114,12,8.0
"2020-03-17 10:00:00","Groundhog Day",COMEDY,"Harold Ramis",1993,101,0,8.0
"2020-03-17 12:30:00","Sling Blade",DRAMA,"Billy Bob Thornton",1996,135,16,7.5
"2020-03-17 15:30:00","The Shop Around the Corner",COMEDY,"Ernst Lubitsch",1940,99,12,7.0
"2020-03-18 10:00:00","Sling Blade",DRAMA,"Billy Bob Thornton",1996,135,16,7.0
"2020-03-18 13:00:00","Festen",DRAMA,"Thomas Vinterberg",1998,105,16,7.5
"2020-03-18 15:30:00","Mr. Smith Goes to Washington",COMEDY,"Frank Capra",1939,129,12,7.5
"2020-03-19 10:30:00","The Lion in Winter",BIOGRAPHY,"Anthony Harvey",1968,134,6,7.5
"2020-03-19 13:30:00","White Heat",ACTION,"Raoul Walsh",1949,114,12,6.5
"2020-03-20 10:30:00","A Bronx Tale",CRIME,"Robert De Niro",1993,121,16,8.0
"2020-03-21 10:30:00","JFK",DRAMA,"Oliver Stone",1991,189,12,8.0
"2020-03-21 14:30:00","Sling Blade",DRAMA,"Billy Bob Thornton",1996,135,16,8.0
"2020-03-21 17:30:00","White Heat",ACTION,"Raoul Walsh",1949,114,12,8.5
"2020-03-21 20:00:00","Groundhog Day",COMEDY,"Harold Ramis",1993,101,0,10.0
"2020-03-22 10:00:00","Sweet Smell of Success",DRAMA,"Alexander Mackendrick",1957,96,12,8.0
"2020-03-22 12:30:00","Blade Runner",ACTION,"Ridley Scott",1982,117,12,7.0
"2020-03-22 15:00:00","Glengarry Glen Ross",CRIME,"James Foley",1992,100,16,8.5
"2020-03-23 10:30:00","Batoru rowaiaru",ACTION,"Kinji Fukasaku",2000,114,12,8.5
"2020-03-23 13:30:00","Mr. Smith Goes to Washington",COMEDY,"Frank Capra",1939,129,12,7.5
"2020-03-24 10:00:00","Kagemusha",DRAMA,"Akira Kurosawa",1980,180,0,6.5
"2020-03-24 14:00:00","JFK",DRAMA,"Oliver Stone",1991,189,12,8.0
"2020-03-24 18:00:00","The Sixth Sense",DRAMA,"M. Night Shyamalan",1999,107,12,10.0
"2020-03-25 10:30:00","The Sixth Sense",DRAMA,"M. Night Shyamalan",1999,107,12,8.5
"2020-03-25 13:00:00","Stagecoach",ADVENTURE,"John Ford",1939,96,12,7.5
"2020-03-25 15:30:00","Sling Blade",DRAMA,"Billy Bob Thornton",1996,135,16,7.0
"2020-03-26 10:30:00","The Shop Around the Corner",COMEDY,"Ernst Lubitsch",1940,99,12,8.5
"2020-03-26 13:00:00","Toy Story",ANIMATION,"John Lasseter",1995,81,0,8.0
"2020-03-27 10:00:00","White Heat",ACTION,"Raoul Walsh",1949,114,12,7.0
"2020-03-28 10:00:00","JFK",DRAMA,"Oliver Stone",1991,189,12,8.0
"2020-03-28 14:00:00","The Lion in Winter",BIOGRAPHY,"Anthony Harvey",1968,134,6,8.0
"2020-03-28 17:00:00","Blade Runner",ACTION,"Ridley Scott",1982,117,12,7.0
"2020-03-28 19:30:00","The Sixth Sense",DRAMA,"M. Night Shyamalan",1999,107,12,9.5
"2020-03-29 10:30:00","Blade Runner",ACTION,"Ridley Scott",1982,117,12,8.5
"2020-03-29 13:00:00","Crimes and Misdemeanors",COMEDY,"Woody Allen",1989,104,12,7.0
"2020-03-29 15:30:00","Annie Hall",COMEDY,"Woody Allen",1977,93,12,8.0
"2020-03-29 18:00:00","Festen",DRAMA,"Thomas Vinterberg",1998,105,16,10.0
"2020-03-30 10:30:00","La vita è bella",COMEDY,"Roberto Benigni",1997,116,0,7.0
"2020-03-31 10:00:00","Sling Blade",DRAMA,"Billy Bob Thornton",1996,135,16,6.5
"2020-03-31 13:00:00","Freaks",DRAMA,"Tod Browning",1932,64,12,8.0
"2020-03-31 15:00:00","The Manchurian Candidate",DRAMA,"John Frankenheimer",1962,126,12,6.5
"2020-04-01 10:00:00","Stagecoach",ADVENTURE,"John Ford",1939,96,12,6.5
"2020-04-02 10:30:00","The Lion in Winter",BIOGRAPHY,"Anthony Harvey",1968,134,6,7.0
"2020-04-02 13:30:00","Freaks",DRAMA,"Tod Browning",1932,64,12,6.5
"2020-04-03 10:00:00","The Man Who Shot Liberty Valance",DRAMA,"John Ford",1962,123,12,8.0
"2020-04-03 13:00:00","JFK",DRAMA,"Oliver Stone",1991,189,12,8.0
"2020-04-03 17:00:00","JFK",DRAMA,"Oliver Stone",1991,189,12,6.5
"2020-04-04 10:00:00","Double Indemnity",CRIME,"Billy Wilder",1944,107,12,7.5
"2020-04-04 13:00:00","Solaris",DRAMA,"Andrei Tarkovsky",1972,167,6,6.5
"2020-04-04 16:30:00","White Heat",ACTION,"Raoul Walsh",1949,114,12,7.5
"2020-04-04 19:30:00","The Ten Commandments",ADVENTURE,"Cecil B. DeMille",1956,220,0,10.0
"2020-04-05 10:30:00","The French Connection",ACTION,"William Friedkin",1971,104,12,6.5
"2020-04-05 13:00:00","Trois couleurs: Rouge",DRAMA,"Krzysztof Kieslowski",1994,99,0,6.5
"2020-04-05 15:30:00","Batoru rowaiaru",ACTION,"Kinji Fukasaku",2000,114,12,7.0
"2020-04-05 18:30:00","Home Alone",COMEDY,"Chris Columbus",1990,103,0,9.5
"2020-04-06 10:00:00","Festen",DRAMA,"Thomas Vinterberg",1998,105,16,8.5
"2020-04-06 12:30:00","Annie Hall",COMEDY,"Woody Allen",1977,93,12,7.0
"2020-04-07 10:00:00","Festen",DRAMA,"Thomas Vinterberg",1998,105,16,8.5
"2020-04-08 10:30:00","Mr. Smith Goes to Washington",COMEDY,"Frank Capra",1939,129,12,8.0
"2020-04-09 10:00:00","Amarcord",COMEDY,"Federico Fellini",1973,123,16,7.0
"2020-04-09 13:00:00","Metropolis",DRAMA,"Fritz Lang",1927,153,12,8.5
"2020-04-09 16:30:00","Double Indemnity",CRIME,"Billy Wilder",1944,107,12,7.0
"2020-04-10 10:30:00","Amarcord",COMEDY,"Federico Fellini",1973,123,16,8.0
"2020-04-10 13:30:00","Metropolis",DRAMA,"Fritz Lang",1927,153,12,7.5
"2020-04-10 17:00:00","Double Indemnity",CRIME,"Billy Wilder",1944,107,12,7.5
"2020-04-11 10:30:00","Double Indemnity",CRIME,"Billy Wilder",1944,107,12,6.5
"2020-04-11 13:00:00","Dead Man",ADVENTURE,"Jim Jarmusch",1995,121,16,7.5
"2020-04-11 16:00:00","Annie Hall",COMEDY,"Woody Allen",1977,93,12,7.5
"2020-04-12 10:00:00","Rupan sansei: Kariosutoro no shiro",ANIMATION,"Hayao Miyazaki",1979,100,0,7.0
"2020-04-12 12:30:00","Batoru rowaiaru",ACTION,"Kinji Fukasaku",2000,114,12,8.5
"2020-04-12 15:30:00","The Man Who Shot Liberty Valance",DRAMA,"John Ford",1962,123,12,6.5
"2020-04-12 18:30:00","Blade Runner",ACTION,"Ridley Scott",1982,117,12,8.5
"2020-04-13 10:30:00","Manbiki kazoku",CRIME,"Hirokazu Koreeda",2018,121,12,8.5
"2020-04-13 13:30:00","The French Connection",ACTION,"William Friedkin",1971,104,12,7.5
"2020-04-14 10:00:00","Kagemusha",DRAMA,"Akira Kurosawa",1980,180,0,8.5
"2020-04-15 10:30:00","The Ten Commandments",ADVENTURE,"Cecil B. DeMille",1956,220,0,7.0
"2020-04-15 15:00:00","Crimes and Misdemeanors",COMEDY,"Woody Allen",1989,104,12,8.5
"2020-04-15 17:30:00","Dead Man",ADVENTURE,"Jim Jarmusch",1995,121,16,8.5
"2020-04-16 10:30:00","Dead Man",ADVENTURE,"Jim Jarmusch",1995,121,16,8.5
"2020-04-16 13:30:00","The Manchurian Candidate",DRAMA,"John Frankenheimer",1962,126,12,6.5
"2020-04-17 10:30:00","Blade Runner",ACTION,"Ridley Scott",1982,117,12,7.5
"2020-04-18 10:00:00","The Manchurian Candidate",DRAMA,"John Frankenheimer",1962,126,12,8.5
"2020-04-18 13:00:00","Home Alone",COMEDY,"Chris Columbus",1990,103,0,6.5
"2020-04-18 15:30:00","Freaks",DRAMA,"Tod Browning",1932,64,12,8.5
"2020-04-18 17:30:00","Double Indemnity",CRIME,"Billy Wilder",1944,107,12,7.0
"2020-04-19 10:00:00","The French Connection",ACTION,"William Friedkin",1971,104,12,7.0
"2020-04-19 12:30:00","Double Indemnity",CRIME,"Billy Wilder",1944,107,12,8.5
"2020-04-19 15:00:00","The Man Who Shot Liberty Valance",DRAMA,"John Ford",1962,123,12,8.0
"2020-04-19 18:00:00","Metropolis",DRAMA,"Fritz Lang",1927,153,12,10.0
"2020-04-20 10:30:00","Crimes and Misdemeanors",COMEDY,"Woody Allen",1989,104,12,8.5
"2020-04-20 13:00:00","JFK",DRAMA,"Oliver Stone",1991,189,12,7.5
"2020-04-20 17:00:00","Festen",DRAMA,"Thomas Vinterberg",1998,105,16,6.5
"2020-04-21 10:30:00","The Man Who Shot Liberty Valance",DRAMA,"John Ford",1962,123,12,7.5
"2020-04-21 13:30:00","Freaks",DRAMA,"Tod Browning",1932,64,12,7.0
"2020-04-21 15:30:00","Stagecoach",ADVENTURE,"John Ford",1939,96,12,8.0
"2020-04-22 10:30:00","Manbiki kazoku",CRIME,"Hirokazu Koreeda",2018,121,12,7.5
"2020-04-23 10:30:00","Die Hard: With a Vengeance",ACTION,"John McTiernan",1995,128,12,7.5
"2020-04-23 13:30:00","Solaris",DRAMA,"Andrei Tarkovsky",1972,167,6,6.5
"2020-04-24 10:00:00","Rupan sansei: Kariosutoro no shiro",ANIMATION,"Hayao Miyazaki",1979,100,0,7.5
"2020-04-25 10:00:00","Freaks",DRAMA,"Tod Browning",1932,64,12,8.5
"2020-04-25 12:00:00","Toy Story",ANIMATION,"John Lasseter",1995,81,0,7.0
"2020-04-25 14:30:00","The Manchurian Candidate",DRAMA,"John Frankenheimer",1962,126,12,6.5
"2020-04-25 17:30:00","O Brother, Where Art Thou?",ADVENTURE,"Joel Coen",2000,107,0,8.5
"2020-04-26 10:00:00","Home Alone",COMEDY,"Chris Columbus",1990,103,0,8.0
"2020-04-26 12:30:00","The Man Who Shot Liberty Valance",DRAMA,"John Ford",1962,123,12,6.5
"2020-04-26 15:30:00","Breaking the Waves",DRAMA,"Lars von Trier",1996,159,16,7.0
"2020-04-27 10:00:00","Die Hard: With a Vengeance",ACTION,"John McTiernan",1995,128,12,6.5
"2020-04-27 13:00:00","Rosemary's Baby",DRAMA,"Roman Polanski",1968,137,12,7.5
"2020-04-27 16:00:00","Double Indemnity",CRIME,"Billy Wilder",1944,107,12,8.0
"2020-04-28 10:30:00","Festen",DRAMA,"Thomas Vinterberg",1998,105,16,8.5
"2020-04-29 10:00:00","Rosemary's Baby",DRAMA,"Roman Polanski",1968,137,12,8.0
"2020-04-30 10:00:00","Die Hard: With a Vengeance",ACTION,"John McTiernan",1995,128,12,7.0
"2020-04-30 13:00:00","Breaking the Waves",DRAMA,"Lars von Trier",1996,159,16,7.5
"2020-05-01 10:30:00","Double Indemnity",CRIME,"Billy Wilder",1944,107,12,8.5
"2020-05-01 13:00:00","Freaks",DRAMA,"Tod Browning",1932,64,12,8.0
"2020-05-01 15:00:00","La double vie de Véronique",DRAMA,"Krzysztof Kieslowski",1991,98,16,8.0
"2020-05-02 10:00:00","O Brother, Where Art Thou?",ADVENTURE,"Joel Coen",2000,107,0,7.5
"2020-05-02 12:30:00","O Brother, Where Art Thou?",ADVENTURE,"Joel Coen",2000,107,0,7.5
"2020-05-02 15:30:00","Home Alone",COMEDY,"Chris Columbus",1990,103,0,8.5
"2020-05-03 10:30:00","Annie Hall",COMEDY,"Woody Allen",1977,93,12,6.5
"2020-05-03 13:00:00","Rupan sansei: Kariosutoro no shiro",ANIMATION,"Hayao Miyazaki",1979,100,0,8.5
"2020-05-03 15:30:00","Metropolis",DRAMA,"Fritz Lang",1927,153,12,7.0
"2020-05-04 10:00:00","Die Hard: With a Vengeance",ACTION,"John McTiernan",1995,128,12,7.5
"2020-05-05 10:30:00","Home Alone",COMEDY,"Chris Columbus",1990,103,0,7.5
"2020-05-05 13:00:00","La double vie de Véronique",DRAMA,"Krzysztof Kieslowski",1991,98,16,8.0
"2020-05-06 10:30:00","Fanny och Alexander",DRAMA,"Ingmar Bergman",1982,188,12,6.5
"2020-05-07 10:00:00","Crimes and Misdemeanors",COMEDY,"Woody Allen",1989,104,12,6.5
"2020-05-07 12:30:00","The Ten Commandments",ADVENTURE,"Cecil B. DeMille",1956,220,0,7.0
"2020-05-08 10:30:00","The Manchurian Candidate",DRAMA,"John Frankenheimer",1962,126,12,6.5
"2020-05-08 13:30:00","Rosemary's Baby",DRAMA,"Roman Polanski",1968,137,12,8.5
"2020-05-09 10:00:00","Rosemary's Baby",DRAMA,"Roman Polanski",1968,137,12,8.5
"2020-05-09 13:00:00","Die Hard: With a Vengeance",ACTION,"John McTiernan",1995,128,12,8.0
"2020-05-09 16:00:00","Modern Times",COMEDY,"Charles Chaplin",1936,87,0,8.5
"2020-05-09 18:00:00","Freaks",DRAMA,"Tod Browning",1932,64,12,9.5
"2020-05-10 10:00:00","Sanjuro",ACTION,"Akira Kurosawa",1962,96,0,8.5
"2020-05-10 12:30:00","Metropolis",DRAMA,"Fritz Lang",1927,153,12,8.5
"2020-05-10 16:00:00","Titanic",DRAMA,"James Cameron",1997,194,12,7.0
"2020-05-10 20:00:00","The Invisible Man",HORROR,"James Whale",1933,71,12,8.5
"2020-05-11 10:00:00","Sanjuro",ACTION,"Akira Kurosawa",1962,96,0,8.0
"2020-05-12 10:30:00","Fanny och Alexander",DRAMA,"Ingmar Bergman",1982,188,12,8.0
"2020-05-13 10:30:00","Ferris Bueller's Day Off",COMEDY,"John Hughes",1986,103,0,8.0
"2020-05-13 13:00:00","Who Framed Roger Rabbit",ANIMATION,"Robert Zemeckis",1988,104,0,7.5
"2020-05-13 15:30:00","Modern Times",COMEDY,"Charles Chaplin",1936,87,0,8.5
"2020-05-14 10:30:00","Dil Bechara",COMEDY,"Mukesh Chhabra",2020,101,12,8.5
"2020-05-14 13:00:00","American History X",DRAMA,"Tony Kaye",1998,119,16,7.0
"2020-05-14 16:00:00","Rosemary's Baby",DRAMA,"Roman Polanski",1968,137,12,6.5
"2020-05-15 10:30:00","La double vie de Véronique",DRAMA,"Krzysztof Kieslowski",1991,98,16,7.5
"2020-05-15 13:00:00","Double Indemnity",CRIME,"Billy Wilder",1944,107,12,8.0
"2020-05-16 10:00:00","Dil Bechara",COMEDY,"Mukesh Chhabra",2020,101,12,7.5
"2020-05-16 12:30:00","Le dîner de cons",COMEDY,"Francis Veber",1998,80,12,8.0
"2020-05-16 14:30:00","Young Frankenstein",COMEDY,"Mel Brooks",1974,106,12,8.0
"2020-05-17 10:00:00","Breaking the Waves",DRAMA,"Lars von Trier",1996,159,16,7.5
"2020-05-17 13:30:00","American History X",DRAMA,"Tony Kaye",1998,119,16,7.0
"2020-05-17 16:30:00","La règle du jeu",COMEDY,"Jean Renoir",1939,110,12,7.0
"2020-05-18 10:00:00","The French Connection",ACTION,"William Friedkin",1971,104,12,7.0
"2020-05-19 10:00:00","Breaking the Waves",DRAMA,"Lars von Trier",1996,159,16,8.5
"2020-05-19 13:30:00","La double vie de Véronique",DRAMA,"Krzysztof Kieslowski",1991,98,16,7.5
"2020-05-19 16:00:00","The Manchurian Candidate",DRAMA,"John Frankenheimer",1962,126,12,6.5
"2020-05-20 10:30:00","Breaking the Waves",DRAMA,"Lars von Trier",1996,159,16,8.5
"2020-05-20 14:00:00","Ferris Bueller's Day Off",COMEDY,"John Hughes",1986,103,0,8.5
"2020-05-21 10:00:00","The Ten Commandments",ADVENTURE,"Cecil B. DeMille",1956,220,0,8.5
"2020-05-21 14:30:00","Hera Pheri",ACTION,"Priyadarshan",2000,156,0,8.5
"2020-05-21 18:00:00","Rosemary's Baby",DRAMA,"Roman Polanski",1968,137,12,9.5
"2020-05-22 10:30:00","Double Indemnity",CRIME,"Billy Wilder",1944,107,12,7.0
"2020-05-22 13:00:00","Sanjuro",ACTION,"Akira Kurosawa",1962,96,0,8.0
"2020-05-23 10:30:00","Hera Pheri",ACTION,"Priyadarshan",2000,156,0,8.5
"2020-05-23 14:00:00","Der Name der Rose",CRIME,"Jean-Jacques Annaud",1986,130,16,8.0
"2020-05-23 17:00:00","Titanic",DRAMA,"James Cameron",1997,194,12,8.5
"2020-05-24 10:30:00","Portrait de la jeune fille en feu",DRAMA,"Céline Sciamma",2019,122,16,6.5
"2020-05-24 13:30:00","Rosemary's Baby",DRAMA,"Roman Polanski",1968,137,12,7.5
"2020-05-24 16:30:00","Modern Times",COMEDY,"Charles Chaplin",1936,87,0,7.5
"2020-05-24 19:00:00","Fanny och Alexander",DRAMA,"Ingmar Bergman",1982,188,12,8.5
"2020-05-25 10:00:00","Rosemary's Baby",DRAMA,"Roman Polanski",1968,137,12,8.5
"2020-05-26 10:00:00","American History X",DRAMA,"Tony Kaye",1998,119,16,8.0
"2020-05-26 12:30:00","Ferris Bueller's Day Off",COMEDY,"John Hughes",1986,103,0,7.0
"2020-05-26 15:00:00","Titanic",DRAMA,"James Cameron",1997,194,12,8.0
"2020-05-27 10:30:00","Arsenic and Old Lace",COMEDY,"Frank Capra",1942,118,12,8.0
"2020-05-27 13:30:00","City Lights",COMEDY,"Charles Chaplin",1931,87,0,6.5
"2020-05-27 16:00:00","American History X",DRAMA,"Tony Kaye",1998,119,16,7.0
"2020-05-28 10:30:00","Ferris Bueller's Day Off",COMEDY,"John Hughes",1986,103,0,7.0
"2020-05-29 10:30:00","Fanny och Alexander",DRAMA,"Ingmar Bergman",1982,188,12,8.0
"2020-05-29 14:30:00","Sanjuro",ACTION,"Akira Kurosawa",1962,96,0,8.5
"2020-05-29 17:00:00","Portrait de la jeune fille en feu",DRAMA,"Céline Sciamma",2019,122,16,7.5
"2020-05-30 10:30:00","Andhadhun",CRIME,"Sriram Raghavan",2018,139,12,7.0
"2020-05-30 13:30:00","The Thin Red Line",DRAMA,"Terrence Malick",1998,170,12,7.5
"2020-05-30 17:00:00","Who Framed Roger Rabbit",ANIMATION,"Robert Zemeckis",1988,104,0,7.5
"2020-05-31 10:30:00","O Brother, Where Art Thou?",ADVENTURE,"Joel Coen",2000,107,0,7.5
"2020-05-31 13:00:00","The Matrix",ACTION,"Lana Wachowski",1999,136,12,6.5
"2020-05-31 16:00:00","O Brother, Where Art Thou?",ADVENTURE,"Joel Coen",2000,107,0,7.0
"2020-06-01 10:00:00","Ed Wood",BIOGRAPHY,"Tim Burton",1994,127,0,6.5
"2020-06-01 13:00:00","Hera Pheri",ACTION,"Priyadarshan",2000,156,0,7.0
"2020-06-02 10:00:00","Inherit the Wind",BIOGRAPHY,"Stanley Kramer",1960,128,12,6.5
"2020-06-03 10:00:00","The Matrix",ACTION,"Lana Wachowski",1999,136,12,8.5
"2020-06-03 13:00:00","Who Framed Roger Rabbit",ANIMATION,"Robert Zemeckis",1988,104,0,6.5
"2020-06-03 15:30:00","American History X",DRAMA,"Tony Kaye",1998,119,16,6.5
"2020-06-04 10:30:00","American History X",DRAMA,"Tony Kaye",1998,119,16,7.5
"2020-06-04 13:00:00","Breakfast at Tiffany's",COMEDY,"Blake Edwards",1961,115,12,7.5
"2020-06-05 10:30:00","Inherit the Wind",BIOGRAPHY,"Stanley Kramer",1960,128,12,7.5
"2020-06-05 13:30:00","Der Name der Rose",CRIME,"Jean-Jacques Annaud",1986,130,16,7.5
"2020-06-05 16:30:00","Ferris Bueller's Day Off",COMEDY,"John Hughes",1986,103,0,7.5
"2020-06-06 10:30:00","Inherit the Wind",BIOGRAPHY,"Stanley Kramer",1960,128,12,8.5
"2020-06-06 13:30:00","Life of Brian",COMEDY,"Terry Jones",1979,94,16,6.5
"2020-06-06 16:00:00","Freaks",DRAMA,"Tod Browning",1932,64,12,7.0
"2020-06-07 10:00:00","Inherit the Wind",BIOGRAPHY,"Stanley Kramer",1960,128,12,6.5
"2020-06-07 13:00:00","Der Name der Rose",CRIME,"Jean-Jacques Annaud",1986,130,16,7.5
"2020-06-07 16:00:00","Breakfast at Tiffany's",COMEDY,"Blake Edwards",1961,115,12,7.0
"2020-06-07 19:00:00","City Lights",COMEDY,"Charles Chaplin",1931,87,0,8.5
"2020-06-08 10:30:00","The Matrix",ACTION,"Lana Wachowski",1999,136,12,7.0
"2020-06-09 10:30:00","Life of Brian",COMEDY,"Terry Jones",1979,94,16,8.5
"2020-06-09 13:00:00","Titanic",DRAMA,"James Cameron",1997,194,12,8.5
"2020-06-10 10:00:00","Bringing Up Baby",COMEDY,"Howard Hawks",1938,102,12,8.0
"2020-06-10 12:30:00","Dances with Wolves",ADVENTURE,"Kevin Costner",1990,181,0,8.0
"2020-06-11 10:00:00","Bringing Up Baby",COMEDY,"Howard Hawks",1938,102,12,7.5
"2020-06-11 12:30:00","Freaks",DRAMA,"Tod Browning",1932,64,12,8.5
"2020-06-11 14:30:00","Andhadhun",CRIME,"Sriram Raghavan",2018,139,12,6.5
"2020-06-12 10:30:00","Breakfast at Tiffany's",COMEDY,"Blake Edwards",1961,115,12,6.5
"2020-06-13 10:30:00","Bringing Up Baby",COMEDY,"Howard Hawks",1938,102,12,8.5
"2020-06-13 13:00:00","Der Name der Rose",CRIME,"Jean-Jacques Annaud",1986,130,16,6.5
"2020-06-13 16:00:00","Billy Elliot",DRAMA,"Stephen Daldry",2000,110,16,8.0
"2020-06-14 10:30:00","Gandhi",BIOGRAPHY,"Richard Attenborough",1982,191,0,8.0
"2020-06-14 14:30:00","Bride of Frankenstein",DRAMA,"James Whale",1935,75,12,8.5
"2020-06-14 16:30:00","Life of Brian",COMEDY,"Terry Jones",1979,94,16,7.5
"2020-06-15 10:30:00","Gladiator",ACTION,"Ridley Scott",2000,155,12,8.0
"2020-06-15 14:00:00","The Gentlemen",ACTION,"Guy Ritchie",2019,113,12,8.0
"2020-06-15 16:30:00","Gandhi",BIOGRAPHY,"Richard Attenborough",1982,191,0,6.5
"2020-06-16 10:00:00","Billy Elliot",DRAMA,"Stephen Daldry",2000,110,16,7.5
"2020-06-16 12:30:00","Charade",COMEDY,"Stanley Donen",1963,113,0,7.5
"2020-06-16 15:00:00","Ed Wood",BIOGRAPHY,"Tim Burton",1994,127,0,7.0
"2020-06-17 10:30:00","Life of Brian",COMEDY,"Terry Jones",1979,94,16,7.5
"2020-06-17 13:00:00","Bride of Frankenstein",DRAMA,"James Whale",1935,75,12,8.5
"2020-06-17 15:00:00","Titanic",DRAMA,"James Cameron",1997,194,12,8.0
"2020-06-18 10:00:00","Who Framed Roger Rabbit",ANIMATION,"Robert Zemeckis",1988,104,0,8.5
"2020-06-19 10:00:00","Andhadhun",CRIME,"Sriram Raghavan",2018,139,12,7.0
"2020-06-20 10:00:00","Dil Bechara",COMEDY,"Mukesh Chhabra",2020,101,12,6.5
"2020-06-20 12:30:00","The Matrix",ACTION,"Lana Wachowski",1999,136,12,7.0
"2020-06-20 15:30:00","Green Book",BIOGRAPHY,"Peter Farrelly",2018,130,12,7.0
"2020-06-21 10:00:00","Inherit the Wind",BIOGRAPHY,"Stanley Kramer",1960,128,12,8.0
"2020-06-21 13:00:00","October Sky",BIOGRAPHY,"Joe Johnston",1999,108,6,6.5
"2020-06-21 15:30:00","The Thin Red Line",DRAMA,"Terrence Malick",1998,170,12,8.0
"2020-06-22 10:30:00","Hera Pheri",ACTION,"Priyadarshan",2000,156,0,7.5
"2020-06-22 14:00:00","Green Book",BIOGRAPHY,"Peter Farrelly",2018,130,12,7.5
"2020-06-23 10:30:00","Ferris Bueller's Day Off",COMEDY,"John Hughes",1986,103,0,6.5
"2020-06-23 13:00:00","Gladiator",ACTION,"Ridley Scott",2000,155,12,8.5
"2020-06-23 16:30:00","Jurassic Park",ACTION,"Steven Spielberg",1993,127,12,6.5
"2020-06-24 10:30:00","Jurassic Park",ACTION,"Steven Spielberg",1993,127,12,7.0
"2020-06-25 10:00:00","Bride of Frankenstein",DRAMA,"James Whale",1935,75,12,8.0
"2020-06-26 10:30:00","The Red Shoes",DRAMA,"Michael Powell",1948,135,12,6.5
"2020-06-26 13:30:00","Bringing Up Baby",COMEDY,"Howard Hawks",1938,102,12,8.0
"2020-06-27 10:30:00","Jurassic Park",ACTION,"Steven Spielberg",1993,127,12,8.0
"2020-06-27 13:30:00","Billy Elliot",DRAMA,"Stephen Daldry",2000,110,16,7.5
"2020-06-27 16:30:00","Gandhi",BIOGRAPHY,"Richard Attenborough",1982,191,0,8.5
"2020-06-28 10:00:00","Freaks",DRAMA,"Tod Browning",1932,64,12,7.0
"2020-06-28 12:00:00","Life of Brian",COMEDY,"Terry Jones",1979,94,16,7.5
"2020-06-28 14:30:00","October Sky",BIOGRAPHY,"Joe Johnston",1999,108,6,7.5
"2020-06-28 17:00:00","October Sky",BIOGRAPHY,"Joe Johnston",1999,108,6,8.0
"2020-06-29 10:30:00","Gladiator",ACTION,"Ridley Scott",2000,155,12,6.5
"2020-06-30 10:30:00","Bringing Up Baby",COMEDY,"Howard Hawks",1938,102,12,6.5
"2020-06-30 13:00:00","Home Alone",COMEDY,"Chris Columbus",1990,103,0,8.5
"2020-07-01 10:00:00","Ba wang bie ji",DRAMA,"Kaige Chen",1993,171,16,6.5
"2020-07-01 14:00:00","The Matrix",ACTION,"Lana Wachowski",1999,136,12,7.5
"2020-07-02 10:30:00","The Gentlemen",ACTION,"Guy Ritchie",2019,113,12,8.0
"2020-07-02 13:00:00","Harvey",COMEDY,"Henry Koster",1950,104,12,7.5
"2020-07-03 10:30:00","Harold and Maude",COMEDY,"Hal Ashby",1971,91,6,7.5
"2020-07-03 13:00:00","Arsenic and Old Lace",COMEDY,"Frank Capra",1942,118,12,7.0
"2020-07-04 10:30:00","Der Name der Rose",CRIME,"Jean-Jacques Annaud",1986,130,16,7.0
"2020-07-04 13:30:00","Jurassic Park",ACTION,"Steven Spielberg",1993,127,12,7.5
"2020-07-04 16:30:00","October Sky",BIOGRAPHY,"Joe Johnston",1999,108,6,7.5
"2020-07-04 19:00:00","October Sky",BIOGRAPHY,"Joe Johnston",1999,108,6,8.5
"2020-07-05 10:30:00","Home Alone",COMEDY,"Chris Columbus",1990,103,0,7.5
"2020-07-05 13:00:00","October Sky",BIOGRAPHY,"Joe Johnston",1999,108,6,8.0
"2020-07-05 15:30:00","Ferris Bueller's Day Off",COMEDY,"John Hughes",1986,103,0,7.0
"2020-07-05 18:00:00","Home Alone",COMEDY,"Chris Columbus",1990,103,0,10.0
"2020-07-06 10:00:00","Dances with Wolves",ADVENTURE,"Kevin Costner",1990,181,0,8.5
"2020-07-06 14:00:00","Bride of Frankenstein",DRAMA,"James Whale",1935,75,12,7.5
"2020-07-06 16:00:00","Gladiator",ACTION,"Ridley Scott",2000,155,12,8.0
"2020-07-07 10:00:00","The Day the Earth Stood Still",DRAMA,"Robert Wise",1951,92,0,8.0
"2020-07-08 10:30:00","Harold and Maude",COMEDY,"Hal Ashby",1971,91,6,8.5
"2020-07-08 13:00:00","Knives Out",COMEDY,"Rian Johnson",2019,130,12,8.5
"2020-07-08 16:00:00","Vivre sa vie: Film en douze tableaux",DRAMA,"Jean-Luc Godard",1962,80,12,8.5
"2020-07-09 10:00:00","Harvey",COMEDY,"Henry Koster",1950,104,12,7.5
"2020-07-10 10:00:00","Life of Brian",COMEDY,"Terry Jones",1979,94,16,8.0
"2020-07-10 12:30:00","Charade",COMEDY,"Stanley Donen",1963,113,0,8.0
"2020-07-10 15:30:00","Il postino",BIOGRAPHY,"Michael Radford",1994,108,0,7.0
"2020-07-11 10:30:00","Bride of Frankenstein",DRAMA,"James Whale",1935,75,12,8.0
"2020-07-11 12:30:00","The Naked Gun: From the Files of Police Squad!",COMEDY,"David Zucker",1988,85,0,7.5
"2020-07-11 15:00:00","Harvey",COMEDY,"Henry Koster",1950,104,12,7.5
"2020-07-11 17:30:00","Home Alone",COMEDY,"Chris Columbus",1990,103,0,8.0
"2020-07-12 10:30:00","Spoorloos",MYSTERY,"George Sluizer",1988,107,12,7.5
"2020-07-12 13:00:00","Scarface: The Shame of the Nation",ACTION,"Howard Hawks",1932,93,6,7.5
"2020-07-12 15:30:00","The Gentlemen",ACTION,"Guy Ritchie",2019,113,12,7.5
"2020-07-12 18:00:00","Life of Brian",COMEDY,"Terry Jones",1979,94,16,9.0
"2020-07-13 10:00:00","Vampire Hunter D: Bloodlust",ANIMATION,"Yoshiaki Kawajiri",2000,103,0,8.5
"2020-07-13 12:30:00","Dances with Wolves",ADVENTURE,"Kevin Costner",1990,181,0,6.5
"2020-07-14 10:30:00","Home Alone",COMEDY,"Chris Columbus",1990,103,0,6.5
"2020-07-14 13:00:00","Mission: Impossible - Fallout",ACTION,"Christopher McQuarrie",2018,147,12,8.0
"2020-07-14 16:00:00","Il postino",BIOGRAPHY,"Michael Radford",1994,108,0,7.0
"2020-07-15 10:30:00","Life of Brian",COMEDY,"Terry Jones",1979,94,16,7.0
"2020-07-15 13:00:00","Vampire Hunter D: Bloodlust",ANIMATION,"Yoshiaki Kawajiri",2000,103,0,6.5
"2020-07-16 10:30:00","Tôkyô monogatari",DRAMA,"Yasujirô Ozu",1953,136,0,7.5
"2020-07-16 13:30:00","Deadpool 2",ACTION,"David Leitch",2018,119,16,7.0
"2020-07-17 10:30:00","Tôkyô monogatari",DRAMA,"Yasujirô Ozu",1953,136,0,8.5
"2020-07-18 10:00:00","Knives Out",COMEDY,"Rian Johnson",2019,130,12,6.5
"2020-07-18 13:00:00","Blood Simple",CRIME,"Joel Coen",1984,99,12,8.0
"2020-07-18 15:30:00","Jurassic Park",ACTION,"Steven Spielberg",1993,127,12,6.5
"2020-07-18 18:30:00","The Remains of the Day",DRAMA,"James Ivory",1993,134,0,9.0
"2020-07-19 10:00:00","Der Himmel über Berlin",DRAMA,"Wim Wenders",1987,128,0,8.5
"2020-07-19 13:00:00","Dr. Strangelove or: How I Learned to Stop Worrying and Love the Bomb",COMEDY,"Stanley Kubrick",1964,95,12,6.5
"2020-07-19 15:30:00","Gandhi",BIOGRAPHY,"Richard Attenborough",1982,191,0,6.5
"2020-07-20 10:30:00","A Few Good Men",DRAMA,"Rob Reiner",1992,138,0,6.5
"2020-07-21 10:30:00","Mary Poppins",COMEDY,"Robert Stevenson",1964,139,0,8.5
"2020-07-22 10:30:00","Kaze no tani no Naushika",ANIMATION,"Hayao Miyazaki",1984,117,0,6.5
"2020-07-22 13:00:00","Barry Lyndon",ADVENTURE,"Stanley Kubrick",1975,185,6,6.5
"2020-07-23 10:00:00","Vivre sa vie: Film en douze tableaux",DRAMA,"Jean-Luc Godard",1962,80,12,7.5
"2020-07-23 12:00:00","Barry Lyndon",ADVENTURE,"Stanley Kubrick",1975,185,6,6.5
"2020-07-23 16:00:00","Taxi Driver",CRIME,"Martin Scorsese",1976,114,12,7.5
"2020-07-24 10:00:00","The Naked Gun: From the Files of Police Squad!",COMEDY,"David Zucker",1988,85,0,7.0
"2020-07-24 12:00:00","Il postino",BIOGRAPHY,"Michael Radford",1994,108,0,7.5
"2020-07-24 14:30:00","Taxi Driver",CRIME,"Martin Scorsese",1976,114,12,8.0
"2020-07-25 10:00:00","Star Wars",ACTION,"George Lucas",1977,121,12,7.0
"2020-07-25 13:00:00","Vampire Hunter D: Bloodlust",ANIMATION,"Yoshiaki Kawajiri",2000,103,0,8.0
"2020-07-25 15:30:00","The Sound of Music",BIOGRAPHY,"Robert Wise",1965,172,0,7.5
"2020-07-25 19:00:00","Blood Simple",CRIME,"Joel Coen",1984,99,12,8.5
"2020-07-26 10:30:00","Kaze no tani no Naushika",ANIMATION,"Hayao Miyazaki",1984,117,0,8.0
"2020-07-26 13:00:00","Tôkyô monogatari",DRAMA,"Yasujirô Ozu",1953,136,0,6.5
"2020-07-26 16:00:00","Tôkyô monogatari",DRAMA,"Yasujirô Ozu",1953,136,0,8.5
"2020-07-26 19:00:00","Crna macka, beli macor",COMEDY,"Emir Kusturica",1998,127,16,10.0
"2020-07-27 10:00:00","Scarface: The Shame of the Nation",ACTION,"Howard Hawks",1932,93,6,7.0
"2020-07-28 10:30:00","A Few Good Men",DRAMA,"Rob Reiner",1992,138,0,7.0
"2020-07-29 10:00:00","Bohemian Rhapsody",BIOGRAPHY,"Bryan Singer",2018,134,12,7.5
"2020-07-30 10:30:00","Citizen Kane",DRAMA,"Orson Welles",1941,119,12,8.5
"2020-07-30 13:30:00","Kaze no tani no Naushika",ANIMATION,"Hayao Miyazaki",1984,117,0,7.0
"2020-07-30 16:00:00","The Ladykillers",COMEDY,"Alexander Mackendrick",1955,91,12,7.5
"2020-07-31 10:30:00","Star Wars",ACTION,"George Lucas",1977,121,12,6.5
"2020-07-31 13:30:00","Kaze no tani no Naushika",ANIMATION,"Hayao Miyazaki",1984,117,0,7.0
"2020-08-01 10:30:00","Spoorloos",MYSTERY,"George Sluizer",1988,107,12,8.0
"2020-08-01 13:30:00","Mary Poppins",COMEDY,"Robert Stevenson",1964,139,0,7.0
"2020-08-01 16:30:00","Deadpool 2",ACTION,"David Leitch",2018,119,16,6.5
"2020-08-02 10:30:00","Citizen Kane",DRAMA,"Orson Welles",1941,119,12,8.0
"2020-08-02 13:30:00","The Red Shoes",DRAMA,"Michael Powell",1948,135,12,7.5
"2020-08-02 16:30:00","Dead Man",ADVENTURE,"Jim Jarmusch",1995,121,16,8.0
"2020-08-02 19:30:00","Home Alone",COMEDY,"Chris Columbus",1990,103,0,8.5
"2020-08-03 10:30:00","Jurassic Park",ACTION,"Steven Spielberg",1993,127,12,8.0
"2020-08-03 13:30:00","Der Himmel über Berlin",DRAMA,"Wim Wenders",1987,128,0,7.5
"2020-08-04 10:00:00","Der Himmel über Berlin",DRAMA,"Wim Wenders",1987,128,0,8.0
"2020-08-05 10:00:00","Jurassic Park",ACTION,"Steven Spielberg",1993,127,12,7.5
"2020-08-05 13:00:00","The Message",BIOGRAPHY,"Moustapha Akkad",1976,177,6,8.0
"2020-08-06 10:30:00","Love and Death",COMEDY,"Woody Allen",1975,85,6,8.0
"2020-08-06 12:30:00","Spoorloos",MYSTERY,"George Sluizer",1988,107,12,8.5
"2020-08-07 10:30:00","Sense and Sensibility",DRAMA,"Ang Lee",1995,136,0,7.0
"2020-08-07 13:30:00","Scarface: The Shame of the Nation",ACTION,"Howard Hawks",1932,93,6,7.0
"2020-08-07 16:00:00","Love and Death",COMEDY,"Woody Allen",1975,85,6,7.5
"2020-08-08 10:00:00","The Long Goodbye",COMEDY,"Robert Altman",1973,112,12,6.5
"2020-08-08 13:00:00","Taxi Driver",CRIME,"Martin Scorsese",1976,114,12,7.0
"2020-08-08 15:30:00","L.A. Confidential",CRIME,"Curtis Hanson",1997,138,12,8.5
"2020-08-09 10:00:00","Nueve reinas",CRIME,"Fabián Bielinsky",2000,114,16,6.5
"2020-08-09 13:00:00","Taxi Driver",CRIME,"Martin Scorsese",1976,114,12,7.5
"2020-08-09 16:00:00","Tôkyô monogatari",DRAMA,"Yasujirô Ozu",1953,136,0,7.0
"2020-08-10 10:00:00","Der Himmel über Berlin",DRAMA,"Wim Wenders",1987,128,0,7.0
"2020-08-10 13:00:00","The Message",BIOGRAPHY,"Moustapha Akkad",1976,177,6,6.5
"2020-08-10 16:30:00","Kaze no tani no Naushika",ANIMATION,"Hayao Miyazaki",1984,117,0,8.5
"2020-08-11 10:00:00","Bohemian Rhapsody",BIOGRAPHY,"Bryan Singer",2018,134,12,8.5
"2020-08-11 13:00:00","The Long Goodbye",COMEDY,"Robert Altman",1973,112,12,7.5
"2020-08-11 16:00:00","Crna macka, beli macor",COMEDY,"Emir Kusturica",1998,127,16,8.5
"2020-08-12 10:30:00","Crna macka, beli macor",COMEDY,"Emir Kusturica",1998,127,16,8.0
"2020-08-12 13:30:00","Knives Out",COMEDY,"Rian Johnson",2019,130,12,6.5
"2020-08-13 10:00:00","Taxi Driver",CRIME,"Martin Scorsese",1976,114,12,7.5
"2020-08-13 12:30:00","Sense and Sensibility",DRAMA,"Ang Lee",1995,136,0,8.5
"2020-08-13 15:30:00","The Long Goodbye",COMEDY,"Robert Altman",1973,112,12,6.5
"2020-08-14 10:00:00","La Strada",DRAMA,"Federico Fellini",1954,108,12,8.5
"2020-08-14 12:30:00","The Long Goodbye",COMEDY,"Robert Altman",1973,112,12,8.0
"2020-08-15 10:00:00","Nueve reinas",CRIME,"Fabián Bielinsky",2000,114,16,7.0
"2020-08-15 12:30:00","Dancer in the Dark",CRIME,"Lars von Trier",2000,140,0,7.5
"2020-08-15 16:00:00","Kaze no tani no Naushika",ANIMATION,"Hayao Miyazaki",1984,117,0,7.0
"2020-08-16 10:30:00","Bohemian Rhapsody",BIOGRAPHY,"Bryan Singer",2018,134,12,8.5
"2020-08-16 13:30:00","Bohemian Rhapsody",BIOGRAPHY,"Bryan Singer",2018,134,12,8.0
"2020-08-16 16:30:00","Star Wars",ACTION,"George Lucas",1977,121,12,8.5
"2020-08-17 10:30:00","Dancer in the Dark",CRIME,"Lars von Trier",2000,140,0,7.0
"2020-08-17 13:30:00","The Remains of the Day",DRAMA,"James Ivory",1993,134,0,7.5
"2020-08-18 10:30:00","The Ladykillers",COMEDY,"Alexander Mackendrick",1955,91,12,8.5
"2020-08-19 10:00:00","Scarface: The Shame of the Nation",ACTION,"Howard Hawks",1932,93,6,8.5
"2020-08-19 12:30:00","Love and Death",COMEDY,"Woody Allen",1975,85,6,6.5
"2020-08-20 10:00:00","Sense and Sensibility",DRAMA,"Ang Lee",1995,136,0,8.5
"2020-08-20 13:00:00","Mission: Impossible - Fallout",ACTION,"Christopher McQuarrie",2018,147,12,8.5
"2020-08-21 10:00:00","East of Eden",DRAMA,"Elia Kazan",1955,118,0,7.5
"2020-08-21 12:30:00","Der Himmel über Berlin",DRAMA,"Wim Wenders",1987,128,0,7.0
"2020-08-21 15:30:00","L.A. Confidential",CRIME,"Curtis Hanson",1997,138,12,8.0
"2020-08-22 10:00:00","A Few Good Men",DRAMA,"Rob Reiner",1992,138,0,7.0
"2020-08-22 13:30:00","The Naked Gun: From the Files of Police Squad!",COMEDY,"David Zucker",1988,85,0,8.0
"2020-08-22 15:30:00","Love and Death",COMEDY,"Woody Allen",1975,85,6,8.5
"2020-08-23 10:00:00","Sense and Sensibility",DRAMA,"Ang Lee",1995,136,0,7.0
"2020-08-23 13:00:00","The Remains of the Day",DRAMA,"James Ivory",1993,134,0,8.0
"2020-08-23 16:00:00","Love and Death",COMEDY,"Woody Allen",1975,85,6,8.0
"2020-08-24 10:00:00","Kaze no tani no Naushika",ANIMATION,"Hayao Miyazaki",1984,117,0,8.0
"2020-08-25 10:00:00","Philadelphia",DRAMA,"Jonathan Demme",1993,125,12,8.0
"2020-08-25 13:00:00","East of Eden",DRAMA,"Elia Kazan",1955,118,0,8.5
"2020-08-26 10:00:00","Shadow of a Doubt",FILM_NOIR,"Alfred Hitchcock",1943,108,6,8.0
"2020-08-26 12:30:00","Philadelphia",DRAMA,"Jonathan Demme",1993,125,12,8.5
"2020-08-26 15:30:00","Kaze no tani no Naushika",ANIMATION,"Hayao Miyazaki",1984,117,0,8.5
"2020-08-27 10:30:00","East of Eden",DRAMA,"Elia Kazan",1955,118,0,7.5
"2020-08-27 13:30:00","Shadow of a Doubt",FILM_NOIR,"Alfred Hitchcock",1943,108,6,7.0
"2020-08-28 10:00:00","Magnolia",DRAMA,"Paul Thomas Anderson",1999,188,16,8.5
"2020-08-29 10:30:00","A Few Good Men",DRAMA,"Rob Reiner",1992,138,0,8.5
"2020-08-29 13:30:00","Barry Lyndon",ADVENTURE,"Stanley Kubrick",1975,185,6,8.5
"2020-08-29 17:30:00","Mission: Impossible - Fallout",ACTION,"Christopher McQuarrie",2018,147,12,8.0
"2020-08-30 10:00:00","Gattaca",DRAMA,"Andrew Niccol",1997,106,12,6.5
"2020-08-30 12:30:00","Philadelphia",DRAMA,"Jonathan Demme",1993,125,12,8.0
"2020-08-30 15:30:00","Der Himmel über Berlin",DRAMA,"Wim Wenders",1987,128,0,8.0
"2020-08-30 18:30:00","Uri: The Surgical Strike",ACTION,"Aditya Dhar",2018,138,12,9.5
"2020-08-31 10:00:00","Sense and Sensibility",DRAMA,"Ang Lee",1995,136,0,7.0
"2020-08-31 13:00:00","The Naked Gun: From the Files of Police Squad!",COMEDY,"David Zucker",1988,85,0,7.5
"2020-08-31 15:30:00","Crna macka, beli macor",COMEDY,"Emir Kusturica",1998,127,16,7.5
"2020-09-01 10:30:00","A Few Good Men",DRAMA,"Rob Reiner",1992,138,0,8.0
"2020-09-02 10:30:00","Breakfast at Tiffany's",COMEDY,"Blake Edwards",1961,115,12,8.0
"2020-09-02 13:00:00","The Naked Gun: From the Files of Police Squad!",COMEDY,"David Zucker",1988,85,0,8.0
"2020-09-03 10:00:00","Magnolia",DRAMA,"Paul Thomas Anderson",1999,188,16,8.0
"2020-09-03 14:00:00","The Graduate",COMEDY,"Mike Nichols",1967,106,12,8.5
"2020-09-04 10:30:00","La Strada",DRAMA,"Federico Fellini",1954,108,12,7.0
"2020-09-04 13:30:00","Goodfellas",BIOGRAPHY,"Martin Scorsese",1990,146,12,8.5
"2020-09-05 10:30:00","The General",ACTION,"Clyde Bruckman",1926,67,12,8.5
"2020-09-05 12:30:00","Mission: Impossible - Fallout",ACTION,"Christopher McQuarrie",2018,147,12,8.0
"2020-09-05 16:00:00","Mission: Impossible - Fallout",ACTION,"Christopher McQuarrie",2018,147,12,8.5
"2020-09-05 19:30:00","Reservoir Dogs",CRIME,"Quentin Tarantino",1992,99,16,9.5
"2020-09-06 10:00:00","Rashômon",CRIME,"Akira Kurosawa",1950,88,12,7.5
"2020-09-06 12:30:00","Rashômon",CRIME,"Akira Kurosawa",1950,88,12,8.5
"2020-09-06 15:00:00","Reservoir Dogs",CRIME,"Quentin Tarantino",1992,99,16,8.5
"2020-09-06 17:30:00","Trois couleurs: Bleu",DRAMA,"Krzysztof Kieslowski",1993,94,0,8.5
"2020-09-07 10:00:00","Midnight Cowboy",DRAMA,"John Schlesinger",1969,113,12,8.0
"2020-09-08 10:00:00","A Few Good Men",DRAMA,"Rob Reiner",1992,138,0,6.5
"2020-09-09 10:00:00","Where Eagles Dare",ACTION,"Brian G. Hutton",1968,158,0,8.5
"2020-09-09 13:30:00","Gandhi",BIOGRAPHY,"Richard Attenborough",1982,191,0,6.5
"2020-09-09 17:30:00","The Graduate",COMEDY,"Mike Nichols",1967,106,12,7.0
"2020-09-10 10:30:00","Goodfellas",BIOGRAPHY,"Martin Scorsese",1990,146,12,8.5
"2020-09-11 10:30:00","The Long Goodbye",COMEDY,"Robert Altman",1973,112,12,8.5
"2020-09-11 13:30:00","Magnolia",DRAMA,"Paul Thomas Anderson",1999,188,16,7.5
"2020-09-11 17:30:00","Sabrina",COMEDY,"Billy Wilder",1954,113,12,7.5
"2020-09-12 10:30:00","Blue Velvet",DRAMA,"David Lynch",1986,120,12,7.0
"2020-09-12 13:30:00","Shadow of a Doubt",FILM_NOIR,"Alfred Hitchcock",1943,108,6,7.0
"2020-09-12 16:30:00","Magnolia",DRAMA,"Paul Thomas Anderson",1999,188,16,8.0
"2020-09-13 10:00:00","A Few Good Men",DRAMA,"Rob Reiner",1992,138,0,7.5
"2020-09-13 13:00:00","Goodfellas",BIOGRAPHY,"Martin Scorsese",1990,146,12,8.5
"2020-09-13 16:30:00","Reservoir Dogs",CRIME,"Quentin Tarantino",1992,99,16,6.5
"2020-09-13 19:00:00","Breakfast at Tiffany's",COMEDY,"Blake Edwards",1961,115,12,8.5
"2020-09-14 10:00:00","Philadelphia",DRAMA,"Jonathan Demme",1993,125,12,7.0
"2020-09-14 13:00:00","Kurenai no buta",ANIMATION,"Hayao Miyazaki",1992,94,0,8.0
"2020-09-14 15:30:00","Gandhi",BIOGRAPHY,"Richard Attenborough",1982,191,0,8.5
"2020-09-15 10:30:00","Magnolia",DRAMA,"Paul Thomas Anderson",1999,188,16,6.5
"2020-09-15 14:30:00","The General",ACTION,"Clyde Bruckman",1926,67,12,8.5
"2020-09-15 16:30:00","Rashômon",CRIME,"Akira Kurosawa",1950,88,12,6.5
"2020-09-16 10:00:00","The Graduate",COMEDY,"Mike Nichols",1967,106,12,7.0
"2020-09-17 10:30:00","South Park: Bigger, Longer & Uncut",ANIMATION,"Trey Parker",1999,81,12,7.5
"2020-09-17 12:30:00","The Graduate",COMEDY,"Mike Nichols",1967,106,12,7.5
"2020-09-18 10:30:00","Kurenai no buta",ANIMATION,"Hayao Miyazaki",1992,94,0,6.5
"2020-09-19 10:00:00","The Last of the Mohicans",ACTION,"Michael Mann",1992,112,12,7.5
"2020-09-19 12:30:00","A Few Good Men",DRAMA,"Rob Reiner",1992,138,0,8.0
"2020-09-19 15:30:00","A Few Good Men",DRAMA,"Rob Reiner",1992,138,0,7.5
"2020-09-19 18:30:00","In the Name of the Father",BIOGRAPHY,"Jim Sheridan",1993,133,12,10.0
"2020-09-20 10:00:00","In the Name of the Father",BIOGRAPHY,"Jim Sheridan",1993,133,12,8.0
"2020-09-20 13:00:00","Kurenai no buta",ANIMATION,"Hayao Miyazaki",1992,94,0,7.5
"2020-09-20 15:30:00","Fargo",CRIME,"Joel Coen",1996,98,12,6.5
"2020-09-21 10:30:00","Reservoir Dogs",CRIME,"Quentin Tarantino",1992,99,16,8.0
"2020-09-21 13:00:00","A Few Good Men",DRAMA,"Rob Reiner",1992,138,0,7.5
"2020-09-22 10:30:00","2001: A Space Odyssey",ADVENTURE,"Stanley Kubrick",1968,149,0,6.5
"2020-09-22 14:00:00","In the Name of the Father",BIOGRAPHY,"Jim Sheridan",1993,133,12,7.5
"2020-09-23 10:00:00","The Last of the Mohicans",ACTION,"Michael Mann",1992,112,12,6.5
"2020-09-23 12:30:00","Dil Bechara",COMEDY,"Mukesh Chhabra",2020,101,12,7.0
"2020-09-23 15:00:00","Dil Bechara",COMEDY,"Mukesh Chhabra",2020,101,12,8.0
"2020-09-24 10:30:00","Dil Bechara",COMEDY,"Mukesh Chhabra",2020,101,12,8.0
"2020-09-25 10:00:00","Midnight Cowboy",DRAMA,"John Schlesinger",1969,113,12,7.5
"2020-09-25 13:00:00","Trois couleurs: Bleu",DRAMA,"Krzysztof Kieslowski",1993,94,0,8.5
"2020-09-26 10:30:00","Trois couleurs: Bleu",DRAMA,"Krzysztof Kieslowski",1993,94,0,6.5
"2020-09-26 13:00:00","The Muppet Movie",ADVENTURE,"James Frawley",1979,95,0,8.5
"2020-09-26 15:30:00","The Last of the Mohicans",ACTION,"Michael Mann",1992,112,12,6.5
"2020-09-27 10:00:00","South Park: Bigger, Longer & Uncut",ANIMATION,"Trey Parker",1999,81,12,6.5
"2020-09-27 12:00:00","The Graduate",COMEDY,"Mike Nichols",1967,106,12,7.5
"2020-09-27 14:30:00","Fargo",CRIME,"Joel Coen",1996,98,12,7.5
"2020-09-28 10:00:00","In the Name of the Father",BIOGRAPHY,"Jim Sheridan",1993,133,12,6.5
"2020-09-29 10:30:00","Uri: The Surgical Strike",ACTION,"Aditya Dhar",2018,138,12,8.0
"2020-09-30 10:30:00","The Graduate",COMEDY,"Mike Nichols",1967,106,12,8.0
"2020-10-01 10:30:00","Reservoir Dogs",CRIME,"Quentin Tarantino",1992,99,16,7.5
"2020-10-02 10:00:00","Blue Velvet",DRAMA,"David Lynch",1986,120,12,6.5
"2020-10-03 10:00:00","South Park: Bigger, Longer & Uncut",ANIMATION,"Trey Parker",1999,81,12,8.5
"2020-10-03 12:00:00","The Muppet Movie",ADVENTURE,"James Frawley",1979,95,0,7.0
"2020-10-03 14:30:00","The Nightmare Before Christmas",ANIMATION,"Henry Selick",1993,76,0,6.5
"2020-10-03 16:30:00","Kurenai no buta",ANIMATION,"Hayao Miyazaki",1992,94,0,7.5
"2020-10-04 10:30:00","In the Name of the Father",BIOGRAPHY,"Jim Sheridan",1993,133,12,7.5
"2020-10-04 13:30:00","A Few Good Men",DRAMA,"Rob Reiner",1992,138,0,7.0
"2020-10-04 16:30:00","Dil Bechara",COMEDY,"Mukesh Chhabra",2020,101,12,7.0
"2020-10-05 10:30:00","Se7en",CRIME,"David Fincher",1995,127,12,8.0
"2020-10-06 10:30:00","Dil Bechara",COMEDY,"Mukesh Chhabra",2020,101,12,7.0
"2020-10-06 13:00:00","A Christmas Story",COMEDY,"Bob Clark",1983,93,0,7.5
"2020-10-07 10:30:00","Where Eagles Dare",ACTION,"Brian G. Hutton",1968,158,0,7.5
"2020-10-07 14:00:00","The Muppet Movie",ADVENTURE,"James Frawley",1979,95,0,8.0
"2020-10-07 16:30:00","The Last of the Mohicans",ACTION,"Michael Mann",1992,112,12,8.5
"2020-10-08 10:30:00","A Few Good Men",DRAMA,"Rob Reiner",1992,138,0,8.5
"2020-10-08 13:30:00","Spider-Man: Into the Spider-Verse",ANIMATION,"Bob Persichetti",2018,117,0,7.0
"2020-10-09 10:00:00","M - Eine Stadt sucht einen Mörder",CRIME,"Fritz Lang",1931,117,12,8.5
"2020-10-09 13:00:00","Philadelphia",DRAMA,"Jonathan Demme",1993,125,12,7.5
"2020-10-10 10:30:00","Kramer vs. Kramer",DRAMA,"Robert Benton",1979,105,12,8.5
"2020-10-10 13:00:00","Rushmore",COMEDY,"Wes Anderson",1998,93,12,7.0
"2020-10-10 15:30:00","Spider-Man: Into the Spider-Verse",ANIMATION,"Bob Persichetti",2018,117,0,8.5
"2020-10-11 10:00:00","Spartacus",ADVENTURE,"Stanley Kubrick",1960,197,12,7.5
"2020-10-11 14:00:00","Titanic",DRAMA,"James Cameron",1997,194,12,8.5
"2020-10-11 18:00:00","The Bridge on the River Kwai",ADVENTURE,"David Lean",1957,161,6,8.5
"2020-10-11 21:30:00","Casino",CRIME,"Martin Scorsese",1995,178,12,8.5
"2020-10-12 10:30:00","M - Eine Stadt sucht einen Mörder",CRIME,"Fritz Lang",1931,117,12,8.0
"2020-10-12 13:30:00","Midnight Cowboy",DRAMA,"John Schlesinger",1969,113,12,7.0
"2020-10-12 16:00:00","Where Eagles Dare",ACTION,"Brian G. Hutton",1968,158,0,8.0
"2020-10-13 10:00:00","Fanny och Alexander",DRAMA,"Ingmar Bergman",1982,188,12,8.0
"2020-10-13 14:00:00","Gandhi",BIOGRAPHY,"Richard Attenborough",1982,191,0,7.0
"2020-10-14 10:00:00","The Last of the Mohicans",ACTION,"Michael Mann",1992,112,12,7.5
"2020-10-15 10:00:00","Il buono, il brutto, il cattivo",WESTERN,"Sergio Leone",1966,161,12,7.5
"2020-10-15 13:30:00","Fanny och Alexander",DRAMA,"Ingmar Bergman",1982,188,12,7.0
"2020-10-16 10:00:00","The Insider",BIOGRAPHY,"Michael Mann",1999,157,12,6.5
"2020-10-16 13:30:00","Rushmore",COMEDY,"Wes Anderson",1998,93,12,8.5
"2020-10-17 10:30:00","Goodfellas",BIOGRAPHY,"Martin Scorsese",1990,146,12,7.0
"2020-10-17 13:30:00","Glory",BIOGRAPHY,"Edward Zwick",1989,122,16,8.5
"2020-10-17 16:30:00","Marriage Story",COMEDY,"Noah Baumbach",2019,137,0,8.0
"2020-10-18 10:00:00","Il buono, il brutto, il cattivo",WESTERN,"Sergio Leone",1966,161,12,8.5
"2020-10-18 13:30:00","Kramer vs. Kramer",DRAMA,"Robert Benton",1979,105,12,6.5
"2020-10-18 16:00:00","The Muppet Movie",ADVENTURE,"James Frawley",1979,95,0,8.5
"2020-10-19 10:30:00","The Insider",BIOGRAPHY,"Michael Mann",1999,157,12,8.5
"2020-10-19 14:00:00","Star Wars: Episode VI - Return of the Jedi",ACTION,"Richard Marquand",1983,131,0,6.5
"2020-10-20 10:30:00","In the Name of the Father",BIOGRAPHY,"Jim Sheridan",1993,133,12,7.0
"2020-10-21 10:00:00","Il buono, il brutto, il cattivo",WESTERN,"Sergio Leone",1966,161,12,8.5
"2020-10-21 13:30:00","Il buono, il brutto, il cattivo",WESTERN,"Sergio Leone",1966,161,12,8.0
"2020-10-22 10:30:00","Scarface",CRIME,"Brian De Palma",1983,170,12,6.5
"2020-10-22 14:00:00","Per un pugno di dollari",ACTION,"Sergio Leone",1964,99,12,6.5
"2020-10-23 10:00:00","The Last of the Mohicans",ACTION,"Michael Mann",1992,112,12,8.5
"2020-10-23 12:30:00","Per un pugno di dollari",ACTION,"Sergio Leone",1964,99,12,7.5
"2020-10-24 10:30:00","Mission: Impossible - Fallout",ACTION,"Christopher McQuarrie",2018,147,12,7.0
"2020-10-24 14:00:00","All That Jazz",DRAMA,"Bob Fosse",1979,123,12,8.0
"2020-10-24 17:00:00","Kramer vs. Kramer",DRAMA,"Robert Benton",1979,105,12,8.0
"2020-10-25 10:30:00","The Muppet Movie",ADVENTURE,"James Frawley",1979,95,0,6.5
"2020-10-25 13:00:00","The Godfather",CRIME,"Francis Ford Coppola",1972,175,12,8.5
"2020-10-25 17:00:00","The Big Sleep",CRIME,"Howard Hawks",1946,114,12,8.5
"2020-10-26 10:00:00","All That Jazz",DRAMA,"Bob Fosse",1979,123,12,7.0
"2020-10-27 10:00:00","Blazing Saddles",COMEDY,"Mel Brooks",1974,93,12,6.5
"2020-10-28 10:00:00","Glengarry Glen Ross",CRIME,"James Foley",1992,100,16,7.0
"2020-10-28 12:30:00","The Last of the Mohicans",ACTION,"Michael Mann",1992,112,12,6.5
"2020-10-29 10:30:00","Todo sobre mi madre",DRAMA,"Pedro Almodóvar",1999,101,16,7.0
"2020-10-29 13:00:00","The Magnificent Seven",ACTION,"John Sturges",1960,128,12,7.0
"2020-10-29 16:00:00","Kramer vs. Kramer",DRAMA,"Robert Benton",1979,105,12,8.0
"2020-10-30 10:30:00","Where Eagles Dare",ACTION,"Brian G. Hutton",1968,158,0,8.5
"2020-10-30 14:00:00","Glengarry Glen Ross",CRIME,"James Foley",1992,100,16,7.5
"2020-10-31 10:30:00","The Magnificent Seven",ACTION,"John Sturges",1960,128,12,7.5
"2020-10-31 13:30:00","Se7en",CRIME,"David Fincher",1995,127,12,7.5
"2020-10-31 16:30:00","The Princess Bride",ADVENTURE,"Rob Reiner",1987,98,0,8.5
"2020-10-31 19:00:00","Se7en",CRIME,"David Fincher",1995,127,12,9.5
"2020-11-01 10:00:00","Glory",BIOGRAPHY,"Edward Zwick",1989,122,16,8.5
"2020-11-01 13:00:00","Glengarry Glen Ross",CRIME,"James Foley",1992,100,16,7.5
"2020-11-01 15:30:00","The Nightmare Before Christmas",ANIMATION,"Henry Selick",1993,76,0,8.0
"2020-11-01 17:30:00","Fargo",CRIME,"Joel Coen",1996,98,12,8.0
"2020-11-02 10:30:00","Se7en",CRIME,"David Fincher",1995,127,12,8.0
"2020-11-02 13:30:00","Kramer vs. Kramer",DRAMA,"Robert Benton",1979,105,12,7.5
"2020-11-03 10:30:00","Star Wars: Episode VI - Return of the Jedi",ACTION,"Richard Marquand",1983,131,0,8.5
"2020-11-04 10:00:00","The Magnificent Seven",ACTION,"John Sturges",1960,128,12,7.0
"2020-11-04 13:00:00","The Muppet Movie",ADVENTURE,"James Frawley",1979,95,0,6.5
"2020-11-05 10:30:00","Spider-Man: Into the Spider-Verse",ANIMATION,"Bob Persichetti",2018,117,0,8.0
"2020-11-05 13:00:00","Fanny och Alexander",DRAMA,"Ingmar Bergman",1982,188,12,8.0
"2020-11-05 17:00:00","Empire of the Sun",ACTION,"Steven Spielberg",1987,153,0,8.5
"2020-11-06 10:30:00","Gongdong gyeongbi guyeok JSA",ACTION,"Chan-wook Park",2000,110,12,8.5
"2020-11-07 10:30:00","The Big Sleep",CRIME,"Howard Hawks",1946,114,12,6.5
"2020-11-07 13:30:00","All That Jazz",DRAMA,"Bob Fosse",1979,123,12,7.5
"2020-11-07 16:30:00","Marriage Story",COMEDY,"Noah Baumbach",2019,137,0,6.5
"2020-11-08 10:00:00","Star Wars: Episode VI - Return of the Jedi",ACTION,"Richard Marquand",1983,131,0,6.5
"2020-11-08 13:00:00","A Man for All Seasons",BIOGRAPHY,"Fred Zinnemann",1966,120,0,8.5
"2020-11-08 16:00:00","Empire of the Sun",ACTION,"Steven Spielberg",1987,153,0,7.0
"2020-11-09 10:30:00","The Nightmare Before Christmas",ANIMATION,"Henry Selick",1993,76,0,6.5
"2020-11-10 10:30:00","Roma",DRAMA,"Alfonso Cuarón",2018,135,16,8.0
"2020-11-10 13:30:00","The Godfather",CRIME,"Francis Ford Coppola",1972,175,12,6.5
"2020-11-11 10:30:00","M - Eine Stadt sucht einen Mörder",CRIME,"Fritz Lang",1931,117,12,8.5
"2020-11-11 13:30:00","Do the Right Thing",COMEDY,"Spike Lee",1989,120,16,8.0
"2020-11-11 16:30:00","Gongdong gyeongbi guyeok JSA",ACTION,"Chan-wook Park",2000,110,12,7.5
"2020-11-12 10:00:00","Marriage Story",COMEDY,"Noah Baumbach",2019,137,0,6.5
"2020-11-12 13:00:00","M - Eine Stadt sucht einen Mörder",CRIME,"Fritz Lang",1931,117,12,7.5
"2020-11-12 15:30:00","Roma",DRAMA,"Alfonso Cuarón",2018,135,16,7.5
"2020-11-13 10:00:00","American Psycho",COMEDY,"Mary Harron",2000,101,12,7.5
"2020-11-13 12:30:00","Roma",DRAMA,"Alfonso Cuarón",2018,135,16,8.0
"2020-11-13 15:30:00","Empire of the Sun",ACTION,"Steven Spielberg",1987,153,0,6.5
"2020-11-14 10:00:00","Glengarry Glen Ross",CRIME,"James Foley",1992,100,16,8.5
"2020-11-14 12:30:00","Sanjuro",ACTION,"Akira Kurosawa",1962,96,0,8.5
"2020-11-14 15:00:00","Do the Right Thing",COMEDY,"Spike Lee",1989,120,16,7.0
"2020-11-14 18:00:00","The Lost Weekend",DRAMA,"Billy Wilder",1945,101,12,8.5
"2020-11-15 10:30:00","The Red Shoes",DRAMA,"Michael Powell",1948,135,12,6.5
"2020-11-15 13:30:00","The Bridge on the River Kwai",ADVENTURE,"David Lean",1957,161,6,8.5
"2020-11-15 17:00:00","Fanny och Alexander",DRAMA,"Ingmar Bergman",1982,188,12,8.5
"2020-11-15 21:00:00","The Bridge on the River Kwai",ADVENTURE,"David Lean",1957,161,6,9.0
"2020-11-16 10:00:00","M - Eine Stadt sucht einen Mörder",CRIME,"Fritz Lang",1931,117,12,8.0
"2020-11-16 13:00:00","Scarface",CRIME,"Brian De Palma",1983,170,12,8.5
"2020-11-16 17:00:00","Glory",BIOGRAPHY,"Edward Zwick",1989,122,16,7.5
"2020-11-17 10:30:00","Ran",ACTION,"Akira Kurosawa",1985,162,0,7.0
"2020-11-18 10:00:00","The Magnificent Seven",ACTION,"John Sturges",1960,128,12,8.5
"2020-11-18 13:00:00","Marriage Story",COMEDY,"Noah Baumbach",2019,137,0,7.0
"2020-11-19 10:00:00","Todo sobre mi madre",DRAMA,"Pedro Almodóvar",1999,101,16,8.5
"2020-11-20 10:30:00","Todo sobre mi madre",DRAMA,"Pedro Almodóvar",1999,101,16,6.5
"2020-11-21 10:00:00","Spider-Man: Into the Spider-Verse",ANIMATION,"Bob Persichetti",2018,117,0,8.5
"2020-11-21 13:00:00","Empire of the Sun",ACTION,"Steven Spielberg",1987,153,0,8.5
"2020-11-21 16:30:00","The Nightmare Before Christmas",ANIMATION,"Henry Selick",1993,76,0,7.0
"2020-11-21 18:30:00","The Red Shoes",DRAMA,"Michael Powell",1948,135,12,8.5
"2020-11-22 10:30:00","Ran",ACTION,"Akira Kurosawa",1985,162,0,8.5
"2020-11-22 14:00:00","The Lost Weekend",DRAMA,"Billy Wilder",1945,101,12,6.5
"2020-11-22 16:30:00","Avengers: Endgame",ACTION,"Anthony Russo",2019,181,12,7.5
"2020-11-23 10:30:00","Dil Bechara",COMEDY,"Mukesh Chhabra",2020,101,12,7.5
"2020-11-23 13:00:00","The Godfather",CRIME,"Francis Ford Coppola",1972,175,12,7.5
"2020-11-23 17:00:00","The Breakfast Club",COMEDY,"John Hughes",1985,97,12,8.0
"2020-11-24 10:30:00","Glory",BIOGRAPHY,"Edward Zwick",1989,122,16,6.5
"2020-11-24 13:30:00","Sanjuro",ACTION,"Akira Kurosawa",1962,96,0,8.5
"2020-11-24 16:00:00","Groundhog Day",COMEDY,"Harold Ramis",1993,101,0,6.5
"2020-11-25 10:00:00","Groundhog Day",COMEDY,"Harold Ramis",1993,101,0,8.0
"2020-11-26 10:00:00","Jurassic Park",ACTION,"Steven Spielberg",1993,127,12,8.0
"2020-11-26 13:00:00","Empire of the Sun",ACTION,"Steven Spielberg",1987,153,0,8.5
"2020-11-26 16:30:00","Empire of the Sun",ACTION,"Steven Spielberg",1987,153,0,8.0
"2020-11-27 10:00:00","Gongdong gyeongbi guyeok JSA",ACTION,"Chan-wook Park",2000,110,12,8.5
"2020-11-27 12:30:00","Spider-Man: Into the Spider-Verse",ANIMATION,"Bob Persichetti",2018,117,0,8.5
"2020-11-27 15:30:00","Roma",DRAMA,"Alfonso Cuarón",2018,135,16,8.0
"2020-11-28 10:00:00","Roma",DRAMA,"Alfonso Cuarón",2018,135,16,7.0
"2020-11-28 13:00:00","Lat sau san taam",ACTION,"John Woo",1992,128,16,7.0
"2020-11-28 16:00:00","Spider-Man: Into the Spider-Verse",ANIMATION,"Bob Persichetti",2018,117,0,8.5
"2020-11-28 19:00:00","The Third Man",FILM_NOIR,"Carol Reed",1949,104,12,8.5
"2020-11-29 10:00:00","The Breakfast Club",COMEDY,"John Hughes",1985,97,12,6.5
"2020-11-29 12:30:00","The Magnificent Seven",ACTION,"John Sturges",1960,128,12,8.0
"2020-11-29 15:30:00","The Breakfast Club",COMEDY,"John Hughes",1985,97,12,8.0
"2020-11-30 10:00:00","Do the Right Thing",COMEDY,"Spike Lee",1989,120,16,8.0
"2020-12-01 10:00:00","Jurassic Park",ACTION,"Steven Spielberg",1993,127,12,8.5
"2020-12-01 13:00:00","Marriage Story",COMEDY,"Noah Baumbach",2019,137,0,7.0
"2020-12-02 10:00:00","Snatch",COMEDY,"Guy Ritchie",2000,104,12,8.0
"2020-12-02 12:30:00","Todo sobre mi madre",DRAMA,"Pedro Almodóvar",1999,101,16,7.5
"2020-12-02 15:00:00","The Breakfast Club",COMEDY,"John Hughes",1985,97,12,6.5
"2020-12-03 10:00:00","Groundhog Day",COMEDY,"Harold Ramis",1993,101,0,7.0
"2020-12-04 10:00:00","The Gold Rush",ADVENTURE,"Charles Chaplin",1925,95,12,8.5
"2020-12-04 12:30:00","The Breakfast Club",COMEDY,"John Hughes",1985,97,12,6.5
"2020-12-04 15:00:00","Underground",COMEDY,"Emir Kusturica",1995,170,12,6.5
"2020-12-05 10:00:00","Jojo Rabbit",COMEDY,"Taika Waititi",2019,108,12,7.0
"2020-12-05 12:30:00","Roma",DRAMA,"Alfonso Cuarón",2018,135,16,8.5
"2020-12-05 15:30:00","Bonnie and Clyde",ACTION,"Arthur Penn",1967,111,12,6.5
"2020-12-06 10:00:00","Sanjuro",ACTION,"Akira Kurosawa",1962,96,0,8.5
"2020-12-06 12:30:00","Amores perros",DRAMA,"Alejandro G. Iñárritu",2000,154,12,7.5
"2020-12-06 16:00:00","Dil Bechara",COMEDY,"Mukesh Chhabra",2020,101,12,8.5
"2020-12-06 18:30:00","Amores perros",DRAMA,"Alejandro G. Iñárritu",2000,154,12,10.0
"2020-12-07 10:30:00","Snatch",COMEDY,"Guy Ritchie",2000,104,12,6.5
"2020-12-08 10:00:00","Glengarry Glen Ross",CRIME,"James Foley",1992,100,16,8.5
"2020-12-08 12:30:00","Psycho",HORROR,"Alfred Hitchcock",1960,109,12,8.0
"2020-12-09 10:30:00","The Conversation",DRAMA,"Francis Ford Coppola",1974,113,0,8.0
"2020-12-09 13:30:00","Touch of Evil",CRIME,"Orson Welles",1958,95,12,8.5
"2020-12-10 10:30:00","Se7en",CRIME,"David Fincher",1995,127,12,7.0
"2020-12-10 13:30:00","Todo sobre mi madre",DRAMA,"Pedro Almodóvar",1999,101,16,8.5
"2020-12-11 10:00:00","Rebecca",DRAMA,"Alfred Hitchcock",1940,130,12,7.5
"2020-12-11 13:00:00","Se7en",CRIME,"David Fincher",1995,127,12,8.0
"2020-12-11 16:00:00","Amores perros",DRAMA,"Alejandro G. Iñárritu",2000,154,12,8.5
"2020-12-12 10:00:00","Avengers: Endgame",ACTION,"Anthony Russo",2019,181,12,7.5
"2020-12-12 14:00:00","Touch of Evil",CRIME,"Orson Welles",1958,95,12,8.0
"2020-12-12 16:30:00","Toy Story 2",ANIMATION,"John Lasseter",1999,92,0,8.5
"2020-12-12 19:00:00","Repulsion",DRAMA,"Roman Polanski",1965,105,12,9.5
"2020-12-13 10:30:00","Amores perros",DRAMA,"Alejandro G. Iñárritu",2000,154,12,7.0
"2020-12-13 14:00:00","Lat sau san taam",ACTION,"John Woo",1992,128,16,8.5
"2020-12-13 17:00:00","The Green Mile",CRIME,"Frank Darabont",1999,189,12,6.5
"2020-12-13 21:00:00","Roma",DRAMA,"Alfonso Cuarón",2018,135,16,10.0
"2020-12-14 10:30:00","La Grande Illusion",DRAMA,"Jean Renoir",1937,113,12,7.5
"2020-12-15 10:00:00","Jurassic Park",ACTION,"Steven Spielberg",1993,127,12,7.0
"2020-12-16 10:00:00","Laura",DRAMA,"Otto Preminger",1944,88,12,6.5
"2020-12-16 12:00:00","Rebecca",DRAMA,"Alfred Hitchcock",1940,130,12,7.5
"2020-12-16 15:00:00","Todo sobre mi madre",DRAMA,"Pedro Almodóvar",1999,101,16,7.0
"2020-12-17 10:00:00","Repulsion",DRAMA,"Roman Polanski",1965,105,12,6.5
"2020-12-17 12:30:00","A Man for All Seasons",BIOGRAPHY,"Fred Zinnemann",1966,120,0,7.5
"2020-12-17 15:30:00","Rebecca",DRAMA,"Alfred Hitchcock",1940,130,12,8.0
"2020-12-18 10:30:00","Glory",BIOGRAPHY,"Edward Zwick",1989,122,16,8.5
"2020-12-19 10:30:00","Saving Private Ryan",DRAMA,"Steven Spielberg",1998,169,16,7.0
"2020-12-19 14:00:00","Marriage Story",COMEDY,"Noah Baumbach",2019,137,0,8.5
"2020-12-19 17:00:00","Marriage Story",COMEDY,"Noah Baumbach",2019,137,0,8.5
"2020-12-19 20:00:00","Central do Brasil",DRAMA,"Walter Salles",1998,110,16,8.5
"2020-12-20 10:30:00","Mononoke-hime",ANIMATION,"Hayao Miyazaki",1997,134,0,7.0
"2020-12-20 13:30:00","Jojo Rabbit",COMEDY,"Taika Waititi",2019,108,12,8.5
"2020-12-20 16:00:00","Snatch",COMEDY,"Guy Ritchie",2000,104,12,7.0
"2020-12-21 10:00:00","The Red Shoes",DRAMA,"Michael Powell",1948,135,12,8.0
"2020-12-21 13:00:00","Spartacus",ADVENTURE,"Stanley Kubrick",1960,197,12,8.0
"2020-12-21 17:00:00","Repulsion",DRAMA,"Roman Polanski",1965,105,12,6.5
"2020-12-22 10:30:00","Jurassic Park",ACTION,"Steven Spielberg",1993,127,12,7.5
"2020-12-22 13:30:00","The Third Man",FILM_NOIR,"Carol Reed",1949,104,12,7.0
"2020-12-22 16:00:00","La Grande Illusion",DRAMA,"Jean Renoir",1937,113,12,6.5
"2020-12-23 10:30:00","Trainspotting",DRAMA,"Danny Boyle",1996,93,12,6.5
"2020-12-23 13:00:00","Predator",ACTION,"John McTiernan",1987,107,12,6.5
"2020-12-24 10:30:00","Dil Bechara",COMEDY,"Mukesh Chhabra",2020,101,12,7.0
"2020-12-25 10:30:00","The Breakfast Club",COMEDY,"John Hughes",1985,97,12,8.0
"2020-12-25 13:00:00","Glory",BIOGRAPHY,"Edward Zwick",1989,122,16,6.5
"2020-12-26 10:00:00","The Green Mile",CRIME,"Frank Darabont",1999,189,12,6.5
"2020-12-26 14:00:00","La Grande Illusion",DRAMA,"Jean Renoir",1937,113,12,7.5
"2020-12-26 17:00:00","Marriage Story",COMEDY,"Noah Baumbach",2019,137,0,8.0
"2020-12-27 10:30:00","Mononoke-hime",ANIMATION,"Hayao Miyazaki",1997,134,0,8.5
"2020-12-27 13:30:00","Knives Out",COMEDY,"Rian Johnson",2019,130,12,7.5
"2020-12-27 16:30:00","Das Cabinet des Dr. Caligari",FANTASY,"Robert Wiene",1920,76,12,8.5
"2020-12-28 10:00:00","Saving Private Ryan",DRAMA,"Steven Spielberg",1998,169,16,7.5
"2020-12-29 10:00:00","Sanjuro",ACTION,"Akira Kurosawa",1962,96,0,7.0
"2020-12-29 12:30:00","Das Cabinet des Dr. Caligari",FANTASY,"Robert Wiene",1920,76,12,7.5
"2020-12-30 10:30:00","Laura",DRAMA,"Otto Preminger",1944,88,12,6.5
"2020-12-30 13:00:00","Das Cabinet des Dr. Caligari",FANTASY,"Robert Wiene",1920,76,12,8.0
"2020-12-31 10:00:00","Central do Brasil",DRAMA,"Walter Salles",1998,110,16,6.5
"2021-01-01 10:30:00","Knives Out",COMEDY,"Rian Johnson",2019,130,12,6.5
"2021-01-01 13:30:00","Mononoke-hime",ANIMATION,"Hayao Miyazaki",1997,134,0,7.0
"2021-01-01 16:30:00","The Third Man",FILM_NOIR,"Carol Reed",1949,104,12,6.5
"2021-01-02 10:30:00","The Green Mile",CRIME,"Frank Darabont",1999,189,12,6.5
"2021-01-02 14:30:00","Toy Story 2",ANIMATION,"John Lasseter",1999,92,0,7.0
"2021-01-02 17:00:00","Predator",ACTION,"John McTiernan",1987,107,12,7.5
"2021-01-03 10:30:00","October Sky",BIOGRAPHY,"Joe Johnston",1999,108,6,7.5
"2021-01-03 13:00:00","The Third Man",FILM_NOIR,"Carol Reed",1949,104,12,7.0
"2021-01-03 15:30:00","Saving Private Ryan",DRAMA,"Steven Spielberg",1998,169,16,7.0
"2021-01-04 10:30:00","October Sky",BIOGRAPHY,"Joe Johnston",1999,108,6,6.5
"2021-01-04 13:00:00","Avengers: Endgame",ACTION,"Anthony Russo",2019,181,12,8.5
"2021-01-04 17:00:00","Rebecca",DRAMA,"Alfred Hitchcock",1940,130,12,7.5
"2021-01-05 10:30:00","October Sky",BIOGRAPHY,"Joe Johnston",1999,108,6,8.5
"2021-01-06 10:00:00","Spartacus",ADVENTURE,"Stanley Kubrick",1960,197,12,7.0
"2021-01-07 10:30:00","Apocalypse Now",DRAMA,"Francis Ford Coppola",1979,147,16,7.0
"2021-01-07 14:00:00","North by Northwest",ADVENTURE,"Alfred Hitchcock",1959,136,0,6.5
"2021-01-07 17:00:00","Psycho",HORROR,"Alfred Hitchcock",1960,109,12,8.5
"2021-01-08 10:00:00","Rebecca",DRAMA,"Alfred Hitchcock",1940,130,12,8.0
"2021-01-08 13:00:00","Spartacus",ADVENTURE,"Stanley Kubrick",1960,197,12,8.5
"2021-01-08 17:30:00","Sunrise: A Song of Two Humans",DRAMA,"F.W. Murnau",1927,94,12,7.0
"2021-01-09 10:30:00","Touch of Evil",CRIME,"Orson Welles",1958,95,12,7.0
"2021-01-09 13:00:00","Cast Away",ADVENTURE,"Robert Zemeckis",2000,143,12,8.5
"2021-01-09 16:00:00","Saving Private Ryan",DRAMA,"Steven Spielberg",1998,169,16,7.5
"2021-01-09 19:30:00","Predator",ACTION,"John McTiernan",1987,107,12,9.5
"2021-01-10 10:00:00","Se7en",CRIME,"David Fincher",1995,127,12,7.0
"2021-01-10 13:00:00","The Trial of the Chicago 7",DRAMA,"Aaron Sorkin",2020,129,16,8.5
"2021-01-10 16:00:00","Dancer in the Dark",CRIME,"Lars von Trier",2000,140,0,6.5
"2021-01-11 10:30:00","Marriage Story",COMEDY,"Noah Baumbach",2019,137,0,8.0
"2021-01-12 10:00:00","Dil Bechara",COMEDY,"Mukesh Chhabra",2020,101,12,8.5
"2021-01-13 10:30:00","Das Cabinet des Dr. Caligari",FANTASY,"Robert Wiene",1920,76,12,8.5
"2021-01-14 10:00:00","Toy Story 2",ANIMATION,"John Lasseter",1999,92,0,7.5
"2021-01-15 10:00:00","The Conversation",DRAMA,"Francis Ford Coppola",1974,113,0,8.5
"2021-01-15 12:30:00","North by Northwest",ADVENTURE,"Alfred Hitchcock",1959,136,0,7.0
"2021-01-16 10:00:00","Blowup",DRAMA,"Michelangelo Antonioni",1966,111,12,6.5
"2021-01-16 13:00:00","Andrei Rublev",BIOGRAPHY,"Andrei Tarkovsky",1966,205,16,6.5
"2021-01-16 17:30:00","Marriage Story",COMEDY,"Noah Baumbach",2019,137,0,8.0
"2021-01-16 20:30:00","Stalag 17",COMEDY,"Billy Wilder",1953,120,12,10.0
"2021-01-17 10:00:00","The Trial of the Chicago 7",DRAMA,"Aaron Sorkin",2020,129,16,7.5
"2021-01-17 13:00:00","The Conversation",DRAMA,"Francis Ford Coppola",1974,113,0,8.0
"2021-01-17 16:00:00","North by Northwest",ADVENTURE,"Alfred Hitchcock",1959,136,0,8.0
"2021-01-18 10:30:00","Predator",ACTION,"John McTiernan",1987,107,12,8.0
"2021-01-18 13:00:00","Sunrise: A Song of Two Humans",DRAMA,"F.W. Murnau",1927,94,12,8.0
"2021-01-19 10:00:00","October Sky",BIOGRAPHY,"Joe Johnston",1999,108,6,7.5
"2021-01-20 10:00:00","Knives Out",COMEDY,"Rian Johnson",2019,130,12,8.5
"2021-01-20 13:00:00","Marriage Story",COMEDY,"Noah Baumbach",2019,137,0,8.5
"2021-01-21 10:00:00","Dancer in the Dark",CRIME,"Lars von Trier",2000,140,0,7.0
"2021-01-22 10:00:00","It's a Wonderful Life",DRAMA,"Frank Capra",1946,130,6,7.5
"2021-01-22 13:00:00","The Peanut Butter Falcon",ADVENTURE,"Tyler Nilson",2019,97,12,8.0
"2021-01-23 10:30:00","It's a Wonderful Life",DRAMA,"Frank Capra",1946,130,6,7.5
"2021-01-23 13:30:00","Tôkyô monogatari",DRAMA,"Yasujirô Ozu",1953,136,0,8.0
"2021-01-23 16:30:00","Scarface: The Shame of the Nation",ACTION,"Howard Hawks",1932,93,6,8.5
"2021-01-24 10:30:00","Andrei Rublev",BIOGRAPHY,"Andrei Tarkovsky",1966,205,16,8.5
"2021-01-24 15:00:00","Office Space",COMEDY,"Mike Judge",1999,89,16,8.0
"2021-01-24 17:30:00","Boyz n the Hood",CRIME,"John Singleton",1991,112,12,6.5
"2021-01-24 20:00:00","All That Jazz",DRAMA,"Bob Fosse",1979,123,12,8.5
"2021-01-25 10:00:00","Dancer in the Dark",CRIME,"Lars von Trier",2000,140,0,7.0
"2021-01-25 13:30:00","The Ten Commandments",ADVENTURE,"Cecil B. DeMille",1956,220,0,7.0
"2021-01-26 10:30:00","The Peanut Butter Falcon",ADVENTURE,"Tyler Nilson",2019,97,12,7.0
"2021-01-26 13:00:00","Central do Brasil",DRAMA,"Walter Salles",1998,110,16,8.5
"2021-01-26 15:30:00","Marriage Story",COMEDY,"Noah Baumbach",2019,137,0,7.5
"2021-01-27 10:30:00","Le salaire de la peur",ADVENTURE,"Henri-Georges Clouzot",1953,131,0,7.5
"2021-01-28 10:00:00","Sunrise: A Song of Two Humans",DRAMA,"F.W. Murnau",1927,94,12,8.0
"2021-01-28 12:30:00","Das Cabinet des Dr. Caligari",FANTASY,"Robert Wiene",1920,76,12,7.0
"2021-01-29 10:00:00","Marriage Story",COMEDY,"Noah Baumbach",2019,137,0,8.0
"2021-01-30 10:30:00","The Ten Commandments",ADVENTURE,"Cecil B. DeMille",1956,220,0,8.0
"2021-01-30 15:00:00","La Grande Illusion",DRAMA,"Jean Renoir",1937,113,12,8.5
"2021-01-30 18:00:00","Office Space",COMEDY,"Mike Judge",1999,89,16,9.5
"2021-01-31 10:30:00","Central do Brasil",DRAMA,"Walter Salles",1998,110,16,6.5
"2021-01-31 13:00:00","The Ten Commandments",ADVENTURE,"Cecil B. DeMille",1956,220,0,8.5
"2021-01-31 17:30:00","Sunrise: A Song of Two Humans",DRAMA,"F.W. Murnau",1927,94,12,7.5
"2021-02-01 10:30:00","Cabaret",DRAMA,"Bob Fosse",1972,124,12,8.0
"2021-02-02 10:30:00","Aguirre, der Zorn Gottes",ACTION,"Werner Herzog",1972,95,12,8.5
"2021-02-02 13:00:00","Central do Brasil",DRAMA,"Walter Salles",1998,110,16,7.0
"2021-02-02 15:30:00","Paper Moon",COMEDY,"Peter Bogdanovich",1973,102,0,7.5
"2021-02-03 10:30:00","The Jungle Book",ANIMATION,"Wolfgang Reitherman",1967,78,0,7.5
"2021-02-03 13:00:00","Scarface: The Shame of the Nation",ACTION,"Howard Hawks",1932,93,6,8.5
"2021-02-03 15:30:00","Apocalypse Now",DRAMA,"Francis Ford Coppola",1979,147,16,7.5
"2021-02-04 10:00:00","Sunrise: A Song of Two Humans",DRAMA,"F.W. Murnau",1927,94,12,7.5
"2021-02-05 10:00:00","Boyz n the Hood",CRIME,"John Singleton",1991,112,12,6.5
"2021-02-06 10:00:00","The Trial of the Chicago 7",DRAMA,"Aaron Sorkin",2020,129,16,7.0
"2021-02-06 13:00:00","Lost Highway",MYSTERY,"David Lynch",1997,134,12,8.5
"2021-02-06 16:00:00","Sunrise: A Song of Two Humans",DRAMA,"F.W. Murnau",1927,94,12,8.0
"2021-02-07 10:30:00","Apocalypse Now",DRAMA,"Francis Ford Coppola",1979,147,16,8.5
"2021-02-07 14:00:00","Stalag 17",COMEDY,"Billy Wilder",1953,120,12,7.5
"2021-02-07 17:00:00","Scarface: The Shame of the Nation",ACTION,"Howard Hawks",1932,93,6,7.5
"2021-02-07 19:30:00","Boyz n the Hood",CRIME,"John Singleton",1991,112,12,9.0
"2021-02-08 10:00:00","In the Heat of the Night",CRIME,"Norman Jewison",1967,110,0,7.0
"2021-02-08 12:30:00","Seppuku",ACTION,"Masaki Kobayashi",1962,133,12,7.0
"2021-02-09 10:00:00","Aguirre, der Zorn Gottes",ACTION,"Werner Herzog",1972,95,12,7.0
"2021-02-09 12:30:00","Seppuku",ACTION,"Masaki Kobayashi",1962,133,12,8.0
"2021-02-09 15:30:00","Office Space",COMEDY,"Mike Judge",1999,89,16,7.0
"2021-02-10 10:30:00","Saving Private Ryan",DRAMA,"Steven Spielberg",1998,169,16,6.5
"2021-02-10 14:00:00","Dog Day Afternoon",BIOGRAPHY,"Sidney Lumet",1975,125,0,8.0
"2021-02-11 10:00:00","Lost Highway",MYSTERY,"David Lynch",1997,134,12,6.5
"2021-02-11 13:00:00","Persona",DRAMA,"Ingmar Bergman",1966,85,12,6.5
"2021-02-11 15:30:00","It's a Wonderful Life",DRAMA,"Frank Capra",1946,130,6,6.5
"2021-02-12 10:00:00","Rope",CRIME,"Alfred Hitchcock",1948,80,12,7.5
"2021-02-12 12:30:00","In the Heat of the Night",CRIME,"Norman Jewison",1967,110,0,8.5
"2021-02-13 10:00:00","Aguirre, der Zorn Gottes",ACTION,"Werner Herzog",1972,95,12,7.5
"2021-02-13 12:30:00","October Sky",BIOGRAPHY,"Joe Johnston",1999,108,6,7.0
"2021-02-13 15:00:00","In the Heat of the Night",CRIME,"Norman Jewison",1967,110,0,6.5
"2021-02-13 18:00:00","La dolce vita",COMEDY,"Federico Fellini",1960,174,12,9.5
"2021-02-14 10:00:00","Sunrise: A Song of Two Humans",DRAMA,"F.W. Murnau",1927,94,12,8.5
"2021-02-14 12:30:00","The Last of the Mohicans",ACTION,"Michael Mann",1992,112,12,7.5
"2021-02-14 15:00:00","Lost Highway",MYSTERY,"David Lynch",1997,134,12,7.0
"2021-02-14 18:00:00","All About Eve",DRAMA,"Joseph L. Mankiewicz",1950,138,12,8.5
"2021-02-15 10:00:00","Tôkyô monogatari",DRAMA,"Yasujirô Ozu",1953,136,0,7.0
"2021-02-15 13:00:00","All That Jazz",DRAMA,"Bob Fosse",1979,123,12,6.5
"2021-02-15 16:00:00","Persona",DRAMA,"Ingmar Bergman",1966,85,12,8.5
"2021-02-16 10:30:00","Seppuku",ACTION,"Masaki Kobayashi",1962,133,12,6.5
"2021-02-16 13:30:00","October Sky",BIOGRAPHY,"Joe Johnston",1999,108,6,7.0
"2021-02-16 16:00:00","Persona",DRAMA,"Ingmar Bergman",1966,85,12,6.5
"2021-02-17 10:00:00","What Ever Happened to Baby Jane?",DRAMA,"Robert Aldrich",1962,134,12,8.0
"2021-02-17 13:00:00","Aguirre, der Zorn Gottes",ACTION,"Werner Herzog",1972,95,12,8.5
"2021-02-17 15:30:00","Rope",CRIME,"Alfred Hitchcock",1948,80,12,8.5
"2021-02-18 10:30:00","Tôkyô monogatari",DRAMA,"Yasujirô Ozu",1953,136,0,8.5
"2021-02-18 13:30:00","Seppuku",ACTION,"Masaki Kobayashi",1962,133,12,8.0
"2021-02-18 16:30:00","Snatch",COMEDY,"Guy Ritchie",2000,104,12,8.5
"2021-02-19 10:00:00","Paper Moon",COMEDY,"Peter Bogdanovich",1973,102,0,7.0
"2021-02-20 10:30:00","Lat sau san taam",ACTION,"John Woo",1992,128,16,7.0
"2021-02-20 13:30:00","Lat sau san taam",ACTION,"John Woo",1992,128,16,7.5
"2021-02-20 16:30:00","October Sky",BIOGRAPHY,"Joe Johnston",1999,108,6,8.5
"2021-02-21 10:00:00","All About Eve",DRAMA,"Joseph L. Mankiewicz",1950,138,12,7.5
"2021-02-21 13:00:00","Fitzcarraldo",ADVENTURE,"Werner Herzog",1982,158,16,7.0
"2021-02-21 16:30:00","La dolce vita",COMEDY,"Federico Fellini",1960,174,12,8.5
"2021-02-21 20:00:00","Snatch",COMEDY,"Guy Ritchie",2000,104,12,10.0
"2021-02-22 10:00:00","Le salaire de la peur",ADVENTURE,"Henri-Georges Clouzot",1953,131,0,7.5
"2021-02-22 13:00:00","Rebecca",DRAMA,"Alfred Hitchcock",1940,130,12,7.0
"2021-02-22 16:00:00","Jûbê ninpûchô",ANIMATION,"Yoshiaki Kawajiri",1993,94,12,8.5
"2021-02-23 10:00:00","Persona",DRAMA,"Ingmar Bergman",1966,85,12,7.5
"2021-02-23 12:30:00","The Ten Commandments",ADVENTURE,"Cecil B. DeMille",1956,220,0,7.0
"2021-02-24 10:00:00","Braveheart",BIOGRAPHY,"Mel Gibson",1995,178,12,7.5
"2021-02-25 10:30:00","Seppuku",ACTION,"Masaki Kobayashi",1962,133,12,8.0
"2021-02-26 10:30:00","Office Space",COMEDY,"Mike Judge",1999,89,16,8.0
"2021-02-26 12:30:00","The Philadelphia Story",COMEDY,"George Cukor",1940,112,12,8.0
"2021-02-26 15:00:00","Amores perros",DRAMA,"Alejandro G. Iñárritu",2000,154,12,8.0
"2021-02-27 10:30:00","Stalag 17",COMEDY,"Billy Wilder",1953,120,12,6.5
"2021-02-27 13:30:00","Le salaire de la peur",ADVENTURE,"Henri-Georges Clouzot",1953,131,0,6.5
"2021-02-27 16:30:00","Fitzcarraldo",ADVENTURE,"Werner Herzog",1982,158,16,7.0
"2021-02-27 20:00:00","The Magnificent Seven",ACTION,"John Sturges",1960,128,12,8.5
"2021-02-28 10:00:00","8½",DRAMA,"Federico Fellini",1963,138,12,7.5
"2021-02-28 13:30:00","Harry Potter and the Sorcerer's Stone",ADVENTURE,"Chris Columbus",2001,152,0,7.0
"2021-02-28 17:00:00","Rebecca",DRAMA,"Alfred Hitchcock",1940,130,12,8.5
"2021-02-28 20:00:00","Stalag 17",COMEDY,"Billy Wilder",1953,120,12,8.5
"2021-03-01 10:30:00","Aguirre, der Zorn Gottes",ACTION,"Werner Herzog",1972,95,12,8.0
"2021-03-01 13:00:00","Rebecca",DRAMA,"Alfred Hitchcock",1940,130,12,8.5
"2021-03-02 10:00:00","Jûbê ninpûchô",ANIMATION,"Yoshiaki Kawajiri",1993,94,12,7.5
"2021-03-02 12:30:00","8½",DRAMA,"Federico Fellini",1963,138,12,8.5
"2021-03-03 10:30:00","Cape Fear",DRAMA,"J. Lee Thompson",1962,106,12,7.5
"2021-03-03 13:00:00","Cape Fear",DRAMA,"J. Lee Thompson",1962,106,12,7.5
"2021-03-03 15:30:00","Boyz n the Hood",CRIME,"John Singleton",1991,112,12,7.0
"2021-03-04 10:30:00","The Last of the Mohicans",ACTION,"Michael Mann",1992,112,12,8.0
"2021-03-04 13:00:00","Hamilton",BIOGRAPHY,"Thomas Kail",2020,160,12,7.0
"2021-03-04 16:30:00","La battaglia di Algeri",DRAMA,"Gillo Pontecorvo",1966,121,12,8.0
"2021-03-05 10:00:00","Rebecca",DRAMA,"Alfred Hitchcock",1940,130,12,8.0
"2021-03-05 13:00:00","Jûbê ninpûchô",ANIMATION,"Yoshiaki Kawajiri",1993,94,12,7.5
"2021-03-06 10:00:00","The Last of the Mohicans",ACTION,"Michael Mann",1992,112,12,7.0
"2021-03-06 12:30:00","Aguirre, der Zorn Gottes",ACTION,"Werner Herzog",1972,95,12,7.5
"2021-03-06 15:00:00","Persona",DRAMA,"Ingmar Bergman",1966,85,12,8.5
"2021-03-06 17:00:00","Toy Story 4",ANIMATION,"Josh Cooley",2019,100,0,7.5
"2021-03-07 10:00:00","Lat sau san taam",ACTION,"John Woo",1992,128,16,8.5
"2021-03-07 13:00:00","Lat sau san taam",ACTION,"John Woo",1992,128,16,8.5
"2021-03-07 16:00:00","Harry Potter and the Sorcerer's Stone",ADVENTURE,"Chris Columbus",2001,152,0,7.5
"2021-03-08 10:00:00","Network",DRAMA,"Sidney Lumet",1976,121,12,6.5
"2021-03-08 13:00:00","Lat sau san taam",ACTION,"John Woo",1992,128,16,8.5
"2021-03-09 10:00:00","E.T. the Extra-Terrestrial",FAMILY,"Steven Spielberg",1982,115,0,7.5
"2021-03-09 13:00:00","Cape Fear",DRAMA,"J. Lee Thompson",1962,106,12,7.5
"2021-03-09 15:30:00","The Jungle Book",ANIMATION,"Wolfgang Reitherman",1967,78,0,7.0
"2021-03-10 10:00:00","La passion de Jeanne d'Arc",BIOGRAPHY,"Carl Theodor Dreyer",1928,110,12,8.5
"2021-03-10 13:00:00","The Last of the Mohicans",ACTION,"Michael Mann",1992,112,12,8.5
"2021-03-11 10:30:00","Amores perros",DRAMA,"Alejandro G. Iñárritu",2000,154,12,6.5
"2021-03-12 10:00:00","Amores perros",DRAMA,"Alejandro G. Iñárritu",2000,154,12,7.0
"2021-03-12 13:30:00","Dog Day Afternoon",BIOGRAPHY,"Sidney Lumet",1975,125,0,7.5
"2021-03-13 10:30:00","Cape Fear",DRAMA,"J. Lee Thompson",1962,106,12,6.5
"2021-03-13 13:00:00","The Innocents",HORROR,"Jack Clayton",1961,100,12,8.0
"2021-03-13 15:30:00","La dolce vita",COMEDY,"Federico Fellini",1960,174,12,8.5
"2021-03-14 10:30:00","Fitzcarraldo",ADVENTURE,"Werner Herzog",1982,158,16,8.0
"2021-03-14 14:00:00","8½",DRAMA,"Federico Fellini",1963,138,12,8.5
"2021-03-14 17:00:00","The Searchers",ADVENTURE,"John Ford",1956,119,12,6.5
"2021-03-15 10:30:00","The Last of the Mohicans",ACTION,"Michael Mann",1992,112,12,7.0
"2021-03-15 13:00:00","The Ten Commandments",ADVENTURE,"Cecil B. DeMille",1956,220,0,7.0
"2021-03-16 10:30:00","Remember the Titans",BIOGRAPHY,"Boaz Yakin",2000,113,0,6.5
"2021-03-17 10:00:00","E.T. the Extra-Terrestrial",FAMILY,"Steven Spielberg",1982,115,0,7.0
"2021-03-17 13:00:00","Braveheart",BIOGRAPHY,"Mel Gibson",1995,178,12,7.5
"2021-03-18 10:00:00","Dirty Harry",ACTION,"Don Siegel",1971,102,12,8.5
"2021-03-19 10:00:00","The French Connection",ACTION,"William Friedkin",1971,104,12,7.5
"2021-03-19 12:30:00","Jûbê ninpûchô",ANIMATION,"Yoshiaki Kawajiri",1993,94,12,8.5
"2021-03-19 15:00:00","La passion de Jeanne d'Arc",BIOGRAPHY,"Carl Theodor Dreyer",1928,110,12,6.5
"2021-03-20 10:00:00","Lifeboat",DRAMA,"Alfred Hitchcock",1944,97,12,6.5
"2021-03-20 12:30:00","Cape Fear",DRAMA,"J. Lee Thompson",1962,106,12,7.5
"2021-03-20 15:00:00","The French Connection",ACTION,"William Friedkin",1971,104,12,7.5
"2021-03-20 17:30:00","The French Connection",ACTION,"William Friedkin",1971,104,12,6.5
"2021-03-21 10:30:00","Braveheart",BIOGRAPHY,"Mel Gibson",1995,178,12,7.0
"2021-03-21 14:30:00","Network",DRAMA,"Sidney Lumet",1976,121,12,7.0
"2021-03-21 17:30:00","Jûbê ninpûchô",ANIMATION,"Yoshiaki Kawajiri",1993,94,12,6.5
"2021-03-21 20:00:00","Dog Day Afternoon",BIOGRAPHY,"Sidney Lumet",1975,125,0,9.0
"2021-03-22 10:00:00","Dog Day Afternoon",BIOGRAPHY,"Sidney Lumet",1975,125,0,7.5
"2021-03-22 13:00:00","Toy Story 4",ANIMATION,"Josh Cooley",2019,100,0,8.0
"2021-03-23 10:00:00","Y tu mamá también",DRAMA,"Alfonso Cuarón",2001,106,12,7.0
"2021-03-24 10:00:00","Remember the Titans",BIOGRAPHY,"Boaz Yakin",2000,113,0,7.5
"2021-03-24 13:00:00","Lifeboat",DRAMA,"Alfred Hitchcock",1944,97,12,7.0
"2021-03-24 15:30:00","8½",DRAMA,"Federico Fellini",1963,138,12,6.5
"2021-03-25 10:00:00","Rope",CRIME,"Alfred Hitchcock",1948,80,12,8.5
"2021-03-25 12:00:00","The French Connection",ACTION,"William Friedkin",1971,104,12,8.5
"2021-03-25 14:30:00","La dolce vita",COMEDY,"Federico Fellini",1960,174,12,8.0
"2021-03-26 10:00:00","Lifeboat",DRAMA,"Alfred Hitchcock",1944,97,12,6.5
"2021-03-26 12:30:00","Der Name der Rose",CRIME,"Jean-Jacques Annaud",1986,130,16,8.0
"2021-03-26 15:30:00","Y tu mamá también",DRAMA,"Alfonso Cuarón",2001,106,12,8.5
"2021-03-27 10:30:00","The Searchers",ADVENTURE,"John Ford",1956,119,12,7.0
"2021-03-27 13:30:00","The French Connection",ACTION,"William Friedkin",1971,104,12,7.5
"2021-03-27 16:00:00","The Searchers",ADVENTURE,"John Ford",1956,119,12,8.5
"2021-03-28 10:30:00","The Innocents",HORROR,"Jack Clayton",1961,100,12,7.5
"2021-03-28 13:00:00","Trois couleurs: Blanc",COMEDY,"Krzysztof Kieslowski",1994,92,0,8.0
"2021-03-28 15:30:00","Lat sau san taam",ACTION,"John Woo",1992,128,16,7.5
"2021-03-29 10:00:00","La battaglia di Algeri",DRAMA,"Gillo Pontecorvo",1966,121,12,8.0
"2021-03-30 10:30:00","Dog Day Afternoon",BIOGRAPHY,"Sidney Lumet",1975,125,0,6.5
"2021-03-30 13:30:00","Le notti di Cabiria",DRAMA,"Federico Fellini",1957,110,12,8.5
"2021-03-31 10:00:00","Office Space",COMEDY,"Mike Judge",1999,89,16,6.5
"2021-04-01 10:00:00","Remember the Titans",BIOGRAPHY,"Boaz Yakin",2000,113,0,7.0
"2021-04-01 12:30:00","Sunset Blvd.",DRAMA,"Billy Wilder",1950,110,12,7.5
"2021-04-01 15:00:00","Toy Story 4",ANIMATION,"Josh Cooley",2019,100,0,8.0
"2021-04-02 10:00:00","La passion de Jeanne d'Arc",BIOGRAPHY,"Carl Theodor Dreyer",1928,110,12,8.5
"2021-04-02 12:30:00","The Trial of the Chicago 7",DRAMA,"Aaron Sorkin",2020,129,16,7.0
"2021-04-03 10:30:00","Hamilton",BIOGRAPHY,"Thomas Kail",2020,160,12,7.0
"2021-04-03 14:00:00","The Peanut Butter Falcon",ADVENTURE,"Tyler Nilson",2019,97,12,6.5
"2021-04-03 16:30:00","Jûbê ninpûchô",ANIMATION,"Yoshiaki Kawajiri",1993,94,12,6.5
"2021-04-04 10:30:00","Y tu mamá también",DRAMA,"Alfonso Cuarón",2001,106,12,7.5
"2021-04-04 13:00:00","The Shawshank Redemption",DRAMA,"Frank Darabont",1994,142,12,7.0
"2021-04-04 16:00:00","La passion de Jeanne d'Arc",BIOGRAPHY,"Carl Theodor Dreyer",1928,110,12,8.0
"2021-04-04 18:30:00","The Peanut Butter Falcon",ADVENTURE,"Tyler Nilson",2019,97,12,8.5
"2021-04-05 10:00:00","The Shawshank Redemption",DRAMA,"Frank Darabont",1994,142,12,6.5
"2021-04-05 13:30:00","Toy Story 4",ANIMATION,"Josh Cooley",2019,100,0,8.5
"2021-04-06 10:00:00","E.T. the Extra-Terrestrial",FAMILY,"Steven Spielberg",1982,115,0,7.0
"2021-04-07 10:30:00","La vita è bella",COMEDY,"Roberto Benigni",1997,116,0,8.5
"2021-04-07 13:00:00","Lifeboat",DRAMA,"Alfred Hitchcock",1944,97,12,8.5
"2021-04-07 15:30:00","Toy Story 4",ANIMATION,"Josh Cooley",2019,100,0,7.5
"2021-04-08 10:30:00","Dead Poets Society",COMEDY,"Peter Weir",1989,128,0,8.0
"2021-04-08 13:30:00","Harvey",COMEDY,"Henry Koster",1950,104,12,7.5
"2021-04-09 10:30:00","La vita è bella",COMEDY,"Roberto Benigni",1997,116,0,7.0
"2021-04-10 10:30:00","Jûbê ninpûchô",ANIMATION,"Yoshiaki Kawajiri",1993,94,12,7.5
"2021-04-10 13:00:00","E.T. the Extra-Terrestrial",FAMILY,"Steven Spielberg",1982,115,0,8.5
"2021-04-10 16:00:00","The Trial of the Chicago 7",DRAMA,"Aaron Sorkin",2020,129,16,6.5
"2021-04-11 10:30:00","Chung Hing sam lam",COMEDY,"Kar-Wai Wong",1994,102,0,7.0
"2021-04-11 13:00:00","Dead Poets Society",COMEDY,"Peter Weir",1989,128,0,7.0
"2021-04-11 16:00:00","Toy Story 4",ANIMATION,"Josh Cooley",2019,100,0,7.5
"2021-04-11 18:30:00","Lifeboat",DRAMA,"Alfred Hitchcock",1944,97,12,9.5
"2021-04-12 10:30:00","Chung Hing sam lam",COMEDY,"Kar-Wai Wong",1994,102,0,8.0
"2021-04-12 13:00:00","Sunset Blvd.",DRAMA,"Billy Wilder",1950,110,12,6.5
"2021-04-12 15:30:00","La battaglia di Algeri",DRAMA,"Gillo Pontecorvo",1966,121,12,7.5
"2021-04-13 10:00:00","Remember the Titans",BIOGRAPHY,"Boaz Yakin",2000,113,0,7.5
"2021-04-13 13:00:00","Being There",COMEDY,"Hal Ashby",1979,130,6,6.5
"2021-04-13 16:00:00","La vita è bella",COMEDY,"Roberto Benigni",1997,116,0,8.0
"2021-04-14 10:30:00","Being There",COMEDY,"Hal Ashby",1979,130,6,6.5
"2021-04-14 13:30:00","The Trial of the Chicago 7",DRAMA,"Aaron Sorkin",2020,129,16,8.5
"2021-04-14 16:30:00","Chung Hing sam lam",COMEDY,"Kar-Wai Wong",1994,102,0,8.0
"2021-04-15 10:30:00","Being There",COMEDY,"Hal Ashby",1979,130,6,7.0
"2021-04-15 13:30:00","Office Space",COMEDY,"Mike Judge",1999,89,16,7.5
"2021-04-15 16:00:00","E.T. the Extra-Terrestrial",FAMILY,"Steven Spielberg",1982,115,0,7.5
"2021-04-16 10:00:00","Il conformista",DRAMA,"Bernardo Bertolucci",1970,113,12,6.5
"2021-04-16 12:30:00","E.T. the Extra-Terrestrial",FAMILY,"Steven Spielberg",1982,115,0,6.5
"2021-04-17 10:30:00","E.T. the Extra-Terrestrial",FAMILY,"Steven Spielberg",1982,115,0,6.5
"2021-04-17 13:30:00","Alien",HORROR,"Ridley Scott",1979,117,16,6.5
"2021-04-17 16:30:00","Dip huet seung hung",ACTION,"John Woo",1989,111,16,7.5
"2021-04-17 19:00:00","Trois couleurs: Blanc",COMEDY,"Krzysztof Kieslowski",1994,92,0,9.0
"2021-04-18 10:00:00","The French Connection",ACTION,"William Friedkin",1971,104,12,8.0
"2021-04-18 12:30:00","Y tu mamá también",DRAMA,"Alfonso Cuarón",2001,106,12,6.5
"2021-04-18 15:00:00","The Searchers",ADVENTURE,"John Ford",1956,119,12,8.0
"2021-04-19 10:30:00","Bacheha-Ye aseman",DRAMA,"Majid Majidi",1997,89,6,7.5
"2021-04-19 13:00:00","Being There",COMEDY,"Hal Ashby",1979,130,6,8.0
"2021-04-19 16:00:00","Blow",BIOGRAPHY,"Ted Demme",2001,124,16,7.5
"2021-04-20 10:30:00","Toy Story 4",ANIMATION,"Josh Cooley",2019,100,0,8.5
"2021-04-20 13:00:00","Dead Poets Society",COMEDY,"Peter Weir",1989,128,0,8.0
"2021-04-21 10:00:00","The Shawshank Redemption",DRAMA,"Frank Darabont",1994,142,12,6.5
"2021-04-21 13:00:00","The Sandlot",COMEDY,"David Mickey Evans",1993,101,0,8.5
"2021-04-21 15:30:00","The Nightmare Before Christmas",ANIMATION,"Henry Selick",1993,76,0,8.0
"2021-04-22 10:30:00","The Boondock Saints",ACTION,"Troy Duffy",1999,108,16,7.5
"2021-04-23 10:00:00","Sunset Blvd.",DRAMA,"Billy Wilder",1950,110,12,6.5
"2021-04-23 12:30:00","Network",DRAMA,"Sidney Lumet",1976,121,12,8.0
"2021-04-23 15:30:00","Il conformista",DRAMA,"Bernardo Bertolucci",1970,113,12,8.5
"2021-04-24 10:30:00","Il conformista",DRAMA,"Bernardo Bertolucci",1970,113,12,7.5
"2021-04-24 13:30:00","Les diaboliques",CRIME,"Henri-Georges Clouzot",1955,117,12,8.5
"2021-04-24 16:30:00","Il conformista",DRAMA,"Bernardo Bertolucci",1970,113,12,7.0
"2021-04-25 10:00:00","The Boondock Saints",ACTION,"Troy Duffy",1999,108,16,6.5
"2021-04-25 12:30:00","Le notti di Cabiria",DRAMA,"Federico Fellini",1957,110,12,8.5
"2021-04-25 15:00:00","Trois couleurs: Blanc",COMEDY,"Krzysztof Kieslowski",1994,92,0,7.5
"2021-04-25 17:30:00","Il conformista",DRAMA,"Bernardo Bertolucci",1970,113,12,7.0
"2021-04-26 10:00:00","Batman: Mask of the Phantasm",ANIMATION,"Kevin Altieri",1993,76,6,8.5
"2021-04-26 12:00:00","Blow",BIOGRAPHY,"Ted Demme",2001,124,16,7.5
"2021-04-27 10:30:00","The Boondock Saints",ACTION,"Troy Duffy",1999,108,16,6.5
"2021-04-28 10:30:00","Blow",BIOGRAPHY,"Ted Demme",2001,124,16,7.5
"2021-04-28 13:30:00","True Romance",CRIME,"Tony Scott",1993,119,16,8.5
"2021-04-28 16:30:00","Trois couleurs: Blanc",COMEDY,"Krzysztof Kieslowski",1994,92,0,7.0
"2021-04-29 10:30:00","Bacheha-Ye aseman",DRAMA,"Majid Majidi",1997,89,6,7.0
"2021-04-30 10:30:00","The Searchers",ADVENTURE,"John Ford",1956,119,12,6.5
"2021-04-30 13:00:00","The Sandlot",COMEDY,"David Mickey Evans",1993,101,0,8.5
"2021-04-30 15:30:00","Dances with Wolves",ADVENTURE,"Kevin Costner",1990,181,0,6.5
"2021-05-01 10:00:00","Duck Soup",COMEDY,"Leo McCarey",1933,69,12,8.0
"2021-05-01 12:00:00","Batman: Mask of the Phantasm",ANIMATION,"Kevin Altieri",1993,76,6,6.5
"2021-05-01 14:00:00","Il conformista",DRAMA,"Bernardo Bertolucci",1970,113,12,8.0
"2021-05-02 10:30:00","Y tu mamá también",DRAMA,"Alfonso Cuarón",2001,106,12,7.5
"2021-05-02 13:00:00","Duck Soup",COMEDY,"Leo McCarey",1933,69,12,8.5
"2021-05-02 15:00:00","The Truman Show",COMEDY,"Peter Weir",1998,103,0,6.5
"2021-05-03 10:30:00","Dances with Wolves",ADVENTURE,"Kevin Costner",1990,181,0,7.5
"2021-05-03 14:30:00","Tengoku to jigoku",CRIME,"Akira Kurosawa",1963,143,12,8.5
"2021-05-03 17:30:00","Being There",COMEDY,"Hal Ashby",1979,130,6,7.0
"2021-05-04 10:00:00","Sunset Blvd.",DRAMA,"Billy Wilder",1950,110,12,6.5
"2021-05-04 13:00:00","The Truman Show",COMEDY,"Peter Weir",1998,103,0,7.0
"2021-05-04 15:30:00","Harvey",COMEDY,"Henry Koster",1950,104,12,7.5
"2021-05-05 10:30:00","Y tu mamá también",DRAMA,"Alfonso Cuarón",2001,106,12,8.0
"2021-05-06 10:00:00","The Truman Show",COMEDY,"Peter Weir",1998,103,0,7.0
"2021-05-06 12:30:00","Dead Poets Society",COMEDY,"Peter Weir",1989,128,0,8.5
"2021-05-07 10:30:00","It's a Wonderful Life",DRAMA,"Frank Capra",1946,130,6,7.5
"2021-05-07 13:30:00","The Sandlot",COMEDY,"David Mickey Evans",1993,101,0,8.0
"2021-05-08 10:30:00","The Peanut Butter Falcon",ADVENTURE,"Tyler Nilson",2019,97,12,8.5
"2021-05-08 13:00:00","True Romance",CRIME,"Tony Scott",1993,119,16,6.5
"2021-05-08 16:00:00","Being John Malkovich",COMEDY,"Spike Jonze",1999,113,16,6.5
"2021-05-09 10:30:00","Dead Poets Society",COMEDY,"Peter Weir",1989,128,0,6.5
"2021-05-09 13:30:00","Duck Soup",COMEDY,"Leo McCarey",1933,69,12,7.0
"2021-05-09 15:30:00","Duck Soup",COMEDY,"Leo McCarey",1933,69,12,8.5
"2021-05-10 10:00:00","Ford v Ferrari",ACTION,"James Mangold",2019,152,12,7.5
"2021-05-11 10:00:00","Ford v Ferrari",ACTION,"James Mangold",2019,152,12,7.0
"2021-05-12 10:30:00","True Romance",CRIME,"Tony Scott",1993,119,16,6.5
"2021-05-12 13:30:00","Sunset Blvd.",DRAMA,"Billy Wilder",1950,110,12,8.5
"2021-05-13 10:30:00","Primal Fear",CRIME,"Gregory Hoblit",1996,129,12,8.0
"2021-05-13 13:30:00","Ford v Ferrari",ACTION,"James Mangold",2019,152,12,7.0
"2021-05-14 10:00:00","Primal Fear",CRIME,"Gregory Hoblit",1996,129,12,6.5
"2021-05-15 10:00:00","The Princess Bride",ADVENTURE,"Rob Reiner",1987,98,0,7.5
"2021-05-15 12:30:00","The Sandlot",COMEDY,"David Mickey Evans",1993,101,0,8.0
"2021-05-15 15:00:00","Being John Malkovich",COMEDY,"Spike Jonze",1999,113,16,7.5
"2021-05-15 17:30:00","Duck Soup",COMEDY,"Leo McCarey",1933,69,12,8.0
"2021-05-16 10:00:00","The Princess Bride",ADVENTURE,"Rob Reiner",1987,98,0,8.0
"2021-05-16 12:30:00","The Princess Bride",ADVENTURE,"Rob Reiner",1987,98,0,8.0
"2021-05-16 15:00:00","Jaws",ADVENTURE,"Steven Spielberg",1975,124,12,7.0
"2021-05-16 18:00:00","Unforgiven",DRAMA,"Clint Eastwood",1992,130,12,8.5
"2021-05-17 10:30:00","The Princess Bride",ADVENTURE,"Rob Reiner",1987,98,0,8.0
"2021-05-17 13:00:00","Amélie",COMEDY,"Jean-Pierre Jeunet",2001,122,0,8.5
"2021-05-17 16:00:00","Harvey",COMEDY,"Henry Koster",1950,104,12,8.5
"2021-05-18 10:00:00","Primal Fear",CRIME,"Gregory Hoblit",1996,129,12,7.0
"2021-05-18 13:00:00","Pulp Fiction",CRIME,"Quentin Tarantino",1994,154,12,7.0
"2021-05-19 10:00:00","Ford v Ferrari",ACTION,"James Mangold",2019,152,12,7.5
"2021-05-19 13:30:00","Dances with Wolves",ADVENTURE,"Kevin Costner",1990,181,0,7.5
"2021-05-20 10:30:00","The Boondock Saints",ACTION,"Troy Duffy",1999,108,16,7.0
"2021-05-21 10:00:00","Primal Fear",CRIME,"Gregory Hoblit",1996,129,12,6.5
"2021-05-21 13:00:00","Ikiru",DRAMA,"Akira Kurosawa",1952,143,12,7.5
"2021-05-21 16:30:00","Bacheha-Ye aseman",DRAMA,"Majid Majidi",1997,89,6,7.0
"2021-05-22 10:30:00","Being John Malkovich",COMEDY,"Spike Jonze",1999,113,16,7.0
"2021-05-22 13:00:00","Jaws",ADVENTURE,"Steven Spielberg",1975,124,12,7.0
"2021-05-22 16:00:00","Todo sobre mi madre",DRAMA,"Pedro Almodóvar",1999,101,16,8.5
"2021-05-22 18:30:00","Amélie",COMEDY,"Jean-Pierre Jeunet",2001,122,0,9.5
"2021-05-23 10:00:00","The Iron Giant",ANIMATION,"Brad Bird",1999,86,6,7.5
"2021-05-23 12:30:00","It's a Wonderful Life",DRAMA,"Frank Capra",1946,130,6,6.5
"2021-05-23 15:30:00","Sunset Blvd.",DRAMA,"Billy Wilder",1950,110,12,8.5
"2021-05-23 18:00:00","Bacheha-Ye aseman",DRAMA,"Majid Majidi",1997,89,6,8.5
"2021-05-24 10:30:00","The Princess Bride",ADVENTURE,"Rob Reiner",1987,98,0,7.0
"2021-05-24 13:00:00","Unforgiven",DRAMA,"Clint Eastwood",1992,130,12,8.0
"2021-05-24 16:00:00","Ford v Ferrari",ACTION,"James Mangold",2019,152,12,7.0
"2021-05-25 10:00:00","High Noon",DRAMA,"Fred Zinnemann",1952,85,6,7.0
"2021-05-26 10:30:00","The Truman Show",COMEDY,"Peter Weir",1998,103,0,8.5
"2021-05-26 13:00:00","Pulp Fiction",CRIME,"Quentin Tarantino",1994,154,12,8.0
"2021-05-26 16:30:00","Crna macka, beli macor",COMEDY,"Emir Kusturica",1998,127,16,8.0
"2021-05-27 10:00:00","Planes, Trains & Automobiles",COMEDY,"John Hughes",1987,93,0,7.5
"2021-05-27 12:30:00","Jaws",ADVENTURE,"Steven Spielberg",1975,124,12,8.5
"2021-05-27 15:30:00","Planes, Trains & Automobiles",COMEDY,"John Hughes",1987,93,0,6.5
"2021-05-28 10:30:00","The Boondock Saints",ACTION,"Troy Duffy",1999,108,16,7.5
"2021-05-28 13:00:00","True Romance",CRIME,"Tony Scott",1993,119,16,6.5
"2021-05-28 16:00:00","Todo sobre mi madre",DRAMA,"Pedro Almodóvar",1999,101,16,7.0
"2021-05-29 10:00:00","Ikiru",DRAMA,"Akira Kurosawa",1952,143,12,6.5
"2021-05-29 13:00:00","Vizontele",COMEDY,"Yilmaz Erdogan",2001,110,12,8.0
"2021-05-29 16:00:00","Vizontele",COMEDY,"Yilmaz Erdogan",2001,110,12,8.0
"2021-05-29 18:30:00","Primal Fear",CRIME,"Gregory Hoblit",1996,129,12,10.0
"2021-05-30 10:00:00","The Iron Giant",ANIMATION,"Brad Bird",1999,86,6,8.5
"2021-05-30 12:00:00","Duck Soup",COMEDY,"Leo McCarey",1933,69,12,8.0
"2021-05-30 14:00:00","Amélie",COMEDY,"Jean-Pierre Jeunet",2001,122,0,8.0
"2021-05-30 17:00:00","Singin' in the Rain",COMEDY,"Stanley Donen",1952,103,0,8.5
"2021-05-31 10:00:00","On Golden Pond",DRAMA,"Mark Rydell",1981,109,12,8.5
"2021-05-31 12:30:00","Night on Earth",COMEDY,"Jim Jarmusch",1991,129,16,8.0
"2021-06-01 10:00:00","Dom za vesanje",COMEDY,"Emir Kusturica",1988,142,16,7.0
"2021-06-01 13:00:00","Jaws",ADVENTURE,"Steven Spielberg",1975,124,12,8.0
"2021-06-02 10:00:00","It's a Wonderful Life",DRAMA,"Frank Capra",1946,130,6,8.0
"2021-06-02 13:00:00","Dom za vesanje",COMEDY,"Emir Kusturica",1988,142,16,8.5
"2021-06-02 16:30:00","Rupan sansei: Kariosutoro no shiro",ANIMATION,"Hayao Miyazaki",1979,100,0,6.5
"2021-06-03 10:00:00","Dances with Wolves",ADVENTURE,"Kevin Costner",1990,181,0,8.0
"2021-06-03 14:00:00","Scent of a Woman",DRAMA,"Martin Brest",1992,156,12,8.0
"2021-06-04 10:30:00","Trois couleurs: Rouge",DRAMA,"Krzysztof Kieslowski",1994,99,0,8.0
"2021-06-05 10:00:00","Night on Earth",COMEDY,"Jim Jarmusch",1991,129,16,7.5
"2021-06-05 13:00:00","Being John Malkovich",COMEDY,"Spike Jonze",1999,113,16,7.5
"2021-06-05 15:30:00","On Golden Pond",DRAMA,"Mark Rydell",1981,109,12,7.0
"2021-06-05 18:00:00","Dom za vesanje",COMEDY,"Emir Kusturica",1988,142,16,8.5
"2021-06-06 10:30:00","Dazed and Confused",COMEDY,"Richard Linklater",1993,102,0,8.5
"2021-06-06 13:00:00","Harvey",COMEDY,"Henry Koster",1950,104,12,8.5
"2021-06-06 15:30:00","Alien",HORROR,"Ridley Scott",1979,117,16,8.5
"2021-06-07 10:00:00","Alien",HORROR,"Ridley Scott",1979,117,16,6.5
"2021-06-08 10:30:00","Ford v Ferrari",ACTION,"James Mangold",2019,152,12,7.5
"2021-06-09 10:00:00","Alien",HORROR,"Ridley Scott",1979,117,16,6.5
"2021-06-09 13:00:00","Nuovo Cinema Paradiso",DRAMA,"Giuseppe Tornatore",1988,155,0,8.5
"2021-06-09 16:30:00","Jaws",ADVENTURE,"Steven Spielberg",1975,124,12,7.5
"2021-06-10 10:30:00","Bacheha-Ye aseman",DRAMA,"Majid Majidi",1997,89,6,7.0
"2021-06-10 13:00:00","Scent of a Woman",DRAMA,"Martin Brest",1992,156,12,8.0
"2021-06-10 16:30:00","Singin' in the Rain",COMEDY,"Stanley Donen",1952,103,0,6.5
"2021-06-11 10:00:00","Soorarai Pottru",DRAMA,"Sudha Kongara",2020,153,0,8.5
"2021-06-11 13:30:00","Vizontele",COMEDY,"Yilmaz Erdogan",2001,110,12,7.0
"2021-06-11 16:30:00","Vertigo",MYSTERY,"Alfred Hitchcock",1958,128,12,8.5
"2021-06-12 10:00:00","Trois couleurs: Rouge",DRAMA,"Krzysztof Kieslowski",1994,99,0,7.5
"2021-06-12 12:30:00","Gully Boy",DRAMA,"Zoya Akhtar",2019,154,12,6.5
"2021-06-12 16:00:00","The Princess Bride",ADVENTURE,"Rob Reiner",1987,98,0,8.0
"2021-06-13 10:30:00","Soorarai Pottru",DRAMA,"Sudha Kongara",2020,153,0,7.0
"2021-06-13 14:00:00","Gully Boy",DRAMA,"Zoya Akhtar",2019,154,12,8.5
"2021-06-13 17:30:00","Jaws",ADVENTURE,"Steven Spielberg",1975,124,12,8.5
"2021-06-13 20:30:00","Scent of a Woman",DRAMA,"Martin Brest",1992,156,12,10.0
"2021-06-14 10:00:00","Omohide poro poro",ANIMATION,"Isao Takahata",1991,118,0,6.5
"2021-06-15 10:00:00","Vizontele",COMEDY,"Yilmaz Erdogan",2001,110,12,7.0
"2021-06-15 12:30:00","Gully Boy",DRAMA,"Zoya Akhtar",2019,154,12,8.5
"2021-06-16 10:00:00","Brief Encounter",DRAMA,"David Lean",1945,86,0,7.5
"2021-06-16 12:00:00","Brief Encounter",DRAMA,"David Lean",1945,86,0,7.0
"2021-06-17 10:00:00","Crna macka, beli macor",COMEDY,"Emir Kusturica",1998,127,16,8.5
"2021-06-17 13:00:00","Dazed and Confused",COMEDY,"Richard Linklater",1993,102,0,6.5
"2021-06-17 15:30:00","Trois couleurs: Rouge",DRAMA,"Krzysztof Kieslowski",1994,99,0,7.0
"2021-06-18 10:00:00","Harold and Maude",COMEDY,"Hal Ashby",1971,91,6,8.0
"2021-06-19 10:00:00","Dark City",MYSTERY,"Alex Proyas",1998,100,12,8.5
"2021-06-19 12:30:00","Scarface: The Shame of the Nation",ACTION,"Howard Hawks",1932,93,6,8.5
"2021-06-19 15:00:00","Y tu mamá también",DRAMA,"Alfonso Cuarón",2001,106,12,8.5
"2021-06-20 10:00:00","Vampire Hunter D: Bloodlust",ANIMATION,"Yoshiaki Kawajiri",2000,103,0,7.0
"2021-06-20 12:30:00","Crna macka, beli macor",COMEDY,"Emir Kusturica",1998,127,16,8.5
"2021-06-20 15:30:00","Nuovo Cinema Paradiso",DRAMA,"Giuseppe Tornatore",1988,155,0,6.5
"2021-06-20 19:00:00","Where Eagles Dare",ACTION,"Brian G. Hutton",1968,158,0,9.0
"2021-06-21 10:30:00","8½",DRAMA,"Federico Fellini",1963,138,12,8.5
"2021-06-21 13:30:00","Fried Green Tomatoes",DRAMA,"Jon Avnet",1991,130,12,8.5
"2021-06-22 10:00:00","Invasion of the Body Snatchers",DRAMA,"Don Siegel",1956,80,12,8.0
"2021-06-22 12:00:00","In a Lonely Place",DRAMA,"Nicholas Ray",1950,94,12,6.5
"2021-06-23 10:30:00","Dazed and Confused",COMEDY,"Richard Linklater",1993,102,0,7.5
"2021-06-23 13:00:00","Dazed and Confused",COMEDY,"Richard Linklater",1993,102,0,8.5
"2021-06-23 15:30:00","It's a Wonderful Life",DRAMA,"Frank Capra",1946,130,6,8.0
"2021-06-24 10:00:00","Primal Fear",CRIME,"Gregory Hoblit",1996,129,12,8.5
"2021-06-24 13:00:00","Scarface: The Shame of the Nation",ACTION,"Howard Hawks",1932,93,6,7.0
"2021-06-25 10:00:00","Alien",HORROR,"Ridley Scott",1979,117,16,8.0
"2021-06-25 12:30:00","Planes, Trains & Automobiles",COMEDY,"John Hughes",1987,93,0,8.5
"2021-06-26 10:30:00","Omohide poro poro",ANIMATION,"Isao Takahata",1991,118,0,8.5
"2021-06-26 13:30:00","Sabrina",COMEDY,"Billy Wilder",1954,113,12,7.0
"2021-06-26 16:00:00","Harold and Maude",COMEDY,"Hal Ashby",1971,91,6,8.0
"2021-06-26 18:30:00","The Lost Weekend",DRAMA,"Billy Wilder",1945,101,12,9.0
"2021-06-27 10:30:00","Alien",HORROR,"Ridley Scott",1979,117,16,8.5
"2021-06-27 13:30:00","Trois couleurs: Rouge",DRAMA,"Krzysztof Kieslowski",1994,99,0,8.5
"2021-06-27 16:00:00","Once Upon a Time... in Hollywood",COMEDY,"Quentin Tarantino",2019,161,12,7.5
"2021-06-27 19:30:00","The Princess Bride",ADVENTURE,"Rob Reiner",1987,98,0,9.5
"2021-06-28 10:30:00","Jaws",ADVENTURE,"Steven Spielberg",1975,124,12,6.5
"2021-06-28 13:30:00","The Princess Bride",ADVENTURE,"Rob Reiner",1987,98,0,7.5
"2021-06-28 16:00:00","Planes, Trains & Automobiles",COMEDY,"John Hughes",1987,93,0,6.5
"2021-06-29 10:00:00","Brief Encounter",DRAMA,"David Lean",1945,86,0,8.0
"2021-06-30 10:30:00","Vampire Hunter D: Bloodlust",ANIMATION,"Yoshiaki Kawajiri",2000,103,0,8.0
"2021-06-30 13:00:00","The Princess Bride",ADVENTURE,"Rob Reiner",1987,98,0,8.0
"2021-06-30 15:30:00","Planes, Trains & Automobiles",COMEDY,"John Hughes",1987,93,0,7.5
"2021-07-01 10:00:00","Crna macka, beli macor",COMEDY,"Emir Kusturica",1998,127,16,8.0
"2021-07-01 13:00:00","The Gold Rush",ADVENTURE,"Charles Chaplin",1925,95,12,6.5
"2021-07-02 10:30:00","Vampire Hunter D: Bloodlust",ANIMATION,"Yoshiaki Kawajiri",2000,103,0,7.0
"2021-07-02 13:00:00","Ford v Ferrari",ACTION,"James Mangold",2019,152,12,8.0
"2021-07-03 10:30:00","Brief Encounter",DRAMA,"David Lean",1945,86,0,8.0
"2021-07-03 13:00:00","Arsenic and Old Lace",COMEDY,"Frank Capra",1942,118,12,7.0
"2021-07-03 15:30:00","Once Upon a Time... in Hollywood",COMEDY,"Quentin Tarantino",2019,161,12,8.0
"2021-07-04 10:00:00","Nuovo Cinema Paradiso",DRAMA,"Giuseppe Tornatore",1988,155,0,7.5
"2021-07-04 13:30:00","Knockin' on Heaven's Door",ACTION,"Thomas Jahn",1997,87,12,6.5
"2021-07-04 15:30:00","In a Lonely Place",DRAMA,"Nicholas Ray",1950,94,12,6.5
"2021-07-05 10:30:00","Funny Games",CRIME,"Michael Haneke",1997,108,12,7.5
"2021-07-05 13:00:00","Fried Green Tomatoes",DRAMA,"Jon Avnet",1991,130,12,7.0
"2021-07-05 16:00:00","In a Lonely Place",DRAMA,"Nicholas Ray",1950,94,12,7.0
"2021-07-06 10:00:00","Dazed and Confused",COMEDY,"Richard Linklater",1993,102,0,7.0
"2021-07-07 10:30:00","Once Upon a Time... in Hollywood",COMEDY,"Quentin Tarantino",2019,161,12,8.0
"2021-07-08 10:00:00","Gully Boy",DRAMA,"Zoya Akhtar",2019,154,12,8.0
"2021-07-09 10:30:00","Dawn of the Dead",ACTION,"George A. Romero",1978,127,12,7.5
"2021-07-09 13:30:00","Crimes and Misdemeanors",COMEDY,"Woody Allen",1989,104,12,8.5
"2021-07-10 10:00:00","Per un pugno di dollari",ACTION,"Sergio Leone",1964,99,12,7.0
"2021-07-10 12:30:00","Scent of a Woman",DRAMA,"Martin Brest",1992,156,12,7.0
"2021-07-10 16:00:00","Trois couleurs: Rouge",DRAMA,"Krzysztof Kieslowski",1994,99,0,7.5
"2021-07-10 18:30:00","Dawn of the Dead",ACTION,"George A. Romero",1978,127,12,9.0
"2021-07-11 10:30:00","Harold and Maude",COMEDY,"Hal Ashby",1971,91,6,8.0
"2021-07-11 13:00:00","Arsenic and Old Lace",COMEDY,"Frank Capra",1942,118,12,8.5
"2021-07-11 16:00:00","Where Eagles Dare",ACTION,"Brian G. Hutton",1968,158,0,7.5
"2021-07-12 10:30:00","Vertigo",MYSTERY,"Alfred Hitchcock",1958,128,12,7.0
"2021-07-12 13:30:00","Sabrina",COMEDY,"Billy Wilder",1954,113,12,7.0
"2021-07-12 16:00:00","Vampire Hunter D: Bloodlust",ANIMATION,"Yoshiaki Kawajiri",2000,103,0,8.0
"2021-07-13 10:00:00","Where Eagles Dare",ACTION,"Brian G. Hutton",1968,158,0,6.5
"2021-07-14 10:30:00","Paris, Texas",DRAMA,"Wim Wenders",1984,145,0,6.5
"2021-07-14 14:00:00","Where Eagles Dare",ACTION,"Brian G. Hutton",1968,158,0,7.5
"2021-07-15 10:00:00","Sholay",ACTION,"Ramesh Sippy",1975,204,0,8.0
"2021-07-15 14:00:00","Soorarai Pottru",DRAMA,"Sudha Kongara",2020,153,0,7.0
"2021-07-16 10:00:00","Once Upon a Time... in Hollywood",COMEDY,"Quentin Tarantino",2019,161,12,6.5
"2021-07-17 10:30:00","Harold and Maude",COMEDY,"Hal Ashby",1971,91,6,8.5
"2021-07-17 13:00:00","8½",DRAMA,"Federico Fellini",1963,138,12,8.0
"2021-07-17 16:00:00","Fried Green Tomatoes",DRAMA,"Jon Avnet",1991,130,12,7.0
"2021-07-17 19:00:00","No Man's Land",COMEDY,"Danis Tanovic",2001,98,16,9.5
"2021-07-18 10:30:00","Paris, Texas",DRAMA,"Wim Wenders",1984,145,0,6.5
"2021-07-18 13:30:00","This Is Spinal Tap",COMEDY,"Rob Reiner",1984,82,16,8.5
"2021-07-18 16:00:00","Fried Green Tomatoes",DRAMA,"Jon Avnet",1991,130,12,8.0
"2021-07-19 10:00:00","Paris, Texas",DRAMA,"Wim Wenders",1984,145,0,8.0
"2021-07-20 10:30:00","The Day the Earth Stood Still",DRAMA,"Robert Wise",1951,92,0,8.0
"2021-07-20 13:00:00","Soorarai Pottru",DRAMA,"Sudha Kongara",2020,153,0,7.0
"2021-07-21 10:30:00","Andrei Rublev",BIOGRAPHY,"Andrei Tarkovsky",1966,205,16,7.5
"2021-07-21 15:00:00","The Day the Earth Stood Still",DRAMA,"Robert Wise",1951,92,0,7.0
"2021-07-22 10:00:00","Crimes and Misdemeanors",COMEDY,"Woody Allen",1989,104,12,6.5
"2021-07-23 10:00:00","Dazed and Confused",COMEDY,"Richard Linklater",1993,102,0,7.5
"2021-07-23 12:30:00","Witness for the Prosecution",CRIME,"Billy Wilder",1957,116,0,8.0
"2021-07-23 15:30:00","Trois couleurs: Rouge",DRAMA,"Krzysztof Kieslowski",1994,99,0,8.5
"2021-07-24 10:30:00","Vertigo",MYSTERY,"Alfred Hitchcock",1958,128,12,8.5
"2021-07-24 13:30:00","This Is Spinal Tap",COMEDY,"Rob Reiner",1984,82,16,8.5
"2021-07-24 15:30:00","Per un pugno di dollari",ACTION,"Sergio Leone",1964,99,12,8.0
"2021-07-24 18:00:00","Short Cuts",COMEDY,"Robert Altman",1993,188,16,8.5
"2021-07-25 10:30:00","I Am Sam",DRAMA,"Jessie Nelson",2001,132,12,6.5
"2021-07-25 13:30:00","Dawn of the Dead",ACTION,"George A. Romero",1978,127,12,8.5
"2021-07-25 16:30:00","Crimes and Misdemeanors",COMEDY,"Woody Allen",1989,104,12,6.5
"2021-07-26 10:00:00","Lock, Stock and Two Smoking Barrels",ACTION,"Guy Ritchie",1998,107,12,7.0
"2021-07-27 10:00:00","La leggenda del pianista sull'oceano",DRAMA,"Giuseppe Tornatore",1998,169,0,7.5
"2021-07-27 13:30:00","Arsenic and Old Lace",COMEDY,"Frank Capra",1942,118,12,7.0
"2021-07-28 10:30:00","Vampire Hunter D: Bloodlust",ANIMATION,"Yoshiaki Kawajiri",2000,103,0,8.0
"2021-07-28 13:00:00","Lock, Stock and Two Smoking Barrels",ACTION,"Guy Ritchie",1998,107,12,8.5
"2021-07-28 15:30:00","Crimes and Misdemeanors",COMEDY,"Woody Allen",1989,104,12,7.0
"2021-07-29 10:00:00","This Is Spinal Tap",COMEDY,"Rob Reiner",1984,82,16,8.0
"2021-07-30 10:00:00","I Am Sam",DRAMA,"Jessie Nelson",2001,132,12,8.0
"2021-07-30 13:00:00","Indiana Jones and the Last Crusade",ACTION,"Steven Spielberg",1989,127,0,7.0
"2021-07-30 16:00:00","Indiana Jones and the Last Crusade",ACTION,"Steven Spielberg",1989,127,0,7.5
"2021-07-31 10:30:00","I Am Sam",DRAMA,"Jessie Nelson",2001,132,12,8.5
"2021-07-31 13:30:00","Gully Boy",DRAMA,"Zoya Akhtar",2019,154,12,6.5
"2021-07-31 17:00:00","Indiana Jones and the Last Crusade",ACTION,"Steven Spielberg",1989,127,0,7.0
"2021-08-01 10:00:00","The Day the Earth Stood Still",DRAMA,"Robert Wise",1951,92,0,8.0
"2021-08-01 12:30:00","Indiana Jones and the Last Crusade",ACTION,"Steven Spielberg",1989,127,0,6.5
"2021-08-01 15:30:00","Paris, Texas",DRAMA,"Wim Wenders",1984,145,0,7.0
"2021-08-02 10:30:00","The Third Man",FILM_NOIR,"Carol Reed",1949,104,12,8.5
"2021-08-03 10:30:00","Dà hóng denglong gaogao guà",DRAMA,"Yimou Zhang",1991,125,6,8.5
"2021-08-03 13:30:00","It's a Wonderful Life",DRAMA,"Frank Capra",1946,130,6,8.0
"2021-08-03 16:30:00","The Killing",CRIME,"Stanley Kubrick",1956,84,12,8.5
"2021-08-04 10:00:00","Dà hóng denglong gaogao guà",DRAMA,"Yimou Zhang",1991,125,6,7.5
"2021-08-04 13:00:00","Funny Games",CRIME,"Michael Haneke",1997,108,12,8.5
"2021-08-04 15:30:00","Sabrina",COMEDY,"Billy Wilder",1954,113,12,8.0
"2021-08-05 10:00:00","I Am Sam",DRAMA,"Jessie Nelson",2001,132,12,8.0
"2021-08-06 10:30:00","Dà hóng denglong gaogao guà",DRAMA,"Yimou Zhang",1991,125,6,7.5
"2021-08-06 13:30:00","Lock, Stock and Two Smoking Barrels",ACTION,"Guy Ritchie",1998,107,12,7.0
"2021-08-07 10:30:00","I Am Sam",DRAMA,"Jessie Nelson",2001,132,12,7.0
"2021-08-07 13:30:00","Billy Elliot",DRAMA,"Stephen Daldry",2000,110,16,8.0
"2021-08-07 16:00:00","Crimes and Misdemeanors",COMEDY,"Woody Allen",1989,104,12,6.5
"2021-08-08 10:00:00","The Killing",CRIME,"Stanley Kubrick",1956,84,12,6.5
"2021-08-08 12:30:00","Léon",ACTION,"Luc Besson",1994,110,12,8.0
"2021-08-08 15:30:00","La leggenda del pianista sull'oceano",DRAMA,"Giuseppe Tornatore",1998,169,0,6.5
"2021-08-08 19:00:00","Witness for the Prosecution",CRIME,"Billy Wilder",1957,116,0,9.5
"2021-08-09 10:30:00","Trainspotting",DRAMA,"Danny Boyle",1996,93,12,8.5
"2021-08-10 10:00:00","La passion de Jeanne d'Arc",BIOGRAPHY,"Carl Theodor Dreyer",1928,110,12,6.5
"2021-08-11 10:30:00","The Third Man",FILM_NOIR,"Carol Reed",1949,104,12,7.0
"2021-08-11 13:00:00","Kind Hearts and Coronets",COMEDY,"Robert Hamer",1949,106,0,8.5
"2021-08-12 10:00:00","This Is Spinal Tap",COMEDY,"Rob Reiner",1984,82,16,6.5
"2021-08-13 10:00:00","I Am Sam",DRAMA,"Jessie Nelson",2001,132,12,7.5
"2021-08-14 10:30:00","Sabrina",COMEDY,"Billy Wilder",1954,113,12,7.5
"2021-08-14 13:00:00","Indiana Jones and the Last Crusade",ACTION,"Steven Spielberg",1989,127,0,6.5
"2021-08-14 16:00:00","Toy Story 2",ANIMATION,"John Lasseter",1999,92,0,8.0
"2021-08-14 18:30:00","Nuovo Cinema Paradiso",DRAMA,"Giuseppe Tornatore",1988,155,0,9.5
"2021-08-15 10:30:00","Raging Bull",BIOGRAPHY,"Martin Scorsese",1980,129,12,7.0
"2021-08-15 13:30:00","Crimes and Misdemeanors",COMEDY,"Woody Allen",1989,104,12,8.5
"2021-08-15 16:00:00","Serpico",BIOGRAPHY,"Sidney Lumet",1973,130,12,8.5
"2021-08-16 10:30:00","La leggenda del pianista sull'oceano",DRAMA,"Giuseppe Tornatore",1998,169,0,7.5
"2021-08-17 10:30:00","Andaz Apna Apna",ACTION,"Rajkumar Santoshi",1994,160,0,7.5
"2021-08-18 10:00:00","Raging Bull",BIOGRAPHY,"Martin Scorsese",1980,129,12,6.5
"2021-08-18 13:00:00","Raging Bull",BIOGRAPHY,"Martin Scorsese",1980,129,12,7.5
"2021-08-18 16:00:00","Per un pugno di dollari",ACTION,"Sergio Leone",1964,99,12,7.5
"2021-08-19 10:30:00","The Godfather",CRIME,"Francis Ford Coppola",1972,175,12,6.5
"2021-08-19 14:00:00","Taxi Driver",CRIME,"Martin Scorsese",1976,114,12,7.0
"2021-08-20 10:00:00","Per un pugno di dollari",ACTION,"Sergio Leone",1964,99,12,7.5
"2021-08-20 12:30:00","La leggenda del pianista sull'oceano",DRAMA,"Giuseppe Tornatore",1998,169,0,8.5
"2021-08-20 16:30:00","The Truman Show",COMEDY,"Peter Weir",1998,103,0,7.0
"2021-08-21 10:30:00","Raging Bull",BIOGRAPHY,"Martin Scorsese",1980,129,12,8.0
"2021-08-21 13:30:00","Serpico",BIOGRAPHY,"Sidney Lumet",1973,130,12,7.5
"2021-08-21 16:30:00","Harold and Maude",COMEDY,"Hal Ashby",1971,91,6,6.5
"2021-08-21 19:00:00","Toy Story 2",ANIMATION,"John Lasseter",1999,92,0,9.5
"2021-08-22 10:00:00","Toy Story 2",ANIMATION,"John Lasseter",1999,92,0,6.5
"2021-08-22 12:30:00","Paris, Texas",DRAMA,"Wim Wenders",1984,145,0,8.5
"2021-08-22 16:00:00","The Truman Show",COMEDY,"Peter Weir",1998,103,0,8.0
"2021-08-22 18:30:00","Toy Story 2",ANIMATION,"John Lasseter",1999,92,0,8.5
"2021-08-23 10:30:00","Nuovo Cinema Paradiso",DRAMA,"Giuseppe Tornatore",1988,155,0,8.5
"2021-08-23 14:00:00","The Truman Show",COMEDY,"Peter Weir",1998,103,0,7.5
"2021-08-23 16:30:00","Taxi Driver",CRIME,"Martin Scorsese",1976,114,12,6.5
"2021-08-24 10:30:00","Jojo Rabbit",COMEDY,"Taika Waititi",2019,108,12,6.5
"2021-08-25 10:00:00","Ran",ACTION,"Akira Kurosawa",1985,162,0,7.5
"2021-08-26 10:30:00","Ran",ACTION,"Akira Kurosawa",1985,162,0,8.0
"2021-08-27 10:00:00","Raging Bull",BIOGRAPHY,"Martin Scorsese",1980,129,12,7.5
"2021-08-28 10:30:00","The Apartment",COMEDY,"Billy Wilder",1960,125,0,7.5
"2021-08-28 13:30:00","The Magnificent Seven",ACTION,"John Sturges",1960,128,12,8.5
"2021-08-28 16:30:00","The Boondock Saints",ACTION,"Troy Duffy",1999,108,16,7.0
"2021-08-29 10:00:00","Harold and Maude",COMEDY,"Hal Ashby",1971,91,6,8.0
"2021-08-29 12:30:00","Andaz Apna Apna",ACTION,"Rajkumar Santoshi",1994,160,0,6.5
"2021-08-29 16:00:00","Billy Elliot",DRAMA,"Stephen Daldry",2000,110,16,7.0
"2021-08-29 18:30:00","Bonnie and Clyde",ACTION,"Arthur Penn",1967,111,12,9.0
"2021-08-30 10:30:00","The Thing",HORROR,"John Carpenter",1982,109,12,6.5
"2021-08-30 13:00:00","Serpico",BIOGRAPHY,"Sidney Lumet",1973,130,12,7.0
"2021-08-30 16:00:00","Taxi Driver",CRIME,"Martin Scorsese",1976,114,12,8.5
"2021-08-31 10:30:00","Sunset Blvd.",DRAMA,"Billy Wilder",1950,110,12,7.5
"2021-09-01 10:30:00","Léon",ACTION,"Luc Besson",1994,110,12,8.0
"2021-09-01 13:30:00","The 39 Steps",CRIME,"Alfred Hitchcock",1935,86,12,7.5
"2021-09-01 15:30:00","La passion de Jeanne d'Arc",BIOGRAPHY,"Carl Theodor Dreyer",1928,110,12,6.5
"2021-09-02 10:00:00","The Thing",HORROR,"John Carpenter",1982,109,12,7.5
"2021-09-02 13:00:00","Toy Story 2",ANIMATION,"John Lasseter",1999,92,0,8.0
"2021-09-03 10:30:00","The Thing",HORROR,"John Carpenter",1982,109,12,7.0
"2021-09-03 13:00:00","Serpico",BIOGRAPHY,"Sidney Lumet",1973,130,12,7.0
"2021-09-04 10:30:00","Léon",ACTION,"Luc Besson",1994,110,12,7.5
"2021-09-04 13:00:00","The Godfather",CRIME,"Francis Ford Coppola",1972,175,12,8.0
"2021-09-04 17:00:00","The Thing",HORROR,"John Carpenter",1982,109,12,8.0
"2021-09-05 10:00:00","Léon",ACTION,"Luc Besson",1994,110,12,8.0
"2021-09-05 13:00:00","Raging Bull",BIOGRAPHY,"Martin Scorsese",1980,129,12,8.0
"2021-09-05 16:00:00","Bonnie and Clyde",ACTION,"Arthur Penn",1967,111,12,7.0
"2021-09-05 18:30:00","The Boondock Saints",ACTION,"Troy Duffy",1999,108,16,8.5
"2021-09-06 10:00:00","The Magnificent Seven",ACTION,"John Sturges",1960,128,12,6.5
"2021-09-06 13:00:00","Rear Window",MYSTERY,"Alfred Hitchcock",1954,112,0,7.0
"2021-09-07 10:00:00","The Killing",CRIME,"Stanley Kubrick",1956,84,12,8.0
"2021-09-07 12:00:00","The Boondock Saints",ACTION,"Troy Duffy",1999,108,16,8.0
"2021-09-08 10:30:00","Raging Bull",BIOGRAPHY,"Martin Scorsese",1980,129,12,7.5
"2021-09-08 13:30:00","The Purple Rose of Cairo",COMEDY,"Woody Allen",1985,82,0,7.0
"2021-09-08 16:00:00","The Godfather",CRIME,"Francis Ford Coppola",1972,175,12,6.5
"2021-09-09 10:30:00","Brazil",DRAMA,"Terry Gilliam",1985,132,0,7.0
"2021-09-10 10:00:00","Ran",ACTION,"Akira Kurosawa",1985,162,0,6.5
"2021-09-10 13:30:00","Miller's Crossing",CRIME,"Joel Coen",1990,115,16,6.5
"2021-09-10 16:30:00","The Muppet Movie",ADVENTURE,"James Frawley",1979,95,0,7.0
"2021-09-11 10:30:00","American Beauty",DRAMA,"Sam Mendes",1999,122,12,8.5
"2021-09-11 13:30:00","Kind Hearts and Coronets",COMEDY,"Robert Hamer",1949,106,0,8.5
"2021-09-11 16:00:00","Sunset Blvd.",DRAMA,"Billy Wilder",1950,110,12,6.5
"2021-09-12 10:00:00","American Beauty",DRAMA,"Sam Mendes",1999,122,12,8.0
"2021-09-12 13:00:00","The 39 Steps",CRIME,"Alfred Hitchcock",1935,86,12,8.0
"2021-09-12 15:30:00","Indiana Jones and the Last Crusade",ACTION,"Steven Spielberg",1989,127,0,7.0
"2021-09-12 18:30:00","Bride of Frankenstein",DRAMA,"James Whale",1935,75,12,9.5
"2021-09-13 10:30:00","The Shop Around the Corner",COMEDY,"Ernst Lubitsch",1940,99,12,7.5
"2021-09-13 13:00:00","Ran",ACTION,"Akira Kurosawa",1985,162,0,6.5
"2021-09-13 16:30:00","Invasion of the Body Snatchers",DRAMA,"Don Siegel",1956,80,12,7.0
"2021-09-14 10:00:00","The Apartment",COMEDY,"Billy Wilder",1960,125,0,7.0
"2021-09-14 13:00:00","Goldfinger",ACTION,"Guy Hamilton",1964,110,12,7.0
"2021-09-15 10:00:00","The Little Mermaid",ANIMATION,"Ron Clements",1989,83,0,7.0
"2021-09-15 12:30:00","Invasion of the Body Snatchers",DRAMA,"Don Siegel",1956,80,12,7.5
"2021-09-16 10:00:00","Sense and Sensibility",DRAMA,"Ang Lee",1995,136,0,7.5
"2021-09-16 13:00:00","Rear Window",MYSTERY,"Alfred Hitchcock",1954,112,0,7.0
"2021-09-16 16:00:00","The Little Mermaid",ANIMATION,"Ron Clements",1989,83,0,7.0
"2021-09-17 10:30:00","Brazil",DRAMA,"Terry Gilliam",1985,132,0,6.5
"2021-09-18 10:30:00","The Apartment",COMEDY,"Billy Wilder",1960,125,0,8.5
"2021-09-18 13:30:00","Goldfinger",ACTION,"Guy Hamilton",1964,110,12,8.5
"2021-09-18 16:00:00","Goldfinger",ACTION,"Guy Hamilton",1964,110,12,7.5
"2021-09-19 10:30:00","Mad Max 2",ACTION,"George Miller",1981,96,12,6.5
"2021-09-19 13:00:00","The Muppet Movie",ADVENTURE,"James Frawley",1979,95,0,8.0
"2021-09-19 15:30:00","Invasion of the Body Snatchers",DRAMA,"Don Siegel",1956,80,12,7.5
"2021-09-20 10:00:00","Brazil",DRAMA,"Terry Gilliam",1985,132,0,7.0
"2021-09-20 13:00:00","Gongdong gyeongbi guyeok JSA",ACTION,"Chan-wook Park",2000,110,12,7.5
"2021-09-21 10:00:00","The Shop Around the Corner",COMEDY,"Ernst Lubitsch",1940,99,12,7.5
"2021-09-22 10:30:00","Jojo Rabbit",COMEDY,"Taika Waititi",2019,108,12,7.0
"2021-09-22 13:00:00","Sunset Blvd.",DRAMA,"Billy Wilder",1950,110,12,8.5
"2021-09-22 15:30:00","Rear Window",MYSTERY,"Alfred Hitchcock",1954,112,0,6.5
"2021-09-23 10:00:00","The Thing",HORROR,"John Carpenter",1982,109,12,6.5
"2021-09-23 12:30:00","Taxi Driver",CRIME,"Martin Scorsese",1976,114,12,7.0
"2021-09-23 15:00:00","À bout de souffle",CRIME,"Jean-Luc Godard",1960,90,0,6.5
"2021-09-24 10:00:00","The Muppet Movie",ADVENTURE,"James Frawley",1979,95,0,8.5
"2021-09-24 12:30:00","Pulp Fiction",CRIME,"Quentin Tarantino",1994,154,12,8.5
"2021-09-24 16:00:00","Miller's Crossing",CRIME,"Joel Coen",1990,115,16,7.5
"2021-09-25 10:00:00","Sunset Blvd.",DRAMA,"Billy Wilder",1950,110,12,6.5
"2021-09-25 12:30:00","Brazil",DRAMA,"Terry Gilliam",1985,132,0,8.0
"2021-09-25 15:30:00","Just Mercy",BIOGRAPHY,"Destin Daniel Cretton",2019,137,12,8.5
"2021-09-26 10:30:00","Mad Max 2",ACTION,"George Miller",1981,96,12,8.0
"2021-09-26 13:00:00","Bonnie and Clyde",ACTION,"Arthur Penn",1967,111,12,6.5
"2021-09-26 16:00:00","The Shop Around the Corner",COMEDY,"Ernst Lubitsch",1940,99,12,8.0
"2021-09-27 10:00:00","Andrei Rublev",BIOGRAPHY,"Andrei Tarkovsky",1966,205,16,8.0
"2021-09-27 14:30:00","Pulp Fiction",CRIME,"Quentin Tarantino",1994,154,12,6.5
"2021-09-28 10:00:00","The Boondock Saints",ACTION,"Troy Duffy",1999,108,16,7.0
"2021-09-28 13:00:00","Sunset Blvd.",DRAMA,"Billy Wilder",1950,110,12,8.0
"2021-09-28 15:30:00","Platoon",DRAMA,"Oliver Stone",1986,120,12,7.0
"2021-09-29 10:00:00","The Little Mermaid",ANIMATION,"Ron Clements",1989,83,0,8.0
"2021-09-30 10:30:00","Platoon",DRAMA,"Oliver Stone",1986,120,12,8.0
"2021-09-30 13:30:00","Kaze no tani no Naushika",ANIMATION,"Hayao Miyazaki",1984,117,0,8.0
"2021-09-30 16:00:00","Just Mercy",BIOGRAPHY,"Destin Daniel Cretton",2019,137,12,6.5
"2021-10-01 10:30:00","The Muppet Movie",ADVENTURE,"James Frawley",1979,95,0,8.5
"2021-10-01 13:00:00","The Verdict",DRAMA,"Sidney Lumet",1982,129,0,7.0
"2021-10-01 16:00:00","The Shop Around the Corner",COMEDY,"Ernst Lubitsch",1940,99,12,7.0
"2021-10-02 10:30:00","Andrei Rublev",BIOGRAPHY,"Andrei Tarkovsky",1966,205,16,6.5
"2021-10-02 15:00:00","Billy Elliot",DRAMA,"Stephen Daldry",2000,110,16,6.5
"2021-10-02 17:30:00","Platoon",DRAMA,"Oliver Stone",1986,120,12,8.0
"2021-10-03 10:00:00","Monsters, Inc.",ANIMATION,"Pete Docter",2001,92,0,6.5
"2021-10-03 12:30:00","Das Experiment",DRAMA,"Oliver Hirschbiegel",2001,120,16,7.5
"2021-10-03 15:30:00","The Verdict",DRAMA,"Sidney Lumet",1982,129,0,6.5
"2021-10-03 18:30:00","The Boondock Saints",ACTION,"Troy Duffy",1999,108,16,9.5
"2021-10-04 10:30:00","The Verdict",DRAMA,"Sidney Lumet",1982,129,0,8.0
"2021-10-04 13:30:00","Hamlet",DRAMA,"Kenneth Branagh",1996,242,12,7.0
"2021-10-04 18:30:00","Bronenosets Potemkin",DRAMA,"Sergei M. Eisenstein",1925,75,12,8.5
"2021-10-05 10:00:00","Bronenosets Potemkin",DRAMA,"Sergei M. Eisenstein",1925,75,12,8.5
"2021-10-05 12:00:00","The Little Mermaid",ANIMATION,"Ron Clements",1989,83,0,6.5
"2021-10-06 10:30:00","Ran",ACTION,"Akira Kurosawa",1985,162,0,8.0
"2021-10-06 14:00:00","Andrei Rublev",BIOGRAPHY,"Andrei Tarkovsky",1966,205,16,7.0
"2021-10-06 18:00:00","Pulp Fiction",CRIME,"Quentin Tarantino",1994,154,12,9.0
"2021-10-07 10:00:00","Bride of Frankenstein",DRAMA,"James Whale",1935,75,12,8.5
"2021-10-08 10:30:00","Jojo Rabbit",COMEDY,"Taika Waititi",2019,108,12,7.0
"2021-10-08 13:30:00","Shine",BIOGRAPHY,"Scott Hicks",1996,105,0,7.5
"2021-10-09 10:30:00","Monsters, Inc.",ANIMATION,"Pete Docter",2001,92,0,6.5
"2021-10-09 13:00:00","Hamlet",DRAMA,"Kenneth Branagh",1996,242,12,7.0
"2021-10-09 18:00:00","Barton Fink",COMEDY,"Joel Coen",1991,116,0,9.5
"2021-10-09 21:00:00","Kaze no tani no Naushika",ANIMATION,"Hayao Miyazaki",1984,117,0,10.0
"2021-10-10 10:00:00","Planet of the Apes",ADVENTURE,"Franklin J. Schaffner",1968,112,0,8.0
"2021-10-10 13:00:00","Gladiator",ACTION,"Ridley Scott",2000,155,12,7.0
"2021-10-10 16:30:00","Shine",BIOGRAPHY,"Scott Hicks",1996,105,0,7.5
"2021-10-10 19:00:00","Höstsonaten",DRAMA,"Ingmar Bergman",1978,99,0,8.5
"2021-10-11 10:00:00","Soorarai Pottru",DRAMA,"Sudha Kongara",2020,153,0,7.0
"2021-10-11 13:30:00","À bout de souffle",CRIME,"Jean-Luc Godard",1960,90,0,7.5
"2021-10-11 16:00:00","The Thing",HORROR,"John Carpenter",1982,109,12,7.5
"2021-10-12 10:30:00","Barton Fink",COMEDY,"Joel Coen",1991,116,0,7.0
"2021-10-13 10:00:00","Monsters, Inc.",ANIMATION,"Pete Docter",2001,92,0,7.5
"2021-10-13 12:30:00","Just Mercy",BIOGRAPHY,"Destin Daniel Cretton",2019,137,12,8.0
"2021-10-13 15:30:00","The Purple Rose of Cairo",COMEDY,"Woody Allen",1985,82,0,7.5
"2021-10-14 10:00:00","Just Mercy",BIOGRAPHY,"Destin Daniel Cretton",2019,137,12,7.0
"2021-10-15 10:30:00","The Purple Rose of Cairo",COMEDY,"Woody Allen",1985,82,0,8.0
"2021-10-15 13:00:00","The Breakfast Club",COMEDY,"John Hughes",1985,97,12,7.0
"2021-10-16 10:30:00","Patton",BIOGRAPHY,"Franklin J. Schaffner",1970,172,0,8.0
"2021-10-16 14:00:00","Notorious",DRAMA,"Alfred Hitchcock",1946,102,0,6.5
"2021-10-16 16:30:00","Sense and Sensibility",DRAMA,"Ang Lee",1995,136,0,7.0
"2021-10-16 19:30:00","Just Mercy",BIOGRAPHY,"Destin Daniel Cretton",2019,137,12,10.0
"2021-10-17 10:00:00","Das Experiment",DRAMA,"Oliver Hirschbiegel",2001,120,16,7.0
"2021-10-17 13:00:00","Pulp Fiction",CRIME,"Quentin Tarantino",1994,154,12,8.5
"2021-10-17 16:30:00","Soorarai Pottru",DRAMA,"Sudha Kongara",2020,153,0,6.5
"2021-10-17 20:00:00","Mulholland Dr.",DRAMA,"David Lynch",2001,147,16,10.0
"2021-10-18 10:30:00","The Verdict",DRAMA,"Sidney Lumet",1982,129,0,7.5
"2021-10-18 13:30:00","Goldfinger",ACTION,"Guy Hamilton",1964,110,12,7.0
"2021-10-19 10:00:00","The Insider",BIOGRAPHY,"Michael Mann",1999,157,12,8.5
"2021-10-19 13:30:00","Miller's Crossing",CRIME,"Joel Coen",1990,115,16,7.0
"2021-10-20 10:00:00","Mulholland Dr.",DRAMA,"David Lynch",2001,147,16,8.0
"2021-10-21 10:00:00","Ferris Bueller's Day Off",COMEDY,"John Hughes",1986,103,0,7.0
"2021-10-22 10:00:00","Hamlet",DRAMA,"Kenneth Branagh",1996,242,12,8.5
"2021-10-23 10:00:00","Hamlet",DRAMA,"Kenneth Branagh",1996,242,12,8.0
"2021-10-23 15:00:00","Goldfinger",ACTION,"Guy Hamilton",1964,110,12,8.0
"2021-10-23 17:30:00","The Insider",BIOGRAPHY,"Michael Mann",1999,157,12,6.5
"2021-10-24 10:30:00","Gone with the Wind",DRAMA,"Victor Fleming",1939,238,0,8.5
"2021-10-24 15:30:00","Platoon",DRAMA,"Oliver Stone",1986,120,12,7.0
"2021-10-24 18:30:00","American Beauty",DRAMA,"Sam Mendes",1999,122,12,10.0
"2021-10-25 10:30:00","Sherlock Jr.",ACTION,"Buster Keaton",1924,45,12,7.0
"2021-10-25 12:00:00","Gone with the Wind",DRAMA,"Victor Fleming",1939,238,0,7.0
"2021-10-25 17:00:00","La haine",CRIME,"Mathieu Kassovitz",1995,98,12,8.0
"2021-10-26 10:30:00","Little Women",DRAMA,"Greta Gerwig",2019,135,0,8.5
"2021-10-27 10:00:00","Billy Elliot",DRAMA,"Stephen Daldry",2000,110,16,8.0
"2021-10-28 10:30:00","Crimes and Misdemeanors",COMEDY,"Woody Allen",1989,104,12,8.0
"2021-10-28 13:00:00","Reservoir Dogs",CRIME,"Quentin Tarantino",1992,99,16,6.5
"2021-10-29 10:30:00","The Insider",BIOGRAPHY,"Michael Mann",1999,157,12,7.0
"2021-10-30 10:30:00","Reservoir Dogs",CRIME,"Quentin Tarantino",1992,99,16,8.5
"2021-10-30 13:00:00","Network",DRAMA,"Sidney Lumet",1976,121,12,6.5
"2021-10-30 16:00:00","Höstsonaten",DRAMA,"Ingmar Bergman",1978,99,0,7.0
"2021-10-31 10:30:00","Sabrina",COMEDY,"Billy Wilder",1954,113,12,7.5
"2021-10-31 13:00:00","Höstsonaten",DRAMA,"Ingmar Bergman",1978,99,0,7.5
"2021-10-31 15:30:00","Andrei Rublev",BIOGRAPHY,"Andrei Tarkovsky",1966,205,16,7.0
"2021-10-31 20:00:00","Patton",BIOGRAPHY,"Franklin J. Schaffner",1970,172,0,9.0
"2021-11-01 10:00:00","The Insider",BIOGRAPHY,"Michael Mann",1999,157,12,8.5
"2021-11-01 13:30:00","The Great Escape",ADVENTURE,"John Sturges",1963,172,0,7.0
"2021-11-01 17:30:00","Höstsonaten",DRAMA,"Ingmar Bergman",1978,99,0,8.5
"2021-11-02 10:00:00","Hana-bi",CRIME,"Takeshi Kitano",1997,103,12,6.5
"2021-11-02 12:30:00","Gone with the Wind",DRAMA,"Victor Fleming",1939,238,0,7.5
"2021-11-02 17:30:00","Platoon",DRAMA,"Oliver Stone",1986,120,12,8.5
"2021-11-03 10:00:00","Hana-bi",CRIME,"Takeshi Kitano",1997,103,12,7.5
"2021-11-04 10:30:00","Mississippi Burning",CRIME,"Alan Parker",1988,128,12,8.5
"2021-11-05 10:30:00","Patton",BIOGRAPHY,"Franklin J. Schaffner",1970,172,0,8.5
"2021-11-06 10:30:00","Andrei Rublev",BIOGRAPHY,"Andrei Tarkovsky",1966,205,16,7.5
"2021-11-06 15:00:00","Platoon",DRAMA,"Oliver Stone",1986,120,12,7.5
"2021-11-06 18:00:00","Höstsonaten",DRAMA,"Ingmar Bergman",1978,99,0,8.5
"2021-11-07 10:30:00","Mississippi Burning",CRIME,"Alan Parker",1988,128,12,6.5
"2021-11-07 13:30:00","Mississippi Burning",CRIME,"Alan Parker",1988,128,12,8.5
"2021-11-07 16:30:00","Das Boot",ADVENTURE,"Wolfgang Petersen",1981,149,16,6.5
"2021-11-08 10:30:00","Little Women",DRAMA,"Greta Gerwig",2019,135,0,6.5
"2021-11-08 13:30:00","Höstsonaten",DRAMA,"Ingmar Bergman",1978,99,0,7.0
"2021-11-08 16:00:00","The Insider",BIOGRAPHY,"Michael Mann",1999,157,12,6.5
"2021-11-09 10:00:00","Mulholland Dr.",DRAMA,"David Lynch",2001,147,16,7.0
"2021-11-09 13:30:00","Monsters, Inc.",ANIMATION,"Pete Docter",2001,92,0,8.0
"2021-11-10 10:00:00","Höstsonaten",DRAMA,"Ingmar Bergman",1978,99,0,7.0
"2021-11-10 12:30:00","Mississippi Burning",CRIME,"Alan Parker",1988,128,12,8.5
"2021-11-11 10:30:00","Andrei Rublev",BIOGRAPHY,"Andrei Tarkovsky",1966,205,16,8.0
"2021-11-12 10:30:00","Full Metal Jacket",DRAMA,"Stanley Kubrick",1987,116,12,7.5
"2021-11-12 13:30:00","Malcolm X",BIOGRAPHY,"Spike Lee",1992,202,0,7.5
"2021-11-13 10:00:00","Life of Brian",COMEDY,"Terry Jones",1979,94,16,7.0
"2021-11-13 12:30:00","The Shawshank Redemption",DRAMA,"Frank Darabont",1994,142,12,8.0
"2021-11-13 16:00:00","Network",DRAMA,"Sidney Lumet",1976,121,12,7.0
"2021-11-14 10:00:00","Full Metal Jacket",DRAMA,"Stanley Kubrick",1987,116,12,7.0
"2021-11-14 12:30:00","Full Metal Jacket",DRAMA,"Stanley Kubrick",1987,116,12,8.5
"2021-11-14 15:30:00","Hana-bi",CRIME,"Takeshi Kitano",1997,103,12,8.5
"2021-11-14 18:00:00","Platoon",DRAMA,"Oliver Stone",1986,120,12,8.5
"2021-11-15 10:30:00","The Lion in Winter",BIOGRAPHY,"Anthony Harvey",1968,134,6,8.0
"2021-11-16 10:00:00","Klaus",ANIMATION,"Sergio Pablos",2019,96,6,7.0
"2021-11-16 12:30:00","Blowup",DRAMA,"Michelangelo Antonioni",1966,111,12,8.0
"2021-11-16 15:30:00","Il buono, il brutto, il cattivo",WESTERN,"Sergio Leone",1966,161,12,8.0
"2021-11-17 10:00:00","Höstsonaten",DRAMA,"Ingmar Bergman",1978,99,0,8.0
"2021-11-18 10:00:00","Monsters, Inc.",ANIMATION,"Pete Docter",2001,92,0,7.0
"2021-11-18 12:30:00","Il buono, il brutto, il cattivo",WESTERN,"Sergio Leone",1966,161,12,8.5
"2021-11-19 10:00:00","Das Boot",ADVENTURE,"Wolfgang Petersen",1981,149,16,7.5
"2021-11-20 10:30:00","Reservoir Dogs",CRIME,"Quentin Tarantino",1992,99,16,8.0
"2021-11-20 13:00:00","The Lion in Winter",BIOGRAPHY,"Anthony Harvey",1968,134,6,7.5
"2021-11-20 16:00:00","Höstsonaten",DRAMA,"Ingmar Bergman",1978,99,0,7.0
"2021-11-21 10:30:00","Hamlet",DRAMA,"Kenneth Branagh",1996,242,12,7.0
"2021-11-21 15:30:00","Crimes and Misdemeanors",COMEDY,"Woody Allen",1989,104,12,6.5
"2021-11-21 18:00:00","The Lion in Winter",BIOGRAPHY,"Anthony Harvey",1968,134,6,8.5
"2021-11-21 21:00:00","Patton",BIOGRAPHY,"Franklin J. Schaffner",1970,172,0,10.0
"2021-11-22 10:30:00","Il buono, il brutto, il cattivo",WESTERN,"Sergio Leone",1966,161,12,8.0
"2021-11-22 14:00:00","Predator",ACTION,"John McTiernan",1987,107,12,8.0
"2021-11-22 16:30:00","Ferris Bueller's Day Off",COMEDY,"John Hughes",1986,103,0,8.5
"2021-11-23 10:00:00","Il buono, il brutto, il cattivo",WESTERN,"Sergio Leone",1966,161,12,8.0
"2021-11-24 10:00:00","Blowup",DRAMA,"Michelangelo Antonioni",1966,111,12,7.5
"2021-11-24 12:30:00","12 Angry Men",CRIME,"Sidney Lumet",1957,96,0,7.0
"2021-11-24 15:00:00","The Shawshank Redemption",DRAMA,"Frank Darabont",1994,142,12,7.0
"2021-11-25 10:30:00","Il buono, il brutto, il cattivo",WESTERN,"Sergio Leone",1966,161,12,6.5
"2021-11-25 14:00:00","Lagaan: Once Upon a Time in India",ADVENTURE,"Ashutosh Gowariker",2001,224,0,7.0
"2021-11-25 18:30:00","Planet of the Apes",ADVENTURE,"Franklin J. Schaffner",1968,112,0,8.5
"2021-11-26 10:30:00","Il buono, il brutto, il cattivo",WESTERN,"Sergio Leone",1966,161,12,8.5
"2021-11-26 14:00:00","Predator",ACTION,"John McTiernan",1987,107,12,7.0
"2021-11-26 16:30:00","Ghostbusters",ACTION,"Ivan Reitman",1984,105,12,8.0
"2021-11-27 10:00:00","Klaus",ANIMATION,"Sergio Pablos",2019,96,6,8.0
"2021-11-27 12:30:00","Planet of the Apes",ADVENTURE,"Franklin J. Schaffner",1968,112,0,7.5
"2021-11-27 15:30:00","Mississippi Burning",CRIME,"Alan Parker",1988,128,12,7.0
"2021-11-28 10:30:00","Planet of the Apes",ADVENTURE,"Franklin J. Schaffner",1968,112,0,6.5
"2021-11-28 13:30:00","Predator",ACTION,"John McTiernan",1987,107,12,8.0
"2021-11-28 16:00:00","The Muppet Christmas Carol",COMEDY,"Brian Henson",1992,85,0,8.0
"2021-11-28 18:00:00","Lagaan: Once Upon a Time in India",ADVENTURE,"Ashutosh Gowariker",2001,224,0,10.0
"2021-11-29 10:30:00","Il postino",BIOGRAPHY,"Michael Radford",1994,108,0,7.5
"2021-11-29 13:00:00","12 Angry Men",CRIME,"Sidney Lumet",1957,96,0,7.5
"2021-11-29 15:30:00","The Message",BIOGRAPHY,"Moustapha Akkad",1976,177,6,6.5
"2021-11-30 10:30:00","Rosemary's Baby",DRAMA,"Roman Polanski",1968,137,12,7.5
"2021-12-01 10:30:00","Little Women",DRAMA,"Greta Gerwig",2019,135,0,7.0
"2021-12-01 13:30:00","The Muppet Christmas Carol",COMEDY,"Brian Henson",1992,85,0,8.5
"2021-12-01 16:00:00","Kakushi-toride no san-akunin",ADVENTURE,"Akira Kurosawa",1958,139,12,8.0
"2021-12-02 10:30:00","American Beauty",DRAMA,"Sam Mendes",1999,122,12,8.5
"2021-12-02 13:30:00","The Muppet Christmas Carol",COMEDY,"Brian Henson",1992,85,0,6.5
"2021-12-02 15:30:00","Network",DRAMA,"Sidney Lumet",1976,121,12,6.5
"2021-12-03 10:00:00","Full Metal Jacket",DRAMA,"Stanley Kubrick",1987,116,12,8.5
"2021-12-03 13:00:00","Rosemary's Baby",DRAMA,"Roman Polanski",1968,137,12,7.0
"2021-12-03 16:00:00","JFK",DRAMA,"Oliver Stone",1991,189,12,7.5
"2021-12-04 10:00:00","Hamlet",DRAMA,"Kenneth Branagh",1996,242,12,7.5
"2021-12-04 15:00:00","The Muppet Christmas Carol",COMEDY,"Brian Henson",1992,85,0,7.5
"2021-12-04 17:30:00","Mississippi Burning",CRIME,"Alan Parker",1988,128,12,6.5
"2021-12-04 20:30:00","Malcolm X",BIOGRAPHY,"Spike Lee",1992,202,0,9.0
"2021-12-05 10:30:00","Ghostbusters",ACTION,"Ivan Reitman",1984,105,12,7.5
"2021-12-05 13:00:00","Klaus",ANIMATION,"Sergio Pablos",2019,96,6,7.0
"2021-12-05 15:30:00","The Muppet Christmas Carol",COMEDY,"Brian Henson",1992,85,0,7.5
"2021-12-05 17:30:00","Rosemary's Baby",DRAMA,"Roman Polanski",1968,137,12,6.5
"2021-12-06 10:30:00","Malcolm X",BIOGRAPHY,"Spike Lee",1992,202,0,7.5
"2021-12-06 15:00:00","Paths of Glory",DRAMA,"Stanley Kubrick",1957,88,12,8.0
"2021-12-07 10:00:00","Hamlet",DRAMA,"Kenneth Branagh",1996,242,12,8.0
"2021-12-08 10:00:00","Reservoir Dogs",CRIME,"Quentin Tarantino",1992,99,16,8.0
"2021-12-08 12:30:00","Star Trek II: The Wrath of Khan",ACTION,"Nicholas Meyer",1982,113,0,8.5
"2021-12-09 10:30:00","Mimi wo sumaseba",ANIMATION,"Yoshifumi Kondô",1995,111,0,8.0
"2021-12-09 13:30:00","The Message",BIOGRAPHY,"Moustapha Akkad",1976,177,6,7.5
"2021-12-09 17:00:00","Planet of the Apes",ADVENTURE,"Franklin J. Schaffner",1968,112,0,7.0
"2021-12-10 10:00:00","Cat on a Hot Tin Roof",DRAMA,"Richard Brooks",1958,108,12,7.5
"2021-12-10 12:30:00","The Straight Story",BIOGRAPHY,"David Lynch",1999,112,0,7.0
"2021-12-11 10:00:00","Paths of Glory",DRAMA,"Stanley Kubrick",1957,88,12,6.5
"2021-12-11 12:30:00","Mississippi Burning",CRIME,"Alan Parker",1988,128,12,7.5
"2021-12-11 15:30:00","True Romance",CRIME,"Tony Scott",1993,119,16,8.5
"2021-12-11 18:30:00","Il postino",BIOGRAPHY,"Michael Radford",1994,108,0,8.5
"2021-12-12 10:30:00","Lagaan: Once Upon a Time in India",ADVENTURE,"Ashutosh Gowariker",2001,224,0,7.0
"2021-12-12 15:00:00","Hamlet",DRAMA,"Kenneth Branagh",1996,242,12,6.5
"2021-12-12 20:00:00","The Muppet Christmas Carol",COMEDY,"Brian Henson",1992,85,0,8.5
"2021-12-13 10:00:00","The Message",BIOGRAPHY,"Moustapha Akkad",1976,177,6,8.0
"2021-12-13 14:00:00","Paths of Glory",DRAMA,"Stanley Kubrick",1957,88,12,7.0
"2021-12-13 16:30:00","Cowboy Bebop: Tengoku no tobira",ANIMATION,"Shin'ichirô Watanabe",2001,115,0,8.0
"2021-12-14 10:00:00","Predator",ACTION,"John McTiernan",1987,107,12,8.5
"2021-12-15 10:30:00","Aladdin",ANIMATION,"Ron Clements",1992,90,0,7.5
"2021-12-15 13:00:00","Mimi wo sumaseba",ANIMATION,"Yoshifumi Kondô",1995,111,0,7.0
"2021-12-15 15:30:00","Star Trek II: The Wrath of Khan",ACTION,"Nicholas Meyer",1982,113,0,8.0
"2021-12-16 10:30:00","Aladdin",ANIMATION,"Ron Clements",1992,90,0,8.0
"2021-12-16 13:00:00","Kakushi-toride no san-akunin",ADVENTURE,"Akira Kurosawa",1958,139,12,7.0
"2021-12-16 16:00:00","Star Trek II: The Wrath of Khan",ACTION,"Nicholas Meyer",1982,113,0,8.0
"2021-12-17 10:00:00","Klaus",ANIMATION,"Sergio Pablos",2019,96,6,8.0
"2021-12-17 12:30:00","Il buono, il brutto, il cattivo",WESTERN,"Sergio Leone",1966,161,12,7.5
"2021-12-17 16:00:00","Mississippi Burning",CRIME,"Alan Parker",1988,128,12,7.5
"2021-12-18 10:30:00","Full Metal Jacket",DRAMA,"Stanley Kubrick",1987,116,12,8.0
"2021-12-18 13:30:00","The Straight Story",BIOGRAPHY,"David Lynch",1999,112,0,8.5
"2021-12-18 16:00:00","Clerks",COMEDY,"Kevin Smith",1994,92,16,7.0
"2021-12-19 10:00:00","Star Trek II: The Wrath of Khan",ACTION,"Nicholas Meyer",1982,113,0,8.5
"2021-12-19 12:30:00","Planet of the Apes",ADVENTURE,"Franklin J. Schaffner",1968,112,0,8.0
"2021-12-19 15:30:00","Il postino",BIOGRAPHY,"Michael Radford",1994,108,0,7.5
"2021-12-19 18:00:00","Rosemary's Baby",DRAMA,"Roman Polanski",1968,137,12,8.5
"2021-12-20 10:00:00","Il postino",BIOGRAPHY,"Michael Radford",1994,108,0,7.5
"2021-12-20 12:30:00","Druk",COMEDY,"Thomas Vinterberg",2020,117,12,8.0
"2021-12-21 10:00:00","The Muppet Christmas Carol",COMEDY,"Brian Henson",1992,85,0,7.0
"2021-12-21 12:30:00","True Romance",CRIME,"Tony Scott",1993,119,16,6.5
"2021-12-21 15:30:00","Aladdin",ANIMATION,"Ron Clements",1992,90,0,7.0
"2021-12-22 10:00:00","Aguirre, der Zorn Gottes",ACTION,"Werner Herzog",1972,95,12,8.5
"2021-12-22 12:30:00","Il postino",BIOGRAPHY,"Michael Radford",1994,108,0,8.0
"2021-12-23 10:30:00","Schindler's List",BIOGRAPHY,"Steven Spielberg",1993,195,12,8.0
"2021-12-23 14:30:00","Platoon",DRAMA,"Oliver Stone",1986,120,12,6.5
"2021-12-23 17:30:00","Das Boot",ADVENTURE,"Wolfgang Petersen",1981,149,16,8.0
"2021-12-24 10:30:00","Das Boot",ADVENTURE,"Wolfgang Petersen",1981,149,16,8.5
"2021-12-25 10:00:00","Planet of the Apes",ADVENTURE,"Franklin J. Schaffner",1968,112,0,6.5
"2021-12-25 12:30:00","Ghostbusters",ACTION,"Ivan Reitman",1984,105,12,7.0
"2021-12-25 15:00:00","True Romance",CRIME,"Tony Scott",1993,119,16,8.0
"2021-12-25 18:00:00","Star Trek II: The Wrath of Khan",ACTION,"Nicholas Meyer",1982,113,0,8.5
"2021-12-26 10:00:00","Star Trek II: The Wrath of Khan",ACTION,"Nicholas Meyer",1982,113,0,7.5
"2021-12-26 13:00:00","Das Boot",ADVENTURE,"Wolfgang Petersen",1981,149,16,8.5
"2021-12-26 16:30:00","E.T. the Extra-Terrestrial",FAMILY,"Steven Spielberg",1982,115,0,8.0
"2021-12-26 19:30:00","Lagaan: Once Upon a Time in India",ADVENTURE,"Ashutosh Gowariker",2001,224,0,9.5
"2021-12-27 10:00:00","Snatch",COMEDY,"Guy Ritchie",2000,104,12,7.0
"2021-12-27 12:30:00","Mississippi Burning",CRIME,"Alan Parker",1988,128,12,7.5
"2021-12-28 10:00:00","Hamlet",DRAMA,"Kenneth Branagh",1996,242,12,8.0
"2021-12-28 15:00:00","Mimi wo sumaseba",ANIMATION,"Yoshifumi Kondô",1995,111,0,7.0
"2021-12-28 17:30:00","The Muppet Christmas Carol",COMEDY,"Brian Henson",1992,85,0,8.5
"2021-12-29 10:30:00","Aladdin",ANIMATION,"Ron Clements",1992,90,0,8.5
"2021-12-29 12:30:00","Clerks",COMEDY,"Kevin Smith",1994,92,16,7.5
"2021-12-30 10:00:00","Druk",COMEDY,"Thomas Vinterberg",2020,117,12,7.0
"2021-12-30 13:00:00","The Royal Tenenbaums",COMEDY,"Wes Anderson",2001,110,12,8.5
"2021-12-30 16:00:00","Aladdin",ANIMATION,"Ron Clements",1992,90,0,6.5
"2021-12-31 10:00:00","The Royal Tenenbaums",COMEDY,"Wes Anderson",2001,110,12,6.5
"2021-12-31 13:00:00","E.T. the Extra-Terrestrial",FAMILY,"Steven Spielberg",1982,115,0,8.0
"2021-12-31 16:00:00","True Romance",CRIME,"Tony Scott",1993,119,16,7.5
"2022-01-01 10:30:00","The Nightmare Before Christmas",ANIMATION,"Henry Selick",1993,76,0,8.0
"2022-01-01 12:30:00","Aladdin",ANIMATION,"Ron Clements",1992,90,0,7.5
"2022-01-01 15:00:00","Boksuneun naui geot",CRIME,"Chan-wook Park",2002,129,16,8.5
"2022-01-01 18:00:00","Aguirre, der Zorn Gottes",ACTION,"Werner Herzog",1972,95,12,8.5
"2022-01-02 10:30:00","Crna macka, beli macor",COMEDY,"Emir Kusturica",1998,127,16,8.5
"2022-01-02 13:30:00","Cowboy Bebop: Tengoku no tobira",ANIMATION,"Shin'ichirô Watanabe",2001,115,0,8.0
"2022-01-02 16:30:00","Boksuneun naui geot",CRIME,"Chan-wook Park",2002,129,16,8.5
"2022-01-02 19:30:00","Boksuneun naui geot",CRIME,"Chan-wook Park",2002,129,16,9.5
"2022-01-03 10:30:00","The Nightmare Before Christmas",ANIMATION,"Henry Selick",1993,76,0,8.0
"2022-01-03 12:30:00","Mimi wo sumaseba",ANIMATION,"Yoshifumi Kondô",1995,111,0,7.0
"2022-01-04 10:00:00","True Romance",CRIME,"Tony Scott",1993,119,16,7.0
"2022-01-04 13:00:00","Lagaan: Once Upon a Time in India",ADVENTURE,"Ashutosh Gowariker",2001,224,0,7.0
"2022-01-05 10:30:00","Clerks",COMEDY,"Kevin Smith",1994,92,16,8.5
"2022-01-05 13:00:00","Planet of the Apes",ADVENTURE,"Franklin J. Schaffner",1968,112,0,8.5
"2022-01-05 15:30:00","Star Trek II: The Wrath of Khan",ACTION,"Nicholas Meyer",1982,113,0,7.5
"2022-01-06 10:30:00","True Romance",CRIME,"Tony Scott",1993,119,16,7.0
"2022-01-07 10:30:00","Boksuneun naui geot",CRIME,"Chan-wook Park",2002,129,16,7.0
"2022-01-07 13:30:00","The Muppet Christmas Carol",COMEDY,"Brian Henson",1992,85,0,7.5
"2022-01-07 15:30:00","The Straight Story",BIOGRAPHY,"David Lynch",1999,112,0,7.5
"2022-01-08 10:00:00","The Great Dictator",COMEDY,"Charles Chaplin",1940,125,12,8.5
"2022-01-08 13:00:00","E.T. the Extra-Terrestrial",FAMILY,"Steven Spielberg",1982,115,0,7.0
"2022-01-08 15:30:00","Freaks",DRAMA,"Tod Browning",1932,64,12,8.5
"2022-01-08 17:30:00","Hamlet",DRAMA,"Kenneth Branagh",1996,242,12,7.0
"2022-01-09 10:00:00","Crna macka, beli macor",COMEDY,"Emir Kusturica",1998,127,16,7.5
"2022-01-09 13:00:00","The Royal Tenenbaums",COMEDY,"Wes Anderson",2001,110,12,6.5
"2022-01-09 15:30:00","The Great Dictator",COMEDY,"Charles Chaplin",1940,125,12,8.0
"2022-01-09 18:30:00","Rosemary's Baby",DRAMA,"Roman Polanski",1968,137,12,10.0
"2022-01-10 10:30:00","Freaks",DRAMA,"Tod Browning",1932,64,12,7.0
"2022-01-10 12:30:00","Aladdin",ANIMATION,"Ron Clements",1992,90,0,8.0
"2022-01-11 10:30:00","Boksuneun naui geot",CRIME,"Chan-wook Park",2002,129,16,8.5
"2022-01-11 13:30:00","The Nightmare Before Christmas",ANIMATION,"Henry Selick",1993,76,0,8.5
"2022-01-11 16:00:00","The Great Dictator",COMEDY,"Charles Chaplin",1940,125,12,6.5
"2022-01-12 10:00:00","The Boondock Saints",ACTION,"Troy Duffy",1999,108,16,6.5
"2022-01-12 12:30:00","The Great Dictator",COMEDY,"Charles Chaplin",1940,125,12,7.5
"2022-01-12 15:30:00","Rosemary's Baby",DRAMA,"Roman Polanski",1968,137,12,6.5
"2022-01-13 10:30:00","The Usual Suspects",CRIME,"Bryan Singer",1995,106,12,8.0
"2022-01-13 13:30:00","Mulan",ANIMATION,"Tony Bancroft",1998,88,0,7.5
"2022-01-13 15:30:00","Druk",COMEDY,"Thomas Vinterberg",2020,117,12,8.5
"2022-01-14 10:30:00","Clerks",COMEDY,"Kevin Smith",1994,92,16,6.5
"2022-01-14 13:00:00","Sleuth",MYSTERY,"Joseph L. Mankiewicz",1972,138,6,8.0
"2022-01-15 10:00:00","Crna macka, beli macor",COMEDY,"Emir Kusturica",1998,127,16,8.5
"2022-01-15 13:00:00","Schindler's List",BIOGRAPHY,"Steven Spielberg",1993,195,12,7.0
"2022-01-15 17:00:00","The Great Dictator",COMEDY,"Charles Chaplin",1940,125,12,8.5
"2022-01-15 20:00:00","The Muppet Christmas Carol",COMEDY,"Brian Henson",1992,85,0,10.0
"2022-01-16 10:00:00","Mulan",ANIMATION,"Tony Bancroft",1998,88,0,7.0
"2022-01-16 12:30:00","The Great Dictator",COMEDY,"Charles Chaplin",1940,125,12,6.5
"2022-01-16 15:30:00","The Usual Suspects",CRIME,"Bryan Singer",1995,106,12,6.5
"2022-01-16 18:00:00","Freaks",DRAMA,"Tod Browning",1932,64,12,9.5
"2022-01-17 10:00:00","Aguirre, der Zorn Gottes",ACTION,"Werner Herzog",1972,95,12,8.0
"2022-01-17 12:30:00","The Nightmare Before Christmas",ANIMATION,"Henry Selick",1993,76,0,8.0
"2022-01-17 14:30:00","The Great Dictator",COMEDY,"Charles Chaplin",1940,125,12,8.0
"2022-01-18 10:00:00","E.T. the Extra-Terrestrial",FAMILY,"Steven Spielberg",1982,115,0,7.5
"2022-01-18 13:00:00","Mulan",ANIMATION,"Tony Bancroft",1998,88,0,7.5
"2022-01-18 15:30:00","The Kid",COMEDY,"Charles Chaplin",1921,68,12,7.0
"2022-01-19 10:30:00","Druk",COMEDY,"Thomas Vinterberg",2020,117,12,7.5
"2022-01-19 13:30:00","Lagaan: Once Upon a Time in India",ADVENTURE,"Ashutosh Gowariker",2001,224,0,6.5
"2022-01-19 18:00:00","The Nightmare Before Christmas",ANIMATION,"Henry Selick",1993,76,0,8.5
"2022-01-20 10:00:00","The Adventures of Robin Hood",ACTION,"Michael Curtiz",1938,102,6,7.5
"2022-01-20 12:30:00","Aladdin",ANIMATION,"Ron Clements",1992,90,0,6.5
"2022-01-20 15:00:00","Aladdin",ANIMATION,"Ron Clements",1992,90,0,6.5
"2022-01-21 10:30:00","Shadow of a Doubt",FILM_NOIR,"Alfred Hitchcock",1943,108,6,8.5
"2022-01-22 10:30:00","Rain Man",DRAMA,"Barry Levinson",1988,133,0,8.0
"2022-01-22 13:30:00","Shadow of a Doubt",FILM_NOIR,"Alfred Hitchcock",1943,108,6,7.5
"2022-01-22 16:00:00","Clerks",COMEDY,"Kevin Smith",1994,92,16,7.0
"2022-01-22 18:30:00","Boksuneun naui geot",CRIME,"Chan-wook Park",2002,129,16,8.5
"2022-01-23 10:00:00","Sleuth",MYSTERY,"Joseph L. Mankiewicz",1972,138,6,8.5
"2022-01-23 13:00:00","Freaks",DRAMA,"Tod Browning",1932,64,12,6.5
"2022-01-23 15:00:00","Freaks",DRAMA,"Tod Browning",1932,64,12,8.0
"2022-01-23 17:00:00","The Nightmare Before Christmas",ANIMATION,"Henry Selick",1993,76,0,7.0
"2022-01-24 10:30:00","Schindler's List",BIOGRAPHY,"Steven Spielberg",1993,195,12,7.0
"2022-01-24 14:30:00","28 Days Later...",DRAMA,"Danny Boyle",2002,113,12,7.0
"2022-01-24 17:30:00","The Kid",COMEDY,"Charles Chaplin",1921,68,12,7.5
"2022-01-25 10:00:00","28 Days Later...",DRAMA,"Danny Boyle",2002,113,12,8.5
"2022-01-25 12:30:00","Spartacus",ADVENTURE,"Stanley Kubrick",1960,197,12,8.0
"2022-01-25 17:00:00","The Adventures of Robin Hood",ACTION,"Michael Curtiz",1938,102,6,7.0
"2022-01-26 10:30:00","Freaks",DRAMA,"Tod Browning",1932,64,12,7.5
"2022-01-27 10:30:00","The Usual Suspects",CRIME,"Bryan Singer",1995,106,12,7.5
"2022-01-28 10:30:00","The Adventures of Robin Hood",ACTION,"Michael Curtiz",1938,102,6,6.5
"2022-01-28 13:00:00","Spartacus",ADVENTURE,"Stanley Kubrick",1960,197,12,8.5
"2022-01-28 17:00:00","Rain Man",DRAMA,"Barry Levinson",1988,133,0,6.5
"2022-01-29 10:30:00","Blood Simple",CRIME,"Joel Coen",1984,99,12,8.5
"2022-01-29 13:00:00","Aladdin",ANIMATION,"Ron Clements",1992,90,0,7.0
"2022-01-29 15:30:00","Doctor Zhivago",DRAMA,"David Lean",1965,197,12,6.5
"2022-01-30 10:30:00","Boksuneun naui geot",CRIME,"Chan-wook Park",2002,129,16,7.0
"2022-01-30 13:30:00","The Usual Suspects",CRIME,"Bryan Singer",1995,106,12,6.5
"2022-01-30 16:00:00","Aladdin",ANIMATION,"Ron Clements",1992,90,0,6.5
"2022-01-31 10:00:00","Blood Simple",CRIME,"Joel Coen",1984,99,12,7.5
"2022-01-31 12:30:00","Spartacus",ADVENTURE,"Stanley Kubrick",1960,197,12,8.0
"2022-01-31 17:00:00","The Boondock Saints",ACTION,"Troy Duffy",1999,108,16,8.0
"2022-02-01 10:00:00","Freaks",DRAMA,"Tod Browning",1932,64,12,7.5
"2022-02-02 10:00:00","Boksuneun naui geot",CRIME,"Chan-wook Park",2002,129,16,7.5
"2022-02-02 13:00:00","Rocky",DRAMA,"John G. Avildsen",1976,120,0,8.0
"2022-02-03 10:00:00","True Romance",CRIME,"Tony Scott",1993,119,16,8.0
"2022-02-03 13:00:00","Rocky",DRAMA,"John G. Avildsen",1976,120,0,6.5
"2022-02-04 10:00:00","The Kid",COMEDY,"Charles Chaplin",1921,68,12,7.0
"2022-02-05 10:30:00","Rain Man",DRAMA,"Barry Levinson",1988,133,0,8.0
"2022-02-05 13:30:00","The Others",HORROR,"Alejandro Amenábar",2001,101,12,7.5
"2022-02-05 16:00:00","Boksuneun naui geot",CRIME,"Chan-wook Park",2002,129,16,7.5
"2022-02-05 19:00:00","Boksuneun naui geot",CRIME,"Chan-wook Park",2002,129,16,9.0
"2022-02-06 10:00:00","Blood Simple",CRIME,"Joel Coen",1984,99,12,8.5
"2022-02-06 12:30:00","A Few Good Men",DRAMA,"Rob Reiner",1992,138,0,6.5
"2022-02-06 15:30:00","The Others",HORROR,"Alejandro Amenábar",2001,101,12,6.5
"2022-02-07 10:30:00","A Few Good Men",DRAMA,"Rob Reiner",1992,138,0,7.0
"2022-02-07 13:30:00","The Others",HORROR,"Alejandro Amenábar",2001,101,12,8.0
"2022-02-07 16:00:00","Doctor Zhivago",DRAMA,"David Lean",1965,197,12,8.0
"2022-02-08 10:00:00","Spartacus",ADVENTURE,"Stanley Kubrick",1960,197,12,7.0
"2022-02-08 14:00:00","The Boondock Saints",ACTION,"Troy Duffy",1999,108,16,7.0
"2022-02-09 10:00:00","Spartacus",ADVENTURE,"Stanley Kubrick",1960,197,12,8.5
"2022-02-09 14:00:00","Boksuneun naui geot",CRIME,"Chan-wook Park",2002,129,16,6.5
"2022-02-09 17:00:00","Spartacus",ADVENTURE,"Stanley Kubrick",1960,197,12,6.5
"2022-02-10 10:00:00","In the Name of the Father",BIOGRAPHY,"Jim Sheridan",1993,133,12,6.5
"2022-02-10 13:00:00","Sleuth",MYSTERY,"Joseph L. Mankiewicz",1972,138,6,7.0
"2022-02-10 16:00:00","Shadow of a Doubt",FILM_NOIR,"Alfred Hitchcock",1943,108,6,6.5
"2022-02-11 10:00:00","True Romance",CRIME,"Tony Scott",1993,119,16,6.5
"2022-02-12 10:00:00","A Few Good Men",DRAMA,"Rob Reiner",1992,138,0,6.5
"2022-02-12 13:00:00","In the Name of the Father",BIOGRAPHY,"Jim Sheridan",1993,133,12,8.0
"2022-02-12 16:00:00","The Others",HORROR,"Alejandro Amenábar",2001,101,12,8.5
"2022-02-12 18:30:00","The Kid",COMEDY,"Charles Chaplin",1921,68,12,9.5
"2022-02-13 10:30:00","28 Days Later...",DRAMA,"Danny Boyle",2002,113,12,6.5
"2022-02-13 13:30:00","Boksuneun naui geot",CRIME,"Chan-wook Park",2002,129,16,7.0
"2022-02-13 16:30:00","Rain Man",DRAMA,"Barry Levinson",1988,133,0,6.5
"2022-02-14 10:30:00","Sleuth",MYSTERY,"Joseph L. Mankiewicz",1972,138,6,8.5
"2022-02-14 13:30:00","Rain Man",DRAMA,"Barry Levinson",1988,133,0,8.0
"2022-02-15 10:00:00","Rocky",DRAMA,"John G. Avildsen",1976,120,0,8.0
"2022-02-15 12:30:00","The Kid",COMEDY,"Charles Chaplin",1921,68,12,8.0
"2022-02-16 10:00:00","A Few Good Men",DRAMA,"Rob Reiner",1992,138,0,7.0
"2022-02-17 10:00:00","The Breakfast Club",COMEDY,"John Hughes",1985,97,12,8.5
"2022-02-18 10:30:00","Blood Simple",CRIME,"Joel Coen",1984,99,12,8.5
"2022-02-18 13:00:00","The Breakfast Club",COMEDY,"John Hughes",1985,97,12,6.5
"2022-02-18 15:30:00","The Breakfast Club",COMEDY,"John Hughes",1985,97,12,7.5
"2022-02-19 10:30:00","Giant",DRAMA,"George Stevens",1956,201,0,7.5
"2022-02-19 15:00:00","Shadow of a Doubt",FILM_NOIR,"Alfred Hitchcock",1943,108,6,7.5
"2022-02-19 17:30:00","The Breakfast Club",COMEDY,"John Hughes",1985,97,12,8.0
"2022-02-19 20:00:00","Sleuth",MYSTERY,"Joseph L. Mankiewicz",1972,138,6,9.0
"2022-02-20 10:30:00","The Breakfast Club",COMEDY,"John Hughes",1985,97,12,7.0
"2022-02-20 13:00:00","Rocky",DRAMA,"John G. Avildsen",1976,120,0,7.5
"2022-02-20 16:00:00","The Breakfast Club",COMEDY,"John Hughes",1985,97,12,7.0
"2022-02-20 18:30:00","The Adventures of Robin Hood",ACTION,"Michael Curtiz",1938,102,6,9.0
"2022-02-21 10:30:00","The Adventures of Robin Hood",ACTION,"Michael Curtiz",1938,102,6,8.5
"2022-02-21 13:00:00","In the Name of the Father",BIOGRAPHY,"Jim Sheridan",1993,133,12,7.0
"2022-02-21 16:00:00","A Few Good Men",DRAMA,"Rob Reiner",1992,138,0,8.5
"2022-02-22 10:30:00","Rocky",DRAMA,"John G. Avildsen",1976,120,0,6.5
"2022-02-23 10:00:00","The Killing",CRIME,"Stanley Kubrick",1956,84,12,7.0
"2022-02-24 10:00:00","Smultronstället",DRAMA,"Ingmar Bergman",1957,91,0,8.5
"2022-02-25 10:30:00","The Birds",DRAMA,"Alfred Hitchcock",1963,119,12,8.0
"2022-02-25 13:00:00","Rain Man",DRAMA,"Barry Levinson",1988,133,0,8.5
"2022-02-26 10:30:00","Sabrina",COMEDY,"Billy Wilder",1954,113,12,6.5
"2022-02-26 13:30:00","Dial M for Murder",CRIME,"Alfred Hitchcock",1954,105,12,6.5
"2022-02-26 16:00:00","The Adventures of Robin Hood",ACTION,"Michael Curtiz",1938,102,6,6.5
"2022-02-26 18:30:00","Amélie",COMEDY,"Jean-Pierre Jeunet",2001,122,0,8.5
"2022-02-27 10:00:00","A Few Good Men",DRAMA,"Rob Reiner",1992,138,0,6.5
"2022-02-27 13:00:00","Blue Velvet",DRAMA,"David Lynch",1986,120,12,6.5
"2022-02-27 16:00:00","The Ladykillers",COMEDY,"Alexander Mackendrick",1955,91,12,7.0
"2022-02-28 10:00:00","All About Eve",DRAMA,"Joseph L. Mankiewicz",1950,138,12,8.5
"2022-02-28 13:00:00","Amélie",COMEDY,"Jean-Pierre Jeunet",2001,122,0,8.5
"2022-02-28 16:00:00","Taxi Driver",CRIME,"Martin Scorsese",1976,114,12,8.5
"2022-03-01 10:30:00","Blue Velvet",DRAMA,"David Lynch",1986,120,12,8.0
"2022-03-01 13:30:00","The Birds",DRAMA,"Alfred Hitchcock",1963,119,12,7.0
"2022-03-01 16:30:00","Smultronstället",DRAMA,"Ingmar Bergman",1957,91,0,6.5
"2022-03-02 10:00:00","Wait Until Dark",THRILLER,"Terence Young",1967,108,12,7.5
"2022-03-02 12:30:00","Smultronstället",DRAMA,"Ingmar Bergman",1957,91,0,7.5
"2022-03-03 10:00:00","A Few Good Men",DRAMA,"Rob Reiner",1992,138,0,7.5
"2022-03-03 13:00:00","Sabrina",COMEDY,"Billy Wilder",1954,113,12,6.5
"2022-03-03 15:30:00","The Others",HORROR,"Alejandro Amenábar",2001,101,12,8.0
"2022-03-04 10:00:00","Boksuneun naui geot",CRIME,"Chan-wook Park",2002,129,16,7.5
"2022-03-04 13:00:00","Smultronstället",DRAMA,"Ingmar Bergman",1957,91,0,8.5
"2022-03-04 15:30:00","Giant",DRAMA,"George Stevens",1956,201,0,8.5
"2022-03-05 10:30:00","Amélie",COMEDY,"Jean-Pierre Jeunet",2001,122,0,7.5
"2022-03-05 13:30:00","All About Eve",DRAMA,"Joseph L. Mankiewicz",1950,138,12,6.5
"2022-03-05 17:00:00","Casablanca",DRAMA,"Michael Curtiz",1942,102,0,8.0
"2022-03-06 10:00:00","The Shining",DRAMA,"Stanley Kubrick",1980,146,12,8.5
"2022-03-06 13:30:00","Smultronstället",DRAMA,"Ingmar Bergman",1957,91,0,7.0
"2022-03-06 16:00:00","Blue Velvet",DRAMA,"David Lynch",1986,120,12,8.5
"2022-03-06 19:00:00","Casablanca",DRAMA,"Michael Curtiz",1942,102,0,9.5
"2022-03-07 10:30:00","The Breakfast Club",COMEDY,"John Hughes",1985,97,12,8.5
"2022-03-08 10:00:00","Amélie",COMEDY,"Jean-Pierre Jeunet",2001,122,0,6.5
"2022-03-08 13:00:00","Rain Man",DRAMA,"Barry Levinson",1988,133,0,8.0
"2022-03-08 16:00:00","Rain Man",DRAMA,"Barry Levinson",1988,133,0,8.0
"2022-03-09 10:30:00","Casablanca",DRAMA,"Michael Curtiz",1942,102,0,8.5
"2022-03-09 13:00:00","The Shining",DRAMA,"Stanley Kubrick",1980,146,12,8.0
"2022-03-10 10:30:00","Star Trek II: The Wrath of Khan",ACTION,"Nicholas Meyer",1982,113,0,6.5
"2022-03-11 10:30:00","Casablanca",DRAMA,"Michael Curtiz",1942,102,0,8.0
"2022-03-11 13:00:00","Amélie",COMEDY,"Jean-Pierre Jeunet",2001,122,0,8.5
"2022-03-11 16:00:00","12 Angry Men",CRIME,"Sidney Lumet",1957,96,0,7.0
"2022-03-12 10:30:00","A Few Good Men",DRAMA,"Rob Reiner",1992,138,0,7.5
"2022-03-12 13:30:00","The Godfather",CRIME,"Francis Ford Coppola",1972,175,12,7.0
"2022-03-12 17:30:00","The Big Lebowski",COMEDY,"Joel Coen",1998,117,16,8.5
"2022-03-13 10:00:00","The Killing",CRIME,"Stanley Kubrick",1956,84,12,8.0
"2022-03-13 12:30:00","A Little Princess",DRAMA,"Alfonso Cuarón",1995,97,0,7.5
"2022-03-13 15:00:00","The Shining",DRAMA,"Stanley Kubrick",1980,146,12,7.5
"2022-03-14 10:30:00","The Godfather",CRIME,"Francis Ford Coppola",1972,175,12,7.5
"2022-03-14 14:00:00","The Ladykillers",COMEDY,"Alexander Mackendrick",1955,91,12,8.0
"2022-03-14 16:30:00","Smultronstället",DRAMA,"Ingmar Bergman",1957,91,0,6.5
"2022-03-15 10:30:00","Star Trek II: The Wrath of Khan",ACTION,"Nicholas Meyer",1982,113,0,7.0
"2022-03-16 10:00:00","Amélie",COMEDY,"Jean-Pierre Jeunet",2001,122,0,8.0
"2022-03-16 13:00:00","Sabrina",COMEDY,"Billy Wilder",1954,113,12,8.5
"2022-03-16 16:00:00","The Godfather",CRIME,"Francis Ford Coppola",1972,175,12,8.5
"2022-03-17 10:30:00","The Wizard of Oz",ADVENTURE,"Victor Fleming",1939,102,0,8.5
"2022-03-18 10:00:00","Dial M for Murder",CRIME,"Alfred Hitchcock",1954,105,12,6.5
"2022-03-18 12:30:00","A Little Princess",DRAMA,"Alfonso Cuarón",1995,97,0,6.5
"2022-03-18 15:00:00","The Wizard of Oz",ADVENTURE,"Victor Fleming",1939,102,0,8.5
"2022-03-19 10:30:00","The Ladykillers",COMEDY,"Alexander Mackendrick",1955,91,12,7.5
"2022-03-19 13:00:00","The Ladykillers",COMEDY,"Alexander Mackendrick",1955,91,12,7.0
"2022-03-19 15:30:00","The Breakfast Club",COMEDY,"John Hughes",1985,97,12,8.5
"2022-03-19 18:00:00","A Little Princess",DRAMA,"Alfonso Cuarón",1995,97,0,9.0
"2022-03-20 10:00:00","The Ladykillers",COMEDY,"Alexander Mackendrick",1955,91,12,7.0
"2022-03-20 12:30:00","The Wizard of Oz",ADVENTURE,"Victor Fleming",1939,102,0,8.5
"2022-03-20 15:00:00","Star Trek II: The Wrath of Khan",ACTION,"Nicholas Meyer",1982,113,0,8.5
"2022-03-21 10:30:00","The Breakfast Club",COMEDY,"John Hughes",1985,97,12,7.0
"2022-03-22 10:00:00","Tombstone",ACTION,"George P. Cosmatos",1993,130,16,6.5
"2022-03-22 13:00:00","All About Eve",DRAMA,"Joseph L. Mankiewicz",1950,138,12,8.0
"2022-03-22 16:00:00","Ocean's Eleven",CRIME,"Steven Soderbergh",2001,116,12,8.0
"2022-03-23 10:30:00","Star Trek II: The Wrath of Khan",ACTION,"Nicholas Meyer",1982,113,0,7.5
"2022-03-24 10:30:00","The Godfather",CRIME,"Francis Ford Coppola",1972,175,12,8.5
"2022-03-25 10:30:00","Das Experiment",DRAMA,"Oliver Hirschbiegel",2001,120,16,8.0
"2022-03-26 10:00:00","Star Trek II: The Wrath of Khan",ACTION,"Nicholas Meyer",1982,113,0,8.5
"2022-03-26 13:00:00","La règle du jeu",COMEDY,"Jean Renoir",1939,110,12,8.0
"2022-03-26 15:30:00","A Few Good Men",DRAMA,"Rob Reiner",1992,138,0,7.0
"2022-03-27 10:30:00","A Few Good Men",DRAMA,"Rob Reiner",1992,138,0,7.0
"2022-03-27 13:30:00","Idi i smotri",DRAMA,"Elem Klimov",1985,142,12,7.5
"2022-03-27 16:30:00","Ocean's Eleven",CRIME,"Steven Soderbergh",2001,116,12,8.5
"2022-03-27 19:00:00","M - Eine Stadt sucht einen Mörder",CRIME,"Fritz Lang",1931,117,12,9.0
"2022-03-28 10:30:00","The Shining",DRAMA,"Stanley Kubrick",1980,146,12,8.5
"2022-03-28 14:00:00","Tombstone",ACTION,"George P. Cosmatos",1993,130,16,7.0
"2022-03-28 17:00:00","Shin seiki Evangelion Gekijô-ban: Air/Magokoro wo, kimi ni",ANIMATION,"Hideaki Anno",1997,87,12,8.0
"2022-03-29 10:00:00","Shin seiki Evangelion Gekijô-ban: Air/Magokoro wo, kimi ni",ANIMATION,"Hideaki Anno",1997,87,12,8.0
"2022-03-30 10:30:00","Smultronstället",DRAMA,"Ingmar Bergman",1957,91,0,7.0
"2022-03-30 13:00:00","Alien",HORROR,"Ridley Scott",1979,117,16,7.5
"2022-03-31 10:30:00","Tombstone",ACTION,"George P. Cosmatos",1993,130,16,8.5
"2022-04-01 10:00:00","The Big Lebowski",COMEDY,"Joel Coen",1998,117,16,7.0
"2022-04-01 13:00:00","Annie Hall",COMEDY,"Woody Allen",1977,93,12,6.5
"2022-04-02 10:00:00","Blue Velvet",DRAMA,"David Lynch",1986,120,12,7.0
"2022-04-02 13:00:00","The Lady Vanishes",MYSTERY,"Alfred Hitchcock",1938,96,12,8.0
"2022-04-02 15:30:00","M - Eine Stadt sucht einen Mörder",CRIME,"Fritz Lang",1931,117,12,8.0
"2022-04-03 10:30:00","The Lady Vanishes",MYSTERY,"Alfred Hitchcock",1938,96,12,6.5
"2022-04-03 13:00:00","Tonari no Totoro",ANIMATION,"Hayao Miyazaki",1988,86,0,6.5
"2022-04-03 15:00:00","A Little Princess",DRAMA,"Alfonso Cuarón",1995,97,0,6.5
"2022-04-03 17:30:00","Sabrina",COMEDY,"Billy Wilder",1954,113,12,8.0
"2022-04-04 10:00:00","Pâfekuto burû",ANIMATION,"Satoshi Kon",1997,81,12,8.0
"2022-04-04 12:00:00","Once Were Warriors",CRIME,"Lee Tamahori",1994,102,12,7.5
"2022-04-05 10:00:00","Carlito's Way",CRIME,"Brian De Palma",1993,144,12,8.0
"2022-04-05 13:30:00","Annie Hall",COMEDY,"Woody Allen",1977,93,12,8.5
"2022-04-06 10:30:00","12 Angry Men",CRIME,"Sidney Lumet",1957,96,0,6.5
"2022-04-06 13:00:00","Kumonosu-jô",DRAMA,"Akira Kurosawa",1957,110,12,8.0
"2022-04-07 10:00:00","Tonari no Totoro",ANIMATION,"Hayao Miyazaki",1988,86,0,7.5
"2022-04-07 12:30:00","Kind Hearts and Coronets",COMEDY,"Robert Hamer",1949,106,0,6.5
"2022-04-08 10:00:00","The Wizard of Oz",ADVENTURE,"Victor Fleming",1939,102,0,8.0
"2022-04-08 12:30:00","When Harry Met Sally...",COMEDY,"Rob Reiner",1989,95,12,7.5
"2022-04-09 10:00:00","Harry Potter and the Sorcerer's Stone",ADVENTURE,"Chris Columbus",2001,152,0,7.5
"2022-04-09 13:30:00","The Birds",DRAMA,"Alfred Hitchcock",1963,119,12,7.5
"2022-04-09 16:30:00","Tombstone",ACTION,"George P. Cosmatos",1993,130,16,6.5
"2022-04-10 10:30:00","Tombstone",ACTION,"George P. Cosmatos",1993,130,16,7.0
"2022-04-10 13:30:00","Kumonosu-jô",DRAMA,"Akira Kurosawa",1957,110,12,8.5
"2022-04-10 16:00:00","The Godfather",CRIME,"Francis Ford Coppola",1972,175,12,7.5
"2022-04-10 20:00:00","Shin seiki Evangelion Gekijô-ban: Air/Magokoro wo, kimi ni",ANIMATION,"Hideaki Anno",1997,87,12,10.0
"2022-04-11 10:30:00","Harry Potter and the Sorcerer's Stone",ADVENTURE,"Chris Columbus",2001,152,0,6.5
"2022-04-12 10:00:00","Dom za vesanje",COMEDY,"Emir Kusturica",1988,142,16,7.5
"2022-04-13 10:30:00","Harry Potter and the Sorcerer's Stone",ADVENTURE,"Chris Columbus",2001,152,0,8.5
"2022-04-14 10:30:00","The Royal Tenenbaums",COMEDY,"Wes Anderson",2001,110,12,7.5
"2022-04-14 13:00:00","Harry Potter and the Sorcerer's Stone",ADVENTURE,"Chris Columbus",2001,152,0,8.0
"2022-04-15 10:30:00","Tombstone",ACTION,"George P. Cosmatos",1993,130,16,7.5
"2022-04-15 13:30:00","Fried Green Tomatoes",DRAMA,"Jon Avnet",1991,130,12,8.5
"2022-04-15 16:30:00","Alien",HORROR,"Ridley Scott",1979,117,16,8.5
"2022-04-16 10:30:00","Das Experiment",DRAMA,"Oliver Hirschbiegel",2001,120,16,8.5
"2022-04-16 13:30:00","Das Experiment",DRAMA,"Oliver Hirschbiegel",2001,120,16,6.5
"2022-04-16 16:30:00","The Big Lebowski",COMEDY,"Joel Coen",1998,117,16,7.5
"2022-04-16 19:30:00","12 Angry Men",CRIME,"Sidney Lumet",1957,96,0,9.5
"2022-04-17 10:30:00","12 Angry Men",CRIME,"Sidney Lumet",1957,96,0,8.0
"2022-04-17 13:00:00","Carlito's Way",CRIME,"Brian De Palma",1993,144,12,8.0
"2022-04-17 16:00:00","Le samouraï",CRIME,"Jean-Pierre Melville",1967,105,12,8.5
"2022-04-18 10:30:00","Omohide poro poro",ANIMATION,"Isao Takahata",1991,118,0,7.0
"2022-04-18 13:30:00","Omohide poro poro",ANIMATION,"Isao Takahata",1991,118,0,8.0
"2022-04-19 10:00:00","The Wizard of Oz",ADVENTURE,"Victor Fleming",1939,102,0,8.5
"2022-04-20 10:00:00","Days of Heaven",DRAMA,"Terrence Malick",1978,94,6,7.5
"2022-04-20 12:30:00","Le samouraï",CRIME,"Jean-Pierre Melville",1967,105,12,8.0
"2022-04-21 10:00:00","The Lost Weekend",DRAMA,"Billy Wilder",1945,101,12,8.5
"2022-04-22 10:00:00","Le samouraï",CRIME,"Jean-Pierre Melville",1967,105,12,7.5
"2022-04-22 12:30:00","Shin seiki Evangelion Gekijô-ban: Air/Magokoro wo, kimi ni",ANIMATION,"Hideaki Anno",1997,87,12,8.0
"2022-04-23 10:00:00","Dil Chahta Hai",COMEDY,"Farhan Akhtar",2001,183,12,6.5
"2022-04-23 14:00:00","Repulsion",DRAMA,"Roman Polanski",1965,105,12,8.0
"2022-04-23 16:30:00","Carlito's Way",CRIME,"Brian De Palma",1993,144,12,7.0
"2022-04-24 10:00:00","Catch Me If You Can",BIOGRAPHY,"Steven Spielberg",2002,141,12,8.5
"2022-04-24 13:30:00","Fried Green Tomatoes",DRAMA,"Jon Avnet",1991,130,12,6.5
"2022-04-24 16:30:00","Fear and Loathing in Las Vegas",ADVENTURE,"Terry Gilliam",1998,118,16,8.5
"2022-04-25 10:00:00","Le samouraï",CRIME,"Jean-Pierre Melville",1967,105,12,6.5
"2022-04-25 12:30:00","Days of Heaven",DRAMA,"Terrence Malick",1978,94,6,8.5
"2022-04-26 10:00:00","Days of Heaven",DRAMA,"Terrence Malick",1978,94,6,6.5
"2022-04-26 12:30:00","Ordinary People",DRAMA,"Robert Redford",1980,124,0,8.0
"2022-04-26 15:30:00","Twelve Monkeys",MYSTERY,"Terry Gilliam",1995,129,12,8.0
"2022-04-27 10:30:00","The Hustler",DRAMA,"Robert Rossen",1961,134,12,7.0
"2022-04-27 13:30:00","Ordinary People",DRAMA,"Robert Redford",1980,124,0,7.5
"2022-04-27 16:30:00","The Last Emperor",BIOGRAPHY,"Bernardo Bertolucci",1987,163,0,8.5
"2022-04-28 10:30:00","Dom za vesanje",COMEDY,"Emir Kusturica",1988,142,16,7.0
"2022-04-28 13:30:00","The Last Emperor",BIOGRAPHY,"Bernardo Bertolucci",1987,163,0,6.5
"2022-04-28 17:00:00","Twelve Monkeys",MYSTERY,"Terry Gilliam",1995,129,12,8.5
"2022-04-29 10:30:00","Once Were Warriors",CRIME,"Lee Tamahori",1994,102,12,7.0
"2022-04-29 13:00:00","Being There",COMEDY,"Hal Ashby",1979,130,6,7.5
"2022-04-30 10:00:00","Le samouraï",CRIME,"Jean-Pierre Melville",1967,105,12,7.5
"2022-04-30 12:30:00","Tombstone",ACTION,"George P. Cosmatos",1993,130,16,7.5
"2022-04-30 15:30:00","Days of Heaven",DRAMA,"Terrence Malick",1978,94,6,8.5
"2022-05-01 10:30:00","M - Eine Stadt sucht einen Mörder",CRIME,"Fritz Lang",1931,117,12,7.5
"2022-05-01 13:00:00","Peeping Tom",DRAMA,"Michael Powell",1960,101,12,8.0
"2022-05-01 15:30:00","Twelve Monkeys",MYSTERY,"Terry Gilliam",1995,129,12,8.0
"2022-05-01 18:30:00","The Godfather: Part II",CRIME,"Francis Ford Coppola",1974,202,12,10.0
"2022-05-02 10:30:00","Le samouraï",CRIME,"Jean-Pierre Melville",1967,105,12,6.5
"2022-05-02 13:00:00","Being There",COMEDY,"Hal Ashby",1979,130,6,8.5
"2022-05-02 16:00:00","Pâfekuto burû",ANIMATION,"Satoshi Kon",1997,81,12,8.5
"2022-05-03 10:30:00","Dom za vesanje",COMEDY,"Emir Kusturica",1988,142,16,7.0
"2022-05-04 10:30:00","White Heat",ACTION,"Raoul Walsh",1949,114,12,7.5
"2022-05-04 13:30:00","Brazil",DRAMA,"Terry Gilliam",1985,132,0,8.5
"2022-05-04 16:30:00","Peeping Tom",DRAMA,"Michael Powell",1960,101,12,8.0
"2022-05-05 10:30:00","Lawrence of Arabia",ADVENTURE,"David Lean",1962,228,0,8.0
"2022-05-05 15:30:00","Deliverance",ADVENTURE,"John Boorman",1972,109,0,8.5
"2022-05-05 18:00:00","Donnie Brasco",BIOGRAPHY,"Mike Newell",1997,127,12,9.5
"2022-05-06 10:00:00","Omohide poro poro",ANIMATION,"Isao Takahata",1991,118,0,8.0
"2022-05-06 13:00:00","Dom za vesanje",COMEDY,"Emir Kusturica",1988,142,16,8.5
"2022-05-06 16:00:00","Hiroshima mon amour",DRAMA,"Alain Resnais",1959,90,12,8.0
"2022-05-07 10:00:00","Le samouraï",CRIME,"Jean-Pierre Melville",1967,105,12,6.5
"2022-05-07 12:30:00","12 Angry Men",CRIME,"Sidney Lumet",1957,96,0,6.5
"2022-05-07 15:00:00","The Last Emperor",BIOGRAPHY,"Bernardo Bertolucci",1987,163,0,7.0
"2022-05-08 10:00:00","Days of Heaven",DRAMA,"Terrence Malick",1978,94,6,7.0
"2022-05-08 12:30:00","Gandhi",BIOGRAPHY,"Richard Attenborough",1982,191,0,8.5
"2022-05-08 16:30:00","The Royal Tenenbaums",COMEDY,"Wes Anderson",2001,110,12,6.5
"2022-05-09 10:00:00","When Harry Met Sally...",COMEDY,"Rob Reiner",1989,95,12,8.5
"2022-05-10 10:00:00","Repulsion",DRAMA,"Roman Polanski",1965,105,12,7.5
"2022-05-10 12:30:00","The Godfather: Part II",CRIME,"Francis Ford Coppola",1974,202,12,6.5
"2022-05-10 16:30:00","Les quatre cents coups",CRIME,"François Truffaut",1959,99,12,7.0
"2022-05-11 10:30:00","Brazil",DRAMA,"Terry Gilliam",1985,132,0,6.5
"2022-05-11 13:30:00","Days of Heaven",DRAMA,"Terrence Malick",1978,94,6,8.5
"2022-05-11 16:00:00","Peeping Tom",DRAMA,"Michael Powell",1960,101,12,7.0
"2022-05-12 10:30:00","White Heat",ACTION,"Raoul Walsh",1949,114,12,8.5
"2022-05-12 13:00:00","Le charme discret de la bourgeoisie",COMEDY,"Luis Buñuel",1972,102,6,8.5
"2022-05-12 15:30:00","Butch Cassidy and the Sundance Kid",BIOGRAPHY,"George Roy Hill",1969,110,6,7.0
"2022-05-13 10:00:00","Brazil",DRAMA,"Terry Gilliam",1985,132,0,8.5
"2022-05-14 10:30:00","White Heat",ACTION,"Raoul Walsh",1949,114,12,8.0
"2022-05-14 13:30:00","Twelve Monkeys",MYSTERY,"Terry Gilliam",1995,129,12,7.5
"2022-05-14 16:30:00","Dom za vesanje",COMEDY,"Emir Kusturica",1988,142,16,6.5
"2022-05-14 19:30:00","Days of Heaven",DRAMA,"Terrence Malick",1978,94,6,8.5
"2022-05-15 10:00:00","Fear and Loathing in Las Vegas",ADVENTURE,"Terry Gilliam",1998,118,16,8.0
"2022-05-15 13:00:00","The Hustler",DRAMA,"Robert Rossen",1961,134,12,6.5
"2022-05-15 16:00:00","Repulsion",DRAMA,"Roman Polanski",1965,105,12,7.0
"2022-05-15 18:30:00","Omohide poro poro",ANIMATION,"Isao Takahata",1991,118,0,9.0
"2022-05-16 10:30:00","Dawn of the Dead",ACTION,"George A. Romero",1978,127,12,7.0
"2022-05-17 10:00:00","Le samouraï",CRIME,"Jean-Pierre Melville",1967,105,12,8.0
"2022-05-17 12:30:00","The Godfather: Part II",CRIME,"Francis Ford Coppola",1974,202,12,7.5
"2022-05-17 17:00:00","Peeping Tom",DRAMA,"Michael Powell",1960,101,12,8.5
"2022-05-18 10:00:00","Le charme discret de la bourgeoisie",COMEDY,"Luis Buñuel",1972,102,6,8.5
"2022-05-18 12:30:00","Peeping Tom",DRAMA,"Michael Powell",1960,101,12,7.5
"2022-05-18 15:00:00","Das Experiment",DRAMA,"Oliver Hirschbiegel",2001,120,16,8.5
"2022-05-19 10:30:00","Peeping Tom",DRAMA,"Michael Powell",1960,101,12,8.0
"2022-05-19 13:00:00","Brazil",DRAMA,"Terry Gilliam",1985,132,0,8.0
"2022-05-19 16:00:00","The Night of the Hunter",CRIME,"Charles Laughton",1955,92,12,7.5
"2022-05-20 10:30:00","The Fifth Element",ACTION,"Luc Besson",1997,126,12,8.5
"2022-05-20 13:30:00","Dawn of the Dead",ACTION,"George A. Romero",1978,127,12,7.0
"2022-05-21 10:00:00","The French Connection",ACTION,"William Friedkin",1971,104,12,7.5
"2022-05-21 12:30:00","The Night of the Hunter",CRIME,"Charles Laughton",1955,92,12,7.5
"2022-05-21 15:00:00","Titanic",DRAMA,"James Cameron",1997,194,12,7.0
"2022-05-22 10:30:00","Titanic",DRAMA,"James Cameron",1997,194,12,8.5
"2022-05-22 14:30:00","Some Like It Hot",COMEDY,"Billy Wilder",1959,121,0,8.0
"2022-05-22 17:30:00","Dawn of the Dead",ACTION,"George A. Romero",1978,127,12,8.0
"2022-05-23 10:00:00","Vampire Hunter D: Bloodlust",ANIMATION,"Yoshiaki Kawajiri",2000,103,0,7.5
"2022-05-23 12:30:00","The Fifth Element",ACTION,"Luc Besson",1997,126,12,8.0
"2022-05-23 15:30:00","Sunrise: A Song of Two Humans",DRAMA,"F.W. Murnau",1927,94,12,8.5
"2022-05-24 10:00:00","The Godfather",CRIME,"Francis Ford Coppola",1972,175,12,8.0
"2022-05-24 13:30:00","Dil Chahta Hai",COMEDY,"Farhan Akhtar",2001,183,12,7.5
"2022-05-25 10:00:00","Ordinary People",DRAMA,"Robert Redford",1980,124,0,7.5
"2022-05-25 13:00:00","Omohide poro poro",ANIMATION,"Isao Takahata",1991,118,0,7.5
"2022-05-25 16:00:00","Das Experiment",DRAMA,"Oliver Hirschbiegel",2001,120,16,7.5
"2022-05-26 10:30:00","The Godfather: Part II",CRIME,"Francis Ford Coppola",1974,202,12,7.0
"2022-05-26 15:00:00","The Fifth Element",ACTION,"Luc Besson",1997,126,12,7.5
"2022-05-26 18:00:00","Twelve Monkeys",MYSTERY,"Terry Gilliam",1995,129,12,9.0
"2022-05-27 10:30:00","Das Experiment",DRAMA,"Oliver Hirschbiegel",2001,120,16,7.0
"2022-05-27 13:30:00","Peeping Tom",DRAMA,"Michael Powell",1960,101,12,7.0
"2022-05-28 10:30:00","Le samouraï",CRIME,"Jean-Pierre Melville",1967,105,12,6.5
"2022-05-28 13:00:00","White Heat",ACTION,"Raoul Walsh",1949,114,12,7.5
"2022-05-28 15:30:00","The Night of the Hunter",CRIME,"Charles Laughton",1955,92,12,7.5
"2022-05-28 18:00:00","Deliverance",ADVENTURE,"John Boorman",1972,109,0,9.0
"2022-05-29 10:00:00","Donnie Brasco",BIOGRAPHY,"Mike Newell",1997,127,12,8.0
"2022-05-29 13:00:00","Vampire Hunter D: Bloodlust",ANIMATION,"Yoshiaki Kawajiri",2000,103,0,8.5
"2022-05-29 15:30:00","The Night of the Hunter",CRIME,"Charles Laughton",1955,92,12,6.5
"2022-05-29 18:00:00","Vampire Hunter D: Bloodlust",ANIMATION,"Yoshiaki Kawajiri",2000,103,0,10.0
"2022-05-30 10:30:00","Brazil",DRAMA,"Terry Gilliam",1985,132,0,7.5
"2022-05-31 10:30:00","The Fifth Element",ACTION,"Luc Besson",1997,126,12,7.0
"2022-05-31 13:30:00","Vampire Hunter D: Bloodlust",ANIMATION,"Yoshiaki Kawajiri",2000,103,0,8.0
"2022-05-31 16:00:00","Days of Heaven",DRAMA,"Terrence Malick",1978,94,6,8.0
"2022-06-01 10:00:00","Peeping Tom",DRAMA,"Michael Powell",1960,101,12,7.5
"2022-06-02 10:30:00","Das Experiment",DRAMA,"Oliver Hirschbiegel",2001,120,16,6.5
"2022-06-02 13:30:00","Some Like It Hot",COMEDY,"Billy Wilder",1959,121,0,8.5
"2022-06-02 16:30:00","The Fifth Element",ACTION,"Luc Besson",1997,126,12,8.5
"2022-06-03 10:30:00","The Lost Weekend",DRAMA,"Billy Wilder",1945,101,12,7.5
"2022-06-04 10:00:00","La règle du jeu",COMEDY,"Jean Renoir",1939,110,12,6.5
"2022-06-04 13:00:00","Brazil",DRAMA,"Terry Gilliam",1985,132,0,8.0
"2022-06-04 16:00:00","White Heat",ACTION,"Raoul Walsh",1949,114,12,7.0
"2022-06-04 19:00:00","The Sixth Sense",DRAMA,"M. Night Shyamalan",1999,107,12,8.5
"2022-06-05 10:30:00","Some Like It Hot",COMEDY,"Billy Wilder",1959,121,0,7.0
"2022-06-05 13:30:00","Deliverance",ADVENTURE,"John Boorman",1972,109,0,8.0
"2022-06-05 16:00:00","La règle du jeu",COMEDY,"Jean Renoir",1939,110,12,8.0
"2022-06-05 18:30:00","Peeping Tom",DRAMA,"Michael Powell",1960,101,12,9.0
"2022-06-06 10:30:00","White Heat",ACTION,"Raoul Walsh",1949,114,12,7.0
"2022-06-07 10:30:00","The French Connection",ACTION,"William Friedkin",1971,104,12,7.0
"2022-06-08 10:30:00","Arsenic and Old Lace",COMEDY,"Frank Capra",1942,118,12,7.5
"2022-06-08 13:30:00","Lawrence of Arabia",ADVENTURE,"David Lean",1962,228,0,6.5
"2022-06-09 10:00:00","Vampire Hunter D: Bloodlust",ANIMATION,"Yoshiaki Kawajiri",2000,103,0,6.5
"2022-06-09 12:30:00","Star Wars: Episode VI - Return of the Jedi",ACTION,"Richard Marquand",1983,131,0,8.5
"2022-06-10 10:00:00","Titanic",DRAMA,"James Cameron",1997,194,12,7.0
"2022-06-10 14:00:00","Deliverance",ADVENTURE,"John Boorman",1972,109,0,7.0
"2022-06-10 16:30:00","Who's Afraid of Virginia Woolf?",DRAMA,"Mike Nichols",1966,131,12,8.5
"2022-06-11 10:00:00","La règle du jeu",COMEDY,"Jean Renoir",1939,110,12,6.5
"2022-06-11 13:00:00","Star Wars: Episode VI - Return of the Jedi",ACTION,"Richard Marquand",1983,131,0,7.0
"2022-06-11 16:00:00","The Third Man",FILM_NOIR,"Carol Reed",1949,104,12,8.5
"2022-06-11 18:30:00","Vampire Hunter D: Bloodlust",ANIMATION,"Yoshiaki Kawajiri",2000,103,0,9.0
"2022-06-12 10:00:00","Predator",ACTION,"John McTiernan",1987,107,12,8.0
"2022-06-12 12:30:00","Det sjunde inseglet",DRAMA,"Ingmar Bergman",1957,96,12,6.5
"2022-06-12 15:00:00","Abre los ojos",DRAMA,"Alejandro Amenábar",1997,119,0,8.5
"2022-06-13 10:00:00","Star Wars: Episode VI - Return of the Jedi",ACTION,"Richard Marquand",1983,131,0,8.0
"2022-06-13 13:00:00","Titanic",DRAMA,"James Cameron",1997,194,12,8.5
"2022-06-13 17:00:00","The Elephant Man",BIOGRAPHY,"David Lynch",1980,124,12,6.5
"2022-06-14 10:30:00","The Pianist",BIOGRAPHY,"Roman Polanski",2002,150,16,7.0
"2022-06-15 10:00:00","The Fifth Element",ACTION,"Luc Besson",1997,126,12,8.0
"2022-06-15 13:00:00","Reservoir Dogs",CRIME,"Quentin Tarantino",1992,99,16,8.0
"2022-06-15 15:30:00","All Quiet on the Western Front",DRAMA,"Lewis Milestone",1930,152,0,8.5
"2022-06-16 10:30:00","The Sixth Sense",DRAMA,"M. Night Shyamalan",1999,107,12,8.0
"2022-06-16 13:00:00","Who's Afraid of Virginia Woolf?",DRAMA,"Mike Nichols",1966,131,12,6.5
"2022-06-16 16:00:00","Planet of the Apes",ADVENTURE,"Franklin J. Schaffner",1968,112,0,6.5
"2022-06-17 10:00:00","The Pianist",BIOGRAPHY,"Roman Polanski",2002,150,16,7.0
"2022-06-17 13:30:00","High Noon",DRAMA,"Fred Zinnemann",1952,85,6,6.5
"2022-06-18 10:00:00","Days of Heaven",DRAMA,"Terrence Malick",1978,94,6,8.0
"2022-06-18 12:30:00","The Green Mile",CRIME,"Frank Darabont",1999,189,12,6.5
"2022-06-18 16:30:00","Fiddler on the Roof",DRAMA,"Norman Jewison",1971,181,0,7.5
"2022-06-18 20:30:00","La règle du jeu",COMEDY,"Jean Renoir",1939,110,12,9.5
"2022-06-19 10:30:00","The Night of the Hunter",CRIME,"Charles Laughton",1955,92,12,7.0
"2022-06-19 13:00:00","Abre los ojos",DRAMA,"Alejandro Amenábar",1997,119,0,6.5
"2022-06-19 16:00:00","Star Wars: Episode VI - Return of the Jedi",ACTION,"Richard Marquand",1983,131,0,7.0
"2022-06-19 19:00:00","Who's Afraid of Virginia Woolf?",DRAMA,"Mike Nichols",1966,131,12,8.5
"2022-06-20 10:30:00","8½",DRAMA,"Federico Fellini",1963,138,12,7.5
"2022-06-20 13:30:00","All Quiet on the Western Front",DRAMA,"Lewis Milestone",1930,152,0,7.5
"2022-06-20 17:00:00","Snatch",COMEDY,"Guy Ritchie",2000,104,12,7.5
"2022-06-21 10:30:00","Snatch",COMEDY,"Guy Ritchie",2000,104,12,7.5
"2022-06-21 13:00:00","Peeping Tom",DRAMA,"Michael Powell",1960,101,12,6.5
"2022-06-22 10:30:00","Planet of the Apes",ADVENTURE,"Franklin J. Schaffner",1968,112,0,8.0
"2022-06-22 13:00:00","Lawrence of Arabia",ADVENTURE,"David Lean",1962,228,0,7.0
"2022-06-23 10:30:00","Arsenic and Old Lace",COMEDY,"Frank Capra",1942,118,12,6.5
"2022-06-24 10:30:00","The Night of the Hunter",CRIME,"Charles Laughton",1955,92,12,8.0
"2022-06-24 13:00:00","The Pianist",BIOGRAPHY,"Roman Polanski",2002,150,16,7.0
"2022-06-24 16:30:00","The Night of the Hunter",CRIME,"Charles Laughton",1955,92,12,7.0
"2022-06-25 10:00:00","The Night of the Hunter",CRIME,"Charles Laughton",1955,92,12,7.5
"2022-06-25 12:30:00","The Pianist",BIOGRAPHY,"Roman Polanski",2002,150,16,8.0
"2022-06-25 16:00:00","The Green Mile",CRIME,"Frank Darabont",1999,189,12,6.5
"2022-06-25 20:00:00","Bacheha-Ye aseman",DRAMA,"Majid Majidi",1997,89,6,10.0
"2022-06-26 10:00:00","Gone with the Wind",DRAMA,"Victor Fleming",1939,238,0,7.0
"2022-06-26 15:00:00","Snatch",COMEDY,"Guy Ritchie",2000,104,12,7.5
"2022-06-26 17:30:00","All Quiet on the Western Front",DRAMA,"Lewis Milestone",1930,152,0,8.0
"2022-06-27 10:30:00","Vampire Hunter D: Bloodlust",ANIMATION,"Yoshiaki Kawajiri",2000,103,0,7.0
"2022-06-27 13:00:00","Dom za vesanje",COMEDY,"Emir Kusturica",1988,142,16,7.5
"2022-06-27 16:30:00","Abre los ojos",DRAMA,"Alejandro Amenábar",1997,119,0,7.0
"2022-06-28 10:30:00","The Night of the Hunter",CRIME,"Charles Laughton",1955,92,12,6.5
"2022-06-29 10:00:00","The Sixth Sense",DRAMA,"M. Night Shyamalan",1999,107,12,8.5
"2022-06-30 10:30:00","All Quiet on the Western Front",DRAMA,"Lewis Milestone",1930,152,0,6.5
"2022-06-30 14:00:00","Star Wars: Episode VI - Return of the Jedi",ACTION,"Richard Marquand",1983,131,0,6.5
"2022-07-01 10:00:00","Predator",ACTION,"John McTiernan",1987,107,12,7.0
"2022-07-01 13:00:00","Fiddler on the Roof",DRAMA,"Norman Jewison",1971,181,0,8.5
"2022-07-02 10:30:00","Misery",DRAMA,"Rob Reiner",1990,107,16,7.5
"2022-07-02 13:00:00","A Hard Day's Night",COMEDY,"Richard Lester",1964,87,0,6.5
"2022-07-02 15:30:00","Misery",DRAMA,"Rob Reiner",1990,107,16,6.5
"2022-07-03 10:00:00","The Bridge on the River Kwai",ADVENTURE,"David Lean",1957,161,6,8.5
"2022-07-03 13:30:00","The Pianist",BIOGRAPHY,"Roman Polanski",2002,150,16,7.5
"2022-07-03 17:00:00","Planet of the Apes",ADVENTURE,"Franklin J. Schaffner",1968,112,0,8.0
"2022-07-03 19:30:00","Planet of the Apes",ADVENTURE,"Franklin J. Schaffner",1968,112,0,10.0
"2022-07-04 10:00:00","Reservoir Dogs",CRIME,"Quentin Tarantino",1992,99,16,8.5
"2022-07-05 10:00:00","Casablanca",DRAMA,"Michael Curtiz",1942,102,0,7.5
"2022-07-06 10:00:00","Planet of the Apes",ADVENTURE,"Franklin J. Schaffner",1968,112,0,7.0
"2022-07-06 13:00:00","Snatch",COMEDY,"Guy Ritchie",2000,104,12,8.5
"2022-07-07 10:30:00","Planet of the Apes",ADVENTURE,"Franklin J. Schaffner",1968,112,0,8.5
"2022-07-07 13:00:00","Arsenic and Old Lace",COMEDY,"Frank Capra",1942,118,12,8.0
"2022-07-08 10:00:00","Gladiator",ACTION,"Ridley Scott",2000,155,12,7.0
"2022-07-08 13:30:00","The Sixth Sense",DRAMA,"M. Night Shyamalan",1999,107,12,8.0
"2022-07-08 16:00:00","Bacheha-Ye aseman",DRAMA,"Majid Majidi",1997,89,6,8.5
"2022-07-09 10:00:00","Fiddler on the Roof",DRAMA,"Norman Jewison",1971,181,0,7.0
"2022-07-09 14:00:00","High Noon",DRAMA,"Fred Zinnemann",1952,85,6,8.0
"2022-07-09 16:30:00","Fiddler on the Roof",DRAMA,"Norman Jewison",1971,181,0,7.0
"2022-07-10 10:30:00","Waking Life",ANIMATION,"Richard Linklater",2001,99,16,6.5
"2022-07-10 13:00:00","The Lady Vanishes",MYSTERY,"Alfred Hitchcock",1938,96,12,8.0
"2022-07-10 15:30:00","Snatch",COMEDY,"Guy Ritchie",2000,104,12,8.5
"2022-07-11 10:00:00","Carlito's Way",CRIME,"Brian De Palma",1993,144,12,6.5
"2022-07-11 13:30:00","High Noon",DRAMA,"Fred Zinnemann",1952,85,6,7.0
"2022-07-11 16:00:00","Per qualche dollaro in più",WESTERN,"Sergio Leone",1965,132,0,7.0
"2022-07-12 10:00:00","Fiddler on the Roof",DRAMA,"Norman Jewison",1971,181,0,6.5
"2022-07-13 10:00:00","The Bridge on the River Kwai",ADVENTURE,"David Lean",1957,161,6,8.0
"2022-07-13 13:30:00","Tôkyô monogatari",DRAMA,"Yasujirô Ozu",1953,136,0,6.5
"2022-07-14 10:00:00","Gone with the Wind",DRAMA,"Victor Fleming",1939,238,0,8.0
"2022-07-15 10:30:00","To Be or Not to Be",COMEDY,"Ernst Lubitsch",1942,99,12,6.5
"2022-07-15 13:00:00","Dom za vesanje",COMEDY,"Emir Kusturica",1988,142,16,6.5
"2022-07-15 16:00:00","Casablanca",DRAMA,"Michael Curtiz",1942,102,0,8.0
"2022-07-16 10:30:00","Who Framed Roger Rabbit",ANIMATION,"Robert Zemeckis",1988,104,0,8.5
"2022-07-16 13:00:00","Misery",DRAMA,"Rob Reiner",1990,107,16,7.0
"2022-07-16 15:30:00","Mimi wo sumaseba",ANIMATION,"Yoshifumi Kondô",1995,111,0,7.0
"2022-07-16 18:00:00","The Elephant Man",BIOGRAPHY,"David Lynch",1980,124,12,9.5
"2022-07-17 10:30:00","Bacheha-Ye aseman",DRAMA,"Majid Majidi",1997,89,6,6.5
"2022-07-17 13:00:00","All Quiet on the Western Front",DRAMA,"Lewis Milestone",1930,152,0,6.5
"2022-07-17 16:30:00","Memento",MYSTERY,"Christopher Nolan",2000,113,12,7.5
"2022-07-18 10:00:00","The Invisible Man",HORROR,"James Whale",1933,71,12,7.0
"2022-07-18 12:00:00","The Lady Vanishes",MYSTERY,"Alfred Hitchcock",1938,96,12,8.0
"2022-07-19 10:00:00","Barton Fink",COMEDY,"Joel Coen",1991,116,0,8.5
"2022-07-19 13:00:00","The Pianist",BIOGRAPHY,"Roman Polanski",2002,150,16,8.0
"2022-07-19 16:30:00","South Park: Bigger, Longer & Uncut",ANIMATION,"Trey Parker",1999,81,12,7.0
"2022-07-20 10:30:00","Barton Fink",COMEDY,"Joel Coen",1991,116,0,7.5
"2022-07-20 13:00:00","Fiddler on the Roof",DRAMA,"Norman Jewison",1971,181,0,8.5
"2022-07-20 17:00:00","Evil Dead II",ACTION,"Sam Raimi",1987,84,12,6.5
"2022-07-21 10:00:00","The Lady Vanishes",MYSTERY,"Alfred Hitchcock",1938,96,12,7.5
"2022-07-21 12:30:00","La dolce vita",COMEDY,"Federico Fellini",1960,174,12,7.5
"2022-07-22 10:00:00","Who Framed Roger Rabbit",ANIMATION,"Robert Zemeckis",1988,104,0,7.5
"2022-07-22 12:30:00","Raging Bull",BIOGRAPHY,"Martin Scorsese",1980,129,12,8.5
"2022-07-22 15:30:00","La dolce vita",COMEDY,"Federico Fellini",1960,174,12,7.5
"2022-07-23 10:30:00","The Lady Vanishes",MYSTERY,"Alfred Hitchcock",1938,96,12,7.0
"2022-07-23 13:00:00","Gilda",DRAMA,"Charles Vidor",1946,110,12,8.5
"2022-07-23 15:30:00","Fiddler on the Roof",DRAMA,"Norman Jewison",1971,181,0,7.5
"2022-07-23 19:30:00","North by Northwest",ADVENTURE,"Alfred Hitchcock",1959,136,0,10.0
"2022-07-24 10:00:00","Det sjunde inseglet",DRAMA,"Ingmar Bergman",1957,96,12,8.0
"2022-07-24 12:30:00","The Invisible Man",HORROR,"James Whale",1933,71,12,7.0
"2022-07-24 14:30:00","Vivre sa vie: Film en douze tableaux",DRAMA,"Jean-Luc Godard",1962,80,12,8.5
"2022-07-25 10:30:00","Memento",MYSTERY,"Christopher Nolan",2000,113,12,7.5
"2022-07-25 13:30:00","The Elephant Man",BIOGRAPHY,"David Lynch",1980,124,12,7.5
"2022-07-26 10:30:00","The Elephant Man",BIOGRAPHY,"David Lynch",1980,124,12,7.0
"2022-07-26 13:30:00","The Bridge on the River Kwai",ADVENTURE,"David Lean",1957,161,6,7.5
"2022-07-26 17:00:00","Dom za vesanje",COMEDY,"Emir Kusturica",1988,142,16,8.5
"2022-07-27 10:30:00","Vivre sa vie: Film en douze tableaux",DRAMA,"Jean-Luc Godard",1962,80,12,8.0
"2022-07-27 12:30:00","North by Northwest",ADVENTURE,"Alfred Hitchcock",1959,136,0,8.5
"2022-07-28 10:30:00","La dolce vita",COMEDY,"Federico Fellini",1960,174,12,7.0
"2022-07-29 10:00:00","Snatch",COMEDY,"Guy Ritchie",2000,104,12,6.5
"2022-07-30 10:30:00","Casablanca",DRAMA,"Michael Curtiz",1942,102,0,6.5
"2022-07-30 13:00:00","Waking Life",ANIMATION,"Richard Linklater",2001,99,16,7.5
"2022-07-30 15:30:00","Snatch",COMEDY,"Guy Ritchie",2000,104,12,7.0
"2022-07-31 10:30:00","Remember the Titans",BIOGRAPHY,"Boaz Yakin",2000,113,0,8.5
"2022-07-31 13:00:00","Donnie Brasco",BIOGRAPHY,"Mike Newell",1997,127,12,7.5
"2022-07-31 16:00:00","The Graduate",COMEDY,"Mike Nichols",1967,106,12,7.0
"2022-08-01 10:00:00","Dilwale Dulhania Le Jayenge",DRAMA,"Aditya Chopra",1995,189,0,6.5
"2022-08-01 14:00:00","Donnie Brasco",BIOGRAPHY,"Mike Newell",1997,127,12,8.5
"2022-08-02 10:00:00","Scarface: The Shame of the Nation",ACTION,"Howard Hawks",1932,93,6,8.0
"2022-08-02 12:30:00","My Cousin Vinny",COMEDY,"Jonathan Lynn",1992,120,12,7.5
"2022-08-02 15:30:00","Kind Hearts and Coronets",COMEDY,"Robert Hamer",1949,106,0,6.5
"2022-08-03 10:00:00","High Noon",DRAMA,"Fred Zinnemann",1952,85,6,7.5
"2022-08-04 10:30:00","Fanny och Alexander",DRAMA,"Ingmar Bergman",1982,188,12,7.5
"2022-08-05 10:30:00","Who Framed Roger Rabbit",ANIMATION,"Robert Zemeckis",1988,104,0,7.5
"2022-08-05 13:00:00","Casablanca",DRAMA,"Michael Curtiz",1942,102,0,7.5
"2022-08-06 10:00:00","Kind Hearts and Coronets",COMEDY,"Robert Hamer",1949,106,0,7.5
"2022-08-06 12:30:00","Scarface: The Shame of the Nation",ACTION,"Howard Hawks",1932,93,6,7.0
"2022-08-06 15:00:00","Vivre sa vie: Film en douze tableaux",DRAMA,"Jean-Luc Godard",1962,80,12,6.5
"2022-08-07 10:30:00","Misery",DRAMA,"Rob Reiner",1990,107,16,8.5
"2022-08-07 13:00:00","The Graduate",COMEDY,"Mike Nichols",1967,106,12,8.0
"2022-08-07 15:30:00","La dolce vita",COMEDY,"Federico Fellini",1960,174,12,8.0
"2022-08-08 10:30:00","Per qualche dollaro in più",WESTERN,"Sergio Leone",1965,132,0,8.5
"2022-08-08 13:30:00","Raging Bull",BIOGRAPHY,"Martin Scorsese",1980,129,12,8.5
"2022-08-08 16:30:00","Tôkyô monogatari",DRAMA,"Yasujirô Ozu",1953,136,0,7.5
"2022-08-09 10:30:00","Vivre sa vie: Film en douze tableaux",DRAMA,"Jean-Luc Godard",1962,80,12,6.5
"2022-08-10 10:00:00","The Bridge on the River Kwai",ADVENTURE,"David Lean",1957,161,6,7.0
"2022-08-11 10:00:00","The Invisible Man",HORROR,"James Whale",1933,71,12,6.5
"2022-08-11 12:00:00","Memento",MYSTERY,"Christopher Nolan",2000,113,12,8.5
"2022-08-12 10:00:00","Carlito's Way",CRIME,"Brian De Palma",1993,144,12,6.5
"2022-08-12 13:30:00","To Be or Not to Be",COMEDY,"Ernst Lubitsch",1942,99,12,8.0
"2022-08-12 16:00:00","Kramer vs. Kramer",DRAMA,"Robert Benton",1979,105,12,7.5
"2022-08-13 10:30:00","Scarface: The Shame of the Nation",ACTION,"Howard Hawks",1932,93,6,7.0
"2022-08-13 13:00:00","South Park: Bigger, Longer & Uncut",ANIMATION,"Trey Parker",1999,81,12,6.5
"2022-08-13 15:30:00","Tôkyô monogatari",DRAMA,"Yasujirô Ozu",1953,136,0,8.5
"2022-08-13 18:30:00","Raging Bull",BIOGRAPHY,"Martin Scorsese",1980,129,12,8.5
"2022-08-14 10:30:00","North by Northwest",ADVENTURE,"Alfred Hitchcock",1959,136,0,7.5
"2022-08-14 13:30:00","The Graduate",COMEDY,"Mike Nichols",1967,106,12,7.5
"2022-08-14 16:00:00","Raging Bull",BIOGRAPHY,"Martin Scorsese",1980,129,12,6.5
"2022-08-15 10:30:00","Kramer vs. Kramer",DRAMA,"Robert Benton",1979,105,12,6.5
"2022-08-15 13:00:00","Batman: Mask of the Phantasm",ANIMATION,"Kevin Altieri",1993,76,6,8.5
"2022-08-16 10:30:00","My Cousin Vinny",COMEDY,"Jonathan Lynn",1992,120,12,7.0
"2022-08-16 13:30:00","Sense and Sensibility",DRAMA,"Ang Lee",1995,136,0,7.5
"2022-08-16 16:30:00","Raiders of the Lost Ark",ACTION,"Steven Spielberg",1981,115,12,8.0
"2022-08-17 10:30:00","Night on Earth",COMEDY,"Jim Jarmusch",1991,129,16,8.0
"2022-08-18 10:00:00","To Have and Have Not",ADVENTURE,"Howard Hawks",1944,100,6,7.5
"2022-08-18 12:30:00","Road to Perdition",CRIME,"Sam Mendes",2002,117,12,6.5
"2022-08-18 15:30:00","Sense and Sensibility",DRAMA,"Ang Lee",1995,136,0,6.5
"2022-08-19 10:30:00","My Cousin Vinny",COMEDY,"Jonathan Lynn",1992,120,12,7.0
"2022-08-19 13:30:00","My Cousin Vinny",COMEDY,"Jonathan Lynn",1992,120,12,7.0
"2022-08-20 10:30:00","Tôkyô monogatari",DRAMA,"Yasujirô Ozu",1953,136,0,8.5
"2022-08-20 13:30:00","The Innocents",HORROR,"Jack Clayton",1961,100,12,7.5
"2022-08-20 16:00:00","Dilwale Dulhania Le Jayenge",DRAMA,"Aditya Chopra",1995,189,0,7.5
"2022-08-21 10:30:00","Road to Perdition",CRIME,"Sam Mendes",2002,117,12,6.5
"2022-08-21 13:00:00","Donnie Brasco",BIOGRAPHY,"Mike Newell",1997,127,12,7.0
"2022-08-21 16:00:00","The Innocents",HORROR,"Jack Clayton",1961,100,12,8.5
"2022-08-22 10:00:00","Mimi wo sumaseba",ANIMATION,"Yoshifumi Kondô",1995,111,0,8.5
"2022-08-22 12:30:00","Love and Death",COMEDY,"Woody Allen",1975,85,6,7.0
"2022-08-23 10:00:00","Gilda",DRAMA,"Charles Vidor",1946,110,12,7.0
"2022-08-23 12:30:00","Notorious",DRAMA,"Alfred Hitchcock",1946,102,0,7.0
"2022-08-24 10:30:00","12 Angry Men",CRIME,"Sidney Lumet",1957,96,0,7.0
"2022-08-25 10:00:00","Lifeboat",DRAMA,"Alfred Hitchcock",1944,97,12,8.5
"2022-08-25 12:30:00","Night on Earth",COMEDY,"Jim Jarmusch",1991,129,16,7.5
"2022-08-25 15:30:00","A Hard Day's Night",COMEDY,"Richard Lester",1964,87,0,6.5
"2022-08-26 10:30:00","A Streetcar Named Desire",DRAMA,"Elia Kazan",1951,122,12,8.0
"2022-08-27 10:30:00","Raiders of the Lost Ark",ACTION,"Steven Spielberg",1981,115,12,7.0
"2022-08-27 13:00:00","Raging Bull",BIOGRAPHY,"Martin Scorsese",1980,129,12,8.0
"2022-08-27 16:00:00","Lifeboat",DRAMA,"Alfred Hitchcock",1944,97,12,7.0
"2022-08-27 18:30:00","Ran",ACTION,"Akira Kurosawa",1985,162,0,9.5
"2022-08-28 10:30:00","Memento",MYSTERY,"Christopher Nolan",2000,113,12,8.0
"2022-08-28 13:30:00","Raging Bull",BIOGRAPHY,"Martin Scorsese",1980,129,12,8.5
"2022-08-28 16:30:00","Lifeboat",DRAMA,"Alfred Hitchcock",1944,97,12,7.0
"2022-08-29 10:30:00","Dilwale Dulhania Le Jayenge",DRAMA,"Aditya Chopra",1995,189,0,7.0
"2022-08-29 14:30:00","Love and Death",COMEDY,"Woody Allen",1975,85,6,7.0
"2022-08-30 10:00:00","Lifeboat",DRAMA,"Alfred Hitchcock",1944,97,12,8.5
"2022-08-30 12:30:00","Road to Perdition",CRIME,"Sam Mendes",2002,117,12,7.5
"2022-08-30 15:00:00","Kramer vs. Kramer",DRAMA,"Robert Benton",1979,105,12,7.0
"2022-08-31 10:30:00","Kramer vs. Kramer",DRAMA,"Robert Benton",1979,105,12,8.5
"2022-09-01 10:30:00","Dilwale Dulhania Le Jayenge",DRAMA,"Aditya Chopra",1995,189,0,6.5
"2022-09-01 14:30:00","Gilda",DRAMA,"Charles Vidor",1946,110,12,6.5
"2022-09-02 10:30:00","Road to Perdition",CRIME,"Sam Mendes",2002,117,12,8.0
"2022-09-02 13:30:00","Evil Dead II",ACTION,"Sam Raimi",1987,84,12,7.0
"2022-09-02 15:30:00","Zerkalo",BIOGRAPHY,"Andrei Tarkovsky",1975,107,0,6.5
"2022-09-03 10:30:00","Raiders of the Lost Ark",ACTION,"Steven Spielberg",1981,115,12,7.0
"2022-09-03 13:30:00","Love and Death",COMEDY,"Woody Allen",1975,85,6,8.5
"2022-09-03 16:00:00","Ran",ACTION,"Akira Kurosawa",1985,162,0,7.0
"2022-09-03 19:30:00","My Cousin Vinny",COMEDY,"Jonathan Lynn",1992,120,12,10.0
"2022-09-04 10:00:00","A Streetcar Named Desire",DRAMA,"Elia Kazan",1951,122,12,7.5
"2022-09-04 13:00:00","Ferris Bueller's Day Off",COMEDY,"John Hughes",1986,103,0,7.0
"2022-09-04 15:30:00","Raiders of the Lost Ark",ACTION,"Steven Spielberg",1981,115,12,8.5
"2022-09-04 18:30:00","Hable con ella",DRAMA,"Pedro Almodóvar",2002,112,16,10.0
"2022-09-05 10:00:00","Kramer vs. Kramer",DRAMA,"Robert Benton",1979,105,12,7.5
"2022-09-05 12:30:00","The Innocents",HORROR,"Jack Clayton",1961,100,12,7.5
"2022-09-06 10:30:00","Kramer vs. Kramer",DRAMA,"Robert Benton",1979,105,12,7.5
"2022-09-06 13:00:00","Hable con ella",DRAMA,"Pedro Almodóvar",2002,112,16,7.5
"2022-09-07 10:00:00","I Am Sam",DRAMA,"Jessie Nelson",2001,132,12,7.5
"2022-09-07 13:00:00","Gilda",DRAMA,"Charles Vidor",1946,110,12,7.0
"2022-09-07 16:00:00","I Am Sam",DRAMA,"Jessie Nelson",2001,132,12,8.0
"2022-09-08 10:00:00","Tonari no Totoro",ANIMATION,"Hayao Miyazaki",1988,86,0,8.5
"2022-09-09 10:30:00","I Am Sam",DRAMA,"Jessie Nelson",2001,132,12,7.5
"2022-09-09 13:30:00","Raging Bull",BIOGRAPHY,"Martin Scorsese",1980,129,12,7.0
"2022-09-10 10:00:00","Raiders of the Lost Ark",ACTION,"Steven Spielberg",1981,115,12,7.0
"2022-09-10 13:00:00","Tonari no Totoro",ANIMATION,"Hayao Miyazaki",1988,86,0,6.5
"2022-09-10 15:30:00","My Cousin Vinny",COMEDY,"Jonathan Lynn",1992,120,12,8.5
"2022-09-11 10:00:00","To Have and Have Not",ADVENTURE,"Howard Hawks",1944,100,6,8.5
"2022-09-11 12:30:00","Judgment at Nuremberg",DRAMA,"Stanley Kramer",1961,179,12,6.5
"2022-09-11 16:30:00","All About Eve",DRAMA,"Joseph L. Mankiewicz",1950,138,12,8.5
"2022-09-11 19:30:00","Scarface: The Shame of the Nation",ACTION,"Howard Hawks",1932,93,6,10.0
"2022-09-12 10:30:00","Raiders of the Lost Ark",ACTION,"Steven Spielberg",1981,115,12,8.5
"2022-09-13 10:00:00","Ran",ACTION,"Akira Kurosawa",1985,162,0,7.5
"2022-09-13 13:30:00","His Girl Friday",COMEDY,"Howard Hawks",1940,92,12,8.0
"2022-09-14 10:30:00","All About Eve",DRAMA,"Joseph L. Mankiewicz",1950,138,12,7.0
"2022-09-15 10:00:00","Tonari no Totoro",ANIMATION,"Hayao Miyazaki",1988,86,0,8.0
"2022-09-15 12:30:00","A Streetcar Named Desire",DRAMA,"Elia Kazan",1951,122,12,8.5
"2022-09-16 10:00:00","Lifeboat",DRAMA,"Alfred Hitchcock",1944,97,12,8.0
"2022-09-17 10:00:00","Zerkalo",BIOGRAPHY,"Andrei Tarkovsky",1975,107,0,8.0
"2022-09-17 12:30:00","The Great Escape",ADVENTURE,"John Sturges",1963,172,0,7.5
"2022-09-17 16:30:00","Doctor Zhivago",DRAMA,"David Lean",1965,197,12,8.0
"2022-09-18 10:30:00","The Innocents",HORROR,"Jack Clayton",1961,100,12,6.5
"2022-09-18 13:00:00","The Innocents",HORROR,"Jack Clayton",1961,100,12,8.0
"2022-09-18 15:30:00","The Great Escape",ADVENTURE,"John Sturges",1963,172,0,7.0
"2022-09-18 19:00:00","Judgment at Nuremberg",DRAMA,"Stanley Kramer",1961,179,12,9.5
"2022-09-19 10:30:00","Some Like It Hot",COMEDY,"Billy Wilder",1959,121,0,8.0
"2022-09-19 13:30:00","Doctor Zhivago",DRAMA,"David Lean",1965,197,12,8.5
"2022-09-20 10:00:00","Doctor Zhivago",DRAMA,"David Lean",1965,197,12,7.0
"2022-09-21 10:30:00","Doctor Zhivago",DRAMA,"David Lean",1965,197,12,8.0
"2022-09-22 10:30:00","Lifeboat",DRAMA,"Alfred Hitchcock",1944,97,12,6.5
"2022-09-23 10:00:00","Vivre sa vie: Film en douze tableaux",DRAMA,"Jean-Luc Godard",1962,80,12,6.5
"2022-09-23 12:30:00","Vivre sa vie: Film en douze tableaux",DRAMA,"Jean-Luc Godard",1962,80,12,6.5
"2022-09-24 10:30:00","Tonari no Totoro",ANIMATION,"Hayao Miyazaki",1988,86,0,6.5
"2022-09-24 13:00:00","The Great Escape",ADVENTURE,"John Sturges",1963,172,0,8.0
"2022-09-24 17:00:00","Per qualche dollaro in più",WESTERN,"Sergio Leone",1965,132,0,7.5
"2022-09-24 20:00:00","A Streetcar Named Desire",DRAMA,"Elia Kazan",1951,122,12,9.5
"2022-09-25 10:30:00","Hable con ella",DRAMA,"Pedro Almodóvar",2002,112,16,7.0
"2022-09-25 13:30:00","His Girl Friday",COMEDY,"Howard Hawks",1940,92,12,7.0
"2022-09-25 16:00:00","Doctor Zhivago",DRAMA,"David Lean",1965,197,12,6.5
"2022-09-26 10:30:00","The Deer Hunter",DRAMA,"Michael Cimino",1978,183,12,7.5
"2022-09-27 10:00:00","Do lok tin si",COMEDY,"Kar-Wai Wong",1995,99,12,8.5
"2022-09-27 12:30:00","The Deer Hunter",DRAMA,"Michael Cimino",1978,183,12,8.0
"2022-09-28 10:00:00","Fargo",CRIME,"Joel Coen",1996,98,12,7.5
"2022-09-28 12:30:00","The Great Escape",ADVENTURE,"John Sturges",1963,172,0,7.0
"2022-09-29 10:30:00","12 Angry Men",CRIME,"Sidney Lumet",1957,96,0,8.0
"2022-09-29 13:00:00","La Grande Illusion",DRAMA,"Jean Renoir",1937,113,12,7.0
"2022-09-29 15:30:00","The Hustler",DRAMA,"Robert Rossen",1961,134,12,8.5
"2022-09-30 10:00:00","Do lok tin si",COMEDY,"Kar-Wai Wong",1995,99,12,6.5
"2022-10-01 10:30:00","Lifeboat",DRAMA,"Alfred Hitchcock",1944,97,12,6.5
"2022-10-01 13:00:00","The Fugitive",ACTION,"Andrew Davis",1993,130,0,7.5
"2022-10-01 16:00:00","Some Like It Hot",COMEDY,"Billy Wilder",1959,121,0,7.0
"2022-10-02 10:00:00","Per qualche dollaro in più",WESTERN,"Sergio Leone",1965,132,0,7.0
"2022-10-02 13:00:00","His Girl Friday",COMEDY,"Howard Hawks",1940,92,12,8.0
"2022-10-02 15:30:00","Some Like It Hot",COMEDY,"Billy Wilder",1959,121,0,8.0
"2022-10-02 18:30:00","12 Angry Men",CRIME,"Sidney Lumet",1957,96,0,10.0
"2022-10-03 10:00:00","Love and Death",COMEDY,"Woody Allen",1975,85,6,8.5
"2022-10-03 12:00:00","I Am Sam",DRAMA,"Jessie Nelson",2001,132,12,7.0
"2022-10-04 10:00:00","La Grande Illusion",DRAMA,"Jean Renoir",1937,113,12,7.0
"2022-10-04 13:00:00","Tonari no Totoro",ANIMATION,"Hayao Miyazaki",1988,86,0,6.5
"2022-10-04 15:30:00","What's Eating Gilbert Grape",DRAMA,"Lasse Hallström",1993,118,0,6.5
"2022-10-05 10:00:00","The Great Escape",ADVENTURE,"John Sturges",1963,172,0,8.5
"2022-10-05 13:30:00","Hable con ella",DRAMA,"Pedro Almodóvar",2002,112,16,7.5
"2022-10-06 10:30:00","The Hustler",DRAMA,"Robert Rossen",1961,134,12,7.0
"2022-10-06 13:30:00","Raiders of the Lost Ark",ACTION,"Steven Spielberg",1981,115,12,7.0
"2022-10-06 16:00:00","Kind Hearts and Coronets",COMEDY,"Robert Hamer",1949,106,0,8.5
"2022-10-07 10:00:00","The Fugitive",ACTION,"Andrew Davis",1993,130,0,7.0
"2022-10-07 13:00:00","Miller's Crossing",CRIME,"Joel Coen",1990,115,16,7.5
"2022-10-08 10:00:00","Kind Hearts and Coronets",COMEDY,"Robert Hamer",1949,106,0,8.5
"2022-10-08 12:30:00","I Am Sam",DRAMA,"Jessie Nelson",2001,132,12,8.5
"2022-10-08 15:30:00","12 Angry Men",CRIME,"Sidney Lumet",1957,96,0,6.5
"2022-10-08 18:00:00","Zerkalo",BIOGRAPHY,"Andrei Tarkovsky",1975,107,0,9.0
"2022-10-09 10:30:00","Judgment at Nuremberg",DRAMA,"Stanley Kramer",1961,179,12,8.0
"2022-10-09 14:30:00","Do lok tin si",COMEDY,"Kar-Wai Wong",1995,99,12,7.0
"2022-10-09 17:00:00","The Straight Story",BIOGRAPHY,"David Lynch",1999,112,0,8.5
"2022-10-10 10:30:00","Doctor Zhivago",DRAMA,"David Lean",1965,197,12,7.5
"2022-10-11 10:30:00","His Girl Friday",COMEDY,"Howard Hawks",1940,92,12,7.0
"2022-10-11 13:00:00","Gladiator",ACTION,"Ridley Scott",2000,155,12,8.0
"2022-10-12 10:30:00","Der Himmel über Berlin",DRAMA,"Wim Wenders",1987,128,0,8.5
"2022-10-13 10:00:00","The Hustler",DRAMA,"Robert Rossen",1961,134,12,8.0
"2022-10-13 13:00:00","Dark City",MYSTERY,"Alex Proyas",1998,100,12,7.5
"2022-10-14 10:00:00","The Hustler",DRAMA,"Robert Rossen",1961,134,12,7.5
"2022-10-14 13:00:00","Fargo",CRIME,"Joel Coen",1996,98,12,8.5
"2022-10-15 10:00:00","Miller's Crossing",CRIME,"Joel Coen",1990,115,16,6.5
"2022-10-15 13:00:00","The Hustler",DRAMA,"Robert Rossen",1961,134,12,8.0
"2022-10-15 16:00:00","O Brother, Where Art Thou?",ADVENTURE,"Joel Coen",2000,107,0,8.5
"2022-10-15 18:30:00","The Hustler",DRAMA,"Robert Rossen",1961,134,12,9.0
"2022-10-16 10:00:00","Fargo",CRIME,"Joel Coen",1996,98,12,7.0
"2022-10-16 12:30:00","O Brother, Where Art Thou?",ADVENTURE,"Joel Coen",2000,107,0,8.0
"2022-10-16 15:00:00","Kind Hearts and Coronets",COMEDY,"Robert Hamer",1949,106,0,8.0
"2022-10-17 10:30:00","Sense and Sensibility",DRAMA,"Ang Lee",1995,136,0,7.5
"2022-10-18 10:00:00","Gladiator",ACTION,"Ridley Scott",2000,155,12,8.0
"2022-10-18 13:30:00","La Grande Illusion",DRAMA,"Jean Renoir",1937,113,12,8.0
"2022-10-18 16:30:00","The Fugitive",ACTION,"Andrew Davis",1993,130,0,8.5
"2022-10-19 10:30:00","Dark City",MYSTERY,"Alex Proyas",1998,100,12,6.5
"2022-10-20 10:30:00","Le salaire de la peur",ADVENTURE,"Henri-Georges Clouzot",1953,131,0,8.5
"2022-10-20 13:30:00","Jungfrukällan",DRAMA,"Ingmar Bergman",1960,89,12,8.0
"2022-10-20 16:00:00","Do lok tin si",COMEDY,"Kar-Wai Wong",1995,99,12,8.5
"2022-10-21 10:30:00","Le salaire de la peur",ADVENTURE,"Henri-Georges Clouzot",1953,131,0,7.5
"2022-10-22 10:30:00","Midnight Cowboy",DRAMA,"John Schlesinger",1969,113,12,7.5
"2022-10-22 13:00:00","Judgment at Nuremberg",DRAMA,"Stanley Kramer",1961,179,12,7.5
"2022-10-22 17:00:00","Gladiator",ACTION,"Ridley Scott",2000,155,12,8.0
"2022-10-23 10:30:00","Dark City",MYSTERY,"Alex Proyas",1998,100,12,7.5
"2022-10-23 13:00:00","O Brother, Where Art Thou?",ADVENTURE,"Joel Coen",2000,107,0,8.5
"2022-10-23 15:30:00","City Lights",COMEDY,"Charles Chaplin",1931,87,0,8.0
"2022-10-23 18:00:00","Kind Hearts and Coronets",COMEDY,"Robert Hamer",1949,106,0,9.5
"2022-10-24 10:00:00","Kôkaku Kidôtai",ANIMATION,"Mamoru Oshii",1995,83,12,7.0
"2022-10-24 12:00:00","O Brother, Where Art Thou?",ADVENTURE,"Joel Coen",2000,107,0,7.5
"2022-10-25 10:00:00","Miller's Crossing",CRIME,"Joel Coen",1990,115,16,7.5
"2022-10-25 13:00:00","A Streetcar Named Desire",DRAMA,"Elia Kazan",1951,122,12,6.5
"2022-10-26 10:30:00","O Brother, Where Art Thou?",ADVENTURE,"Joel Coen",2000,107,0,7.0
"2022-10-26 13:00:00","The Hustler",DRAMA,"Robert Rossen",1961,134,12,8.0
"2022-10-27 10:00:00","Cast Away",ADVENTURE,"Robert Zemeckis",2000,143,12,7.0
"2022-10-28 10:00:00","His Girl Friday",COMEDY,"Howard Hawks",1940,92,12,6.5
"2022-10-29 10:00:00","City Lights",COMEDY,"Charles Chaplin",1931,87,0,8.5
"2022-10-29 12:30:00","Do lok tin si",COMEDY,"Kar-Wai Wong",1995,99,12,7.0
"2022-10-29 15:00:00","Do lok tin si",COMEDY,"Kar-Wai Wong",1995,99,12,7.0
"2022-10-29 17:30:00","Predator",ACTION,"John McTiernan",1987,107,12,8.5
"2022-10-30 10:30:00","The Deer Hunter",DRAMA,"Michael Cimino",1978,183,12,8.5
"2022-10-30 14:30:00","Midnight Cowboy",DRAMA,"John Schlesinger",1969,113,12,7.0
"2022-10-30 17:00:00","Midnight Express",BIOGRAPHY,"Alan Parker",1978,121,12,7.5
"2022-10-31 10:30:00","Judgment at Nuremberg",DRAMA,"Stanley Kramer",1961,179,12,7.0
"2022-10-31 14:00:00","Jungfrukällan",DRAMA,"Ingmar Bergman",1960,89,12,7.5
"2022-10-31 16:30:00","Do lok tin si",COMEDY,"Kar-Wai Wong",1995,99,12,7.5
"2022-11-01 10:00:00","Falling Down",ACTION,"Joel Schumacher",1993,113,16,8.5
"2022-11-02 10:30:00","O Brother, Where Art Thou?",ADVENTURE,"Joel Coen",2000,107,0,6.5
"2022-11-03 10:30:00","Fargo",CRIME,"Joel Coen",1996,98,12,8.5
"2022-11-03 13:00:00","City Lights",COMEDY,"Charles Chaplin",1931,87,0,8.0
"2022-11-04 10:30:00","Gladiator",ACTION,"Ridley Scott",2000,155,12,7.0
"2022-11-04 14:00:00","Midnight Cowboy",DRAMA,"John Schlesinger",1969,113,12,8.5
"2022-11-05 10:00:00","Gladiator",ACTION,"Ridley Scott",2000,155,12,8.5
"2022-11-05 13:30:00","Le salaire de la peur",ADVENTURE,"Henri-Georges Clouzot",1953,131,0,7.5
"2022-11-05 16:30:00","Kôkaku Kidôtai",ANIMATION,"Mamoru Oshii",1995,83,12,7.5
"2022-11-05 19:00:00","The Magnificent Seven",ACTION,"John Sturges",1960,128,12,8.5
"2022-11-06 10:30:00","Rupan sansei: Kariosutoro no shiro",ANIMATION,"Hayao Miyazaki",1979,100,0,7.0
"2022-11-06 13:00:00","Do lok tin si",COMEDY,"Kar-Wai Wong",1995,99,12,8.5
"2022-11-06 15:30:00","City Lights",COMEDY,"Charles Chaplin",1931,87,0,8.5
"2022-11-06 18:00:00","Kôkaku Kidôtai",ANIMATION,"Mamoru Oshii",1995,83,12,9.0
"2022-11-07 10:00:00","Cast Away",ADVENTURE,"Robert Zemeckis",2000,143,12,8.5
"2022-11-07 13:00:00","Kôkaku Kidôtai",ANIMATION,"Mamoru Oshii",1995,83,12,8.5
"2022-11-08 10:00:00","Enter the Dragon",ACTION,"Robert Clouse",1973,102,12,8.0
"2022-11-08 12:30:00","Midnight Cowboy",DRAMA,"John Schlesinger",1969,113,12,6.5
"2022-11-09 10:30:00","Adaptation.",COMEDY,"Spike Jonze",2002,115,16,6.5
"2022-11-09 13:30:00","The Hustler",DRAMA,"Robert Rossen",1961,134,12,8.5
"2022-11-09 16:30:00","Midnight Cowboy",DRAMA,"John Schlesinger",1969,113,12,7.0
"2022-11-10 10:00:00","A Streetcar Named Desire",DRAMA,"Elia Kazan",1951,122,12,8.5
"2022-11-11 10:00:00","The Magnificent Seven",ACTION,"John Sturges",1960,128,12,8.0
"2022-11-11 13:00:00","A Clockwork Orange",CRIME,"Stanley Kubrick",1971,136,12,7.0
"2022-11-11 16:00:00","Der Himmel über Berlin",DRAMA,"Wim Wenders",1987,128,0,7.5
"2022-11-12 10:00:00","The Great Escape",ADVENTURE,"John Sturges",1963,172,0,8.5
"2022-11-12 13:30:00","The Invisible Man",HORROR,"James Whale",1933,71,12,8.5
"2022-11-12 15:30:00","Midnight Cowboy",DRAMA,"John Schlesinger",1969,113,12,6.5
"2022-11-12 18:00:00","Dances with Wolves",ADVENTURE,"Kevin Costner",1990,181,0,9.0
"2022-11-13 10:00:00","The Invisible Man",HORROR,"James Whale",1933,71,12,8.5
"2022-11-13 12:00:00","Gladiator",ACTION,"Ridley Scott",2000,155,12,7.5
"2022-11-13 15:30:00","Rupan sansei: Kariosutoro no shiro",ANIMATION,"Hayao Miyazaki",1979,100,0,7.0
"2022-11-13 18:00:00","Sense and Sensibility",DRAMA,"Ang Lee",1995,136,0,10.0
"2022-11-14 10:30:00","The Magnificent Seven",ACTION,"John Sturges",1960,128,12,8.0
"2022-11-14 13:30:00","The Magnificent Seven",ACTION,"John Sturges",1960,128,12,7.5
"2022-11-14 16:30:00","Gladiator",ACTION,"Ridley Scott",2000,155,12,7.0
"2022-11-15 10:00:00","Le salaire de la peur",ADVENTURE,"Henri-Georges Clouzot",1953,131,0,7.5
"2022-11-15 13:00:00","Hannah and Her Sisters",COMEDY,"Woody Allen",1986,107,12,7.0
"2022-11-15 15:30:00","The Kid",COMEDY,"Charles Chaplin",1921,68,12,7.5
"2022-11-16 10:30:00","Touch of Evil",CRIME,"Orson Welles",1958,95,12,8.0
"2022-11-16 13:00:00","A Clockwork Orange",CRIME,"Stanley Kubrick",1971,136,12,7.5
"2022-11-16 16:00:00","City Lights",COMEDY,"Charles Chaplin",1931,87,0,8.0
"2022-11-17 10:00:00","The Usual Suspects",CRIME,"Bryan Singer",1995,106,12,8.0
"2022-11-17 12:30:00","Kôkaku Kidôtai",ANIMATION,"Mamoru Oshii",1995,83,12,8.5
"2022-11-17 14:30:00","The Usual Suspects",CRIME,"Bryan Singer",1995,106,12,7.5
"2022-11-18 10:30:00","Sense and Sensibility",DRAMA,"Ang Lee",1995,136,0,8.0
"2022-11-19 10:00:00","Cast Away",ADVENTURE,"Robert Zemeckis",2000,143,12,8.5
"2022-11-19 13:00:00","The Magnificent Seven",ACTION,"John Sturges",1960,128,12,7.5
"2022-11-19 16:00:00","Midnight Express",BIOGRAPHY,"Alan Parker",1978,121,12,7.5
"2022-11-20 10:30:00","From Here to Eternity",DRAMA,"Fred Zinnemann",1953,118,12,8.0
"2022-11-20 13:30:00","The Magnificent Seven",ACTION,"John Sturges",1960,128,12,8.0
"2022-11-20 16:30:00","From Here to Eternity",DRAMA,"Fred Zinnemann",1953,118,12,8.0
"2022-11-20 19:30:00","Dances with Wolves",ADVENTURE,"Kevin Costner",1990,181,0,10.0
"2022-11-21 10:30:00","Days of Heaven",DRAMA,"Terrence Malick",1978,94,6,8.0
"2022-11-21 13:00:00","Midnight Cowboy",DRAMA,"John Schlesinger",1969,113,12,7.5
"2022-11-22 10:30:00","Falling Down",ACTION,"Joel Schumacher",1993,113,16,8.0
"2022-11-22 13:00:00","Hannah and Her Sisters",COMEDY,"Woody Allen",1986,107,12,8.5
"2022-11-23 10:00:00","Saving Private Ryan",DRAMA,"Steven Spielberg",1998,169,16,8.5
"2022-11-24 10:30:00","A Streetcar Named Desire",DRAMA,"Elia Kazan",1951,122,12,8.0
"2022-11-24 13:30:00","Ben-Hur",ADVENTURE,"William Wyler",1959,212,0,7.5
"2022-11-25 10:00:00","Midnight Cowboy",DRAMA,"John Schlesinger",1969,113,12,8.5
"2022-11-25 12:30:00","From Here to Eternity",DRAMA,"Fred Zinnemann",1953,118,12,6.5
"2022-11-25 15:30:00","North by Northwest",ADVENTURE,"Alfred Hitchcock",1959,136,0,7.5
"2022-11-26 10:00:00","Majo no takkyûbin",ANIMATION,"Hayao Miyazaki",1989,103,0,7.5
"2022-11-26 12:30:00","Gladiator",ACTION,"Ridley Scott",2000,155,12,8.5
"2022-11-26 16:00:00","Blowup",DRAMA,"Michelangelo Antonioni",1966,111,12,7.0
"2022-11-26 19:00:00","Days of Heaven",DRAMA,"Terrence Malick",1978,94,6,10.0
"2022-11-27 10:30:00","Days of Heaven",DRAMA,"Terrence Malick",1978,94,6,7.0
"2022-11-27 13:00:00","From Here to Eternity",DRAMA,"Fred Zinnemann",1953,118,12,8.0
"2022-11-27 15:30:00","Dances with Wolves",ADVENTURE,"Kevin Costner",1990,181,0,8.5
"2022-11-28 10:00:00","Ben-Hur",ADVENTURE,"William Wyler",1959,212,0,8.0
"2022-11-28 14:30:00","Rashômon",CRIME,"Akira Kurosawa",1950,88,12,7.0
"2022-11-28 17:00:00","Enter the Dragon",ACTION,"Robert Clouse",1973,102,12,7.0
"2022-11-29 10:30:00","The Kid",COMEDY,"Charles Chaplin",1921,68,12,6.5
"2022-11-30 10:00:00","A Little Princess",DRAMA,"Alfonso Cuarón",1995,97,0,7.0
"2022-11-30 12:30:00","Rashômon",CRIME,"Akira Kurosawa",1950,88,12,8.5
"2022-12-01 10:30:00","The Kid",COMEDY,"Charles Chaplin",1921,68,12,6.5
"2022-12-01 12:30:00","Rashômon",CRIME,"Akira Kurosawa",1950,88,12,7.5
"2022-12-01 15:00:00","Dances with Wolves",ADVENTURE,"Kevin Costner",1990,181,0,8.0
"2022-12-02 10:00:00","Dances with Wolves",ADVENTURE,"Kevin Costner",1990,181,0,7.5
"2022-12-02 14:00:00","From Here to Eternity",DRAMA,"Fred Zinnemann",1953,118,12,7.5
"2022-12-02 17:00:00","Saving Private Ryan",DRAMA,"Steven Spielberg",1998,169,16,6.5
"2022-12-03 10:00:00","La passion de Jeanne d'Arc",BIOGRAPHY,"Carl Theodor Dreyer",1928,110,12,6.5
"2022-12-03 12:30:00","Enter the Dragon",ACTION,"Robert Clouse",1973,102,12,7.5
"2022-12-03 15:00:00","Touch of Evil",CRIME,"Orson Welles",1958,95,12,8.5
"2022-12-04 10:30:00","A Little Princess",DRAMA,"Alfonso Cuarón",1995,97,0,7.5
"2022-12-04 13:00:00","The Magnificent Seven",ACTION,"John Sturges",1960,128,12,8.5
"2022-12-04 16:00:00","Enter the Dragon",ACTION,"Robert Clouse",1973,102,12,7.5
"2022-12-05 10:00:00","From Here to Eternity",DRAMA,"Fred Zinnemann",1953,118,12,7.0
"2022-12-05 13:00:00","Touch of Evil",CRIME,"Orson Welles",1958,95,12,6.5
"2022-12-06 10:00:00","Saving Private Ryan",DRAMA,"Steven Spielberg",1998,169,16,6.5
"2022-12-06 13:30:00","Delicatessen",COMEDY,"Marc Caro",1991,99,16,8.0
"2022-12-07 10:00:00","Boyz n the Hood",CRIME,"John Singleton",1991,112,12,7.0
"2022-12-07 12:30:00","Rupan sansei: Kariosutoro no shiro",ANIMATION,"Hayao Miyazaki",1979,100,0,8.5
"2022-12-07 15:00:00","Adaptation.",COMEDY,"Spike Jonze",2002,115,16,6.5
"2022-12-08 10:30:00","Casablanca",DRAMA,"Michael Curtiz",1942,102,0,8.0
"2022-12-09 10:00:00","Yeopgijeogin geunyeo",COMEDY,"Jae-young Kwak",2001,137,12,7.5
"2022-12-10 10:30:00","Rashômon",CRIME,"Akira Kurosawa",1950,88,12,8.0
"2022-12-10 13:00:00","Yeopgijeogin geunyeo",COMEDY,"Jae-young Kwak",2001,137,12,6.5
"2022-12-10 16:00:00","Rashômon",CRIME,"Akira Kurosawa",1950,88,12,7.5
"2022-12-10 18:30:00","Enter the Dragon",ACTION,"Robert Clouse",1973,102,12,8.5
"2022-12-11 10:30:00","Hannah and Her Sisters",COMEDY,"Woody Allen",1986,107,12,8.5
"2022-12-11 13:00:00","Smultronstället",DRAMA,"Ingmar Bergman",1957,91,0,7.5
"2022-12-11 15:30:00","The Kid",COMEDY,"Charles Chaplin",1921,68,12,8.5
"2022-12-12 10:00:00","Falling Down",ACTION,"Joel Schumacher",1993,113,16,6.5
"2022-12-13 10:00:00","Touch of Evil",CRIME,"Orson Welles",1958,95,12,6.5
"2022-12-14 10:30:00","Touch of Evil",CRIME,"Orson Welles",1958,95,12,8.5
"2022-12-15 10:30:00","Enter the Dragon",ACTION,"Robert Clouse",1973,102,12,6.5
"2022-12-15 13:00:00","North by Northwest",ADVENTURE,"Alfred Hitchcock",1959,136,0,8.5
"2022-12-15 16:00:00","Majo no takkyûbin",ANIMATION,"Hayao Miyazaki",1989,103,0,7.5
"2022-12-16 10:30:00","Hannah and Her Sisters",COMEDY,"Woody Allen",1986,107,12,6.5
"2022-12-16 13:00:00","Rupan sansei: Kariosutoro no shiro",ANIMATION,"Hayao Miyazaki",1979,100,0,7.5
"2022-12-16 15:30:00","Dances with Wolves",ADVENTURE,"Kevin Costner",1990,181,0,7.0
"2022-12-17 10:30:00","Casablanca",DRAMA,"Michael Curtiz",1942,102,0,7.0
"2022-12-17 13:00:00","Yeopgijeogin geunyeo",COMEDY,"Jae-young Kwak",2001,137,12,8.0
"2022-12-17 16:00:00","Yeopgijeogin geunyeo",COMEDY,"Jae-young Kwak",2001,137,12,7.0
"2022-12-18 10:00:00","25th Hour",DRAMA,"Spike Lee",2002,135,16,8.5
"2022-12-18 13:00:00","Enter the Dragon",ACTION,"Robert Clouse",1973,102,12,7.5
"2022-12-18 15:30:00","The Elephant Man",BIOGRAPHY,"David Lynch",1980,124,12,7.5
"2022-12-18 18:30:00","From Here to Eternity",DRAMA,"Fred Zinnemann",1953,118,12,10.0
"2022-12-19 10:00:00","Predator",ACTION,"John McTiernan",1987,107,12,7.5
"2022-12-19 12:30:00","Yeopgijeogin geunyeo",COMEDY,"Jae-young Kwak",2001,137,12,8.0
"2022-12-20 10:00:00","Delicatessen",COMEDY,"Marc Caro",1991,99,16,7.5
"2022-12-21 10:00:00","The Invisible Man",HORROR,"James Whale",1933,71,12,7.0
"2022-12-21 12:00:00","The Elephant Man",BIOGRAPHY,"David Lynch",1980,124,12,7.0
"2022-12-22 10:00:00","The Elephant Man",BIOGRAPHY,"David Lynch",1980,124,12,8.0
"2022-12-23 10:00:00","Casablanca",DRAMA,"Michael Curtiz",1942,102,0,8.5
"2022-12-23 12:30:00","The Invisible Man",HORROR,"James Whale",1933,71,12,8.0
"2022-12-24 10:30:00","What's Eating Gilbert Grape",DRAMA,"Lasse Hallström",1993,118,0,8.5
"2022-12-24 13:30:00","A Little Princess",DRAMA,"Alfonso Cuarón",1995,97,0,7.0
"2022-12-24 16:00:00","The Truman Show",COMEDY,"Peter Weir",1998,103,0,8.0
"2022-12-24 18:30:00","Naked",COMEDY,"Mike Leigh",1993,132,12,8.5
"2022-12-25 10:30:00","The Invisible Man",HORROR,"James Whale",1933,71,12,7.0
"2022-12-25 12:30:00","Smultronstället",DRAMA,"Ingmar Bergman",1957,91,0,6.5
"2022-12-25 15:00:00","The Truman Show",COMEDY,"Peter Weir",1998,103,0,7.0
"2022-12-26 10:30:00","Naked",COMEDY,"Mike Leigh",1993,132,12,6.5
"2022-12-27 10:00:00","Smultronstället",DRAMA,"Ingmar Bergman",1957,91,0,8.5
"2022-12-27 12:30:00","Yeopgijeogin geunyeo",COMEDY,"Jae-young Kwak",2001,137,12,7.0
"2022-12-28 10:30:00","Boyz n the Hood",CRIME,"John Singleton",1991,112,12,7.0
"2022-12-28 13:00:00","Paper Moon",COMEDY,"Peter Bogdanovich",1973,102,0,8.5
"2022-12-28 15:30:00","Paper Moon",COMEDY,"Peter Bogdanovich",1973,102,0,6.5
"2022-12-29 10:30:00","Ben-Hur",ADVENTURE,"William Wyler",1959,212,0,8.0
"2022-12-29 15:00:00","The Breakfast Club",COMEDY,"John Hughes",1985,97,12,7.0
"2022-12-29 17:30:00","The Elephant Man",BIOGRAPHY,"David Lynch",1980,124,12,8.0
"2022-12-30 10:00:00","Yeopgijeogin geunyeo",COMEDY,"Jae-young Kwak",2001,137,12,7.5
"2022-12-30 13:00:00","Tenkû no shiro Rapyuta",ANIMATION,"Hayao Miyazaki",1986,125,0,8.0
"2022-12-30 16:00:00","Yeopgijeogin geunyeo",COMEDY,"Jae-young Kwak",2001,137,12,7.5
"2022-12-31 10:30:00","The Breakfast Club",COMEDY,"John Hughes",1985,97,12,8.5
"2022-12-31 13:00:00","Enter the Dragon",ACTION,"Robert Clouse",1973,102,12,6.5
"2022-12-31 15:30:00","Tenkû no shiro Rapyuta",ANIMATION,"Hayao Miyazaki",1986,125,0,7.5
"2022-12-31 18:30:00","The Remains of the Day",DRAMA,"James Ivory",1993,134,0,8.5
"2023-01-01 10:00:00","The Elephant Man",BIOGRAPHY,"David Lynch",1980,124,12,6.5
"2023-01-01 13:00:00","Paper Moon",COMEDY,"Peter Bogdanovich",1973,102,0,7.0
"2023-01-01 15:30:00","Escape from Alcatraz",ACTION,"Don Siegel",1979,112,12,8.5
"2023-01-01 18:30:00","Tenkû no shiro Rapyuta",ANIMATION,"Hayao Miyazaki",1986,125,0,9.5
"2023-01-02 10:00:00","Fa yeung nin wah",DRAMA,"Kar-Wai Wong",2000,98,0,7.5
"2023-01-02 12:30:00","Smultronstället",DRAMA,"Ingmar Bergman",1957,91,0,7.0
"2023-01-03 10:30:00","The Elephant Man",BIOGRAPHY,"David Lynch",1980,124,12,8.0
"2023-01-03 13:30:00","Boyz n the Hood",CRIME,"John Singleton",1991,112,12,8.0
"2023-01-03 16:30:00","Monty Python and the Holy Grail",ADVENTURE,"Terry Gilliam",1975,91,6,8.5
"2023-01-04 10:30:00","Fa yeung nin wah",DRAMA,"Kar-Wai Wong",2000,98,0,7.0
"2023-01-04 13:00:00","Fa yeung nin wah",DRAMA,"Kar-Wai Wong",2000,98,0,6.5
"2023-01-04 15:30:00","Rupan sansei: Kariosutoro no shiro",ANIMATION,"Hayao Miyazaki",1979,100,0,6.5
"2023-01-05 10:30:00","Majo no takkyûbin",ANIMATION,"Hayao Miyazaki",1989,103,0,6.5
"2023-01-06 10:00:00","Twelve Monkeys",MYSTERY,"Terry Gilliam",1995,129,12,8.0
"2023-01-06 13:00:00","Paper Moon",COMEDY,"Peter Bogdanovich",1973,102,0,7.5
"2023-01-07 10:00:00","25th Hour",DRAMA,"Spike Lee",2002,135,16,7.5
"2023-01-07 13:00:00","Twelve Monkeys",MYSTERY,"Terry Gilliam",1995,129,12,8.0
"2023-01-07 16:00:00","Paper Moon",COMEDY,"Peter Bogdanovich",1973,102,0,7.5
"2023-01-07 18:30:00","Naked",COMEDY,"Mike Leigh",1993,132,12,9.0
"2023-01-08 10:30:00","Jurassic Park",ACTION,"Steven Spielberg",1993,127,12,8.5
"2023-01-08 13:30:00","Rupan sansei: Kariosutoro no shiro",ANIMATION,"Hayao Miyazaki",1979,100,0,8.0
"2023-01-08 16:00:00","Fa yeung nin wah",DRAMA,"Kar-Wai Wong",2000,98,0,8.0
"2023-01-08 18:30:00","The Elephant Man",BIOGRAPHY,"David Lynch",1980,124,12,10.0
"2023-01-09 10:30:00","Jurassic Park",ACTION,"Steven Spielberg",1993,127,12,7.0
"2023-01-10 10:00:00","Fa yeung nin wah",DRAMA,"Kar-Wai Wong",2000,98,0,8.5
"2023-01-10 12:30:00","Jurassic Park",ACTION,"Steven Spielberg",1993,127,12,7.5
"2023-01-10 15:30:00","Shichinin no samurai",ACTION,"Akira Kurosawa",1954,207,0,7.5
"2023-01-11 10:30:00","Happiness",COMEDY,"Todd Solondz",1998,134,12,8.0
"2023-01-11 13:30:00","The Truman Show",COMEDY,"Peter Weir",1998,103,0,8.0
"2023-01-12 10:30:00","The Remains of the Day",DRAMA,"James Ivory",1993,134,0,8.5
"2023-01-13 10:00:00","Monty Python and the Holy Grail",ADVENTURE,"Terry Gilliam",1975,91,6,8.5
"2023-01-14 10:30:00","Casablanca",DRAMA,"Michael Curtiz",1942,102,0,8.5
"2023-01-14 13:00:00","Happiness",COMEDY,"Todd Solondz",1998,134,12,7.0
"2023-01-14 16:00:00","Happiness",COMEDY,"Todd Solondz",1998,134,12,8.0
"2023-01-15 10:30:00","Twelve Monkeys",MYSTERY,"Terry Gilliam",1995,129,12,8.5
"2023-01-15 13:30:00","Paper Moon",COMEDY,"Peter Bogdanovich",1973,102,0,6.5
"2023-01-15 16:00:00","The Remains of the Day",DRAMA,"James Ivory",1993,134,0,8.5
"2023-01-16 10:30:00","Monty Python and the Holy Grail",ADVENTURE,"Terry Gilliam",1975,91,6,6.5
"2023-01-17 10:30:00","His Girl Friday",COMEDY,"Howard Hawks",1940,92,12,7.5
"2023-01-17 13:00:00","Fa yeung nin wah",DRAMA,"Kar-Wai Wong",2000,98,0,8.0
"2023-01-18 10:00:00","2001: A Space Odyssey",ADVENTURE,"Stanley Kubrick",1968,149,0,7.5
"2023-01-18 13:30:00","Happiness",COMEDY,"Todd Solondz",1998,134,12,8.0
"2023-01-18 16:30:00","The Naked Gun: From the Files of Police Squad!",COMEDY,"David Zucker",1988,85,0,8.0
"2023-01-19 10:30:00","Shichinin no samurai",ACTION,"Akira Kurosawa",1954,207,0,6.5
"2023-01-19 14:30:00","The Naked Gun: From the Files of Police Squad!",COMEDY,"David Zucker",1988,85,0,8.0
"2023-01-20 10:30:00","Escape from Alcatraz",ACTION,"Don Siegel",1979,112,12,8.5
"2023-01-20 13:00:00","Dirty Harry",ACTION,"Don Siegel",1971,102,12,7.0
"2023-01-21 10:00:00","Cowboy Bebop: Tengoku no tobira",ANIMATION,"Shin'ichirô Watanabe",2001,115,0,6.5
"2023-01-21 12:30:00","Escape from Alcatraz",ACTION,"Don Siegel",1979,112,12,8.5
"2023-01-21 15:30:00","Mimi wo sumaseba",ANIMATION,"Yoshifumi Kondô",1995,111,0,8.5
"2023-01-21 18:00:00","2001: A Space Odyssey",ADVENTURE,"Stanley Kubrick",1968,149,0,9.5
"2023-01-22 10:30:00","Naked",COMEDY,"Mike Leigh",1993,132,12,7.0
"2023-01-22 13:30:00","Jurassic Park",ACTION,"Steven Spielberg",1993,127,12,7.0
"2023-01-22 16:30:00","Kôkaku Kidôtai",ANIMATION,"Mamoru Oshii",1995,83,12,7.5
"2023-01-22 19:00:00","Misery",DRAMA,"Rob Reiner",1990,107,16,10.0
"2023-01-23 10:30:00","Dirty Harry",ACTION,"Don Siegel",1971,102,12,8.0
"2023-01-23 13:00:00","On Golden Pond",DRAMA,"Mark Rydell",1981,109,12,8.5
"2023-01-23 15:30:00","Cowboy Bebop: Tengoku no tobira",ANIMATION,"Shin'ichirô Watanabe",2001,115,0,8.5
"2023-01-24 10:30:00","What's Eating Gilbert Grape",DRAMA,"Lasse Hallström",1993,118,0,7.5
"2023-01-24 13:30:00","2001: A Space Odyssey",ADVENTURE,"Stanley Kubrick",1968,149,0,7.5
"2023-01-25 10:00:00","Kôkaku Kidôtai",ANIMATION,"Mamoru Oshii",1995,83,12,8.0
"2023-01-25 12:30:00","The Elephant Man",BIOGRAPHY,"David Lynch",1980,124,12,7.5
"2023-01-26 10:30:00","Paper Moon",COMEDY,"Peter Bogdanovich",1973,102,0,8.5
"2023-01-26 13:00:00","Airplane!",COMEDY,"Jim Abrahams",1980,88,0,7.0
"2023-01-26 15:00:00","Cowboy Bebop: Tengoku no tobira",ANIMATION,"Shin'ichirô Watanabe",2001,115,0,7.5
"2023-01-27 10:00:00","Willy Wonka & the Chocolate Factory",FAMILY,"Mel Stuart",1971,100,0,7.5
"2023-01-27 12:30:00","What's Eating Gilbert Grape",DRAMA,"Lasse Hallström",1993,118,0,8.0
"2023-01-27 15:30:00","Twelve Monkeys",MYSTERY,"Terry Gilliam",1995,129,12,7.5
"2023-01-28 10:00:00","On Golden Pond",DRAMA,"Mark Rydell",1981,109,12,8.5
"2023-01-28 12:30:00","Misery",DRAMA,"Rob Reiner",1990,107,16,6.5
"2023-01-28 15:00:00","Catch Me If You Can",BIOGRAPHY,"Steven Spielberg",2002,141,12,7.5
"2023-01-29 10:00:00","Mimi wo sumaseba",ANIMATION,"Yoshifumi Kondô",1995,111,0,8.0
"2023-01-29 12:30:00","Willy Wonka & the Chocolate Factory",FAMILY,"Mel Stuart",1971,100,0,8.0
"2023-01-29 15:00:00","On Golden Pond",DRAMA,"Mark Rydell",1981,109,12,7.0
"2023-01-29 17:30:00","Mimi wo sumaseba",ANIMATION,"Yoshifumi Kondô",1995,111,0,6.5
"2023-01-30 10:30:00","His Girl Friday",COMEDY,"Howard Hawks",1940,92,12,6.5
"2023-01-30 13:00:00","Monty Python and the Holy Grail",ADVENTURE,"Terry Gilliam",1975,91,6,6.5
"2023-01-30 15:30:00","Monty Python and the Holy Grail",ADVENTURE,"Terry Gilliam",1975,91,6,6.5
"2023-01-31 10:30:00","Escape from Alcatraz",ACTION,"Don Siegel",1979,112,12,8.0
"2023-02-01 10:30:00","Jurassic Park",ACTION,"Steven Spielberg",1993,127,12,8.0
"2023-02-01 13:30:00","Misery",DRAMA,"Rob Reiner",1990,107,16,7.0
"2023-02-02 10:00:00","The Naked Gun: From the Files of Police Squad!",COMEDY,"David Zucker",1988,85,0,8.0
"2023-02-03 10:30:00","My Fair Lady",DRAMA,"George Cukor",1964,170,0,7.0
"2023-02-03 14:00:00","Happiness",COMEDY,"Todd Solondz",1998,134,12,7.5
"2023-02-04 10:00:00","Blue Velvet",DRAMA,"David Lynch",1986,120,12,6.5
"2023-02-04 13:00:00","Tenkû no shiro Rapyuta",ANIMATION,"Hayao Miyazaki",1986,125,0,8.5
"2023-02-04 16:00:00","Shichinin no samurai",ACTION,"Akira Kurosawa",1954,207,0,7.0
"2023-02-05 10:30:00","Jurassic Park",ACTION,"Steven Spielberg",1993,127,12,7.5
"2023-02-05 13:30:00","My Fair Lady",DRAMA,"George Cukor",1964,170,0,6.5
"2023-02-05 17:30:00","Dirty Harry",ACTION,"Don Siegel",1971,102,12,8.5
"2023-02-05 20:00:00","Cowboy Bebop: Tengoku no tobira",ANIMATION,"Shin'ichirô Watanabe",2001,115,0,9.5
"2023-02-06 10:00:00","Twelve Monkeys",MYSTERY,"Terry Gilliam",1995,129,12,7.0
"2023-02-07 10:30:00","Willy Wonka & the Chocolate Factory",FAMILY,"Mel Stuart",1971,100,0,7.0
"2023-02-07 13:00:00","Blue Velvet",DRAMA,"David Lynch",1986,120,12,7.5
"2023-02-07 16:00:00","Happiness",COMEDY,"Todd Solondz",1998,134,12,7.0
"2023-02-08 10:30:00","Willy Wonka & the Chocolate Factory",FAMILY,"Mel Stuart",1971,100,0,8.0
"2023-02-08 13:00:00","Dirty Harry",ACTION,"Don Siegel",1971,102,12,7.0
"2023-02-08 15:30:00","Airplane!",COMEDY,"Jim Abrahams",1980,88,0,6.5
"2023-02-09 10:00:00","Airplane!",COMEDY,"Jim Abrahams",1980,88,0,6.5
"2023-02-09 12:30:00","Kôkaku Kidôtai",ANIMATION,"Mamoru Oshii",1995,83,12,8.5
"2023-02-09 14:30:00","Kôkaku Kidôtai",ANIMATION,"Mamoru Oshii",1995,83,12,7.0
"2023-02-10 10:00:00","The Naked Gun: From the Files of Police Squad!",COMEDY,"David Zucker",1988,85,0,7.5
"2023-02-11 10:30:00","Mimi wo sumaseba",ANIMATION,"Yoshifumi Kondô",1995,111,0,8.0
"2023-02-11 13:00:00","Twelve Monkeys",MYSTERY,"Terry Gilliam",1995,129,12,8.0
"2023-02-11 16:00:00","Tenkû no shiro Rapyuta",ANIMATION,"Hayao Miyazaki",1986,125,0,6.5
"2023-02-12 10:30:00","Catch Me If You Can",BIOGRAPHY,"Steven Spielberg",2002,141,12,8.5
"2023-02-12 14:00:00","Kagemusha",DRAMA,"Akira Kurosawa",1980,180,0,7.5
"2023-02-12 18:00:00","Aguirre, der Zorn Gottes",ACTION,"Werner Herzog",1972,95,12,8.5
"2023-02-12 20:30:00","Kagemusha",DRAMA,"Akira Kurosawa",1980,180,0,8.5
"2023-02-13 10:00:00","The Color Purple",DRAMA,"Steven Spielberg",1985,154,0,7.0
"2023-02-13 13:30:00","Airplane!",COMEDY,"Jim Abrahams",1980,88,0,7.5
"2023-02-13 16:00:00","On Golden Pond",DRAMA,"Mark Rydell",1981,109,12,7.0
"2023-02-14 10:30:00","Mimi wo sumaseba",ANIMATION,"Yoshifumi Kondô",1995,111,0,7.5
"2023-02-14 13:00:00","The Color Purple",DRAMA,"Steven Spielberg",1985,154,0,7.5
"2023-02-14 16:30:00","Aguirre, der Zorn Gottes",ACTION,"Werner Herzog",1972,95,12,7.5
"2023-02-15 10:30:00","Happiness",COMEDY,"Todd Solondz",1998,134,12,7.0
"2023-02-15 13:30:00","Amadeus",BIOGRAPHY,"Milos Forman",1984,160,16,7.0
"2023-02-16 10:30:00","American Psycho",COMEDY,"Mary Harron",2000,101,12,8.0
"2023-02-16 13:00:00","Kagemusha",DRAMA,"Akira Kurosawa",1980,180,0,8.0
"2023-02-17 10:00:00","American Psycho",COMEDY,"Mary Harron",2000,101,12,7.0
"2023-02-17 12:30:00","The Color Purple",DRAMA,"Steven Spielberg",1985,154,0,7.0
"2023-02-18 10:30:00","American Psycho",COMEDY,"Mary Harron",2000,101,12,7.0
"2023-02-18 13:00:00","Jules et Jim",DRAMA,"François Truffaut",1962,105,12,7.5
"2023-02-18 15:30:00","Enemy at the Gates",DRAMA,"Jean-Jacques Annaud",2001,131,12,7.5
"2023-02-18 18:30:00","Kagemusha",DRAMA,"Akira Kurosawa",1980,180,0,9.5
"2023-02-19 10:00:00","American Psycho",COMEDY,"Mary Harron",2000,101,12,7.5
"2023-02-19 12:30:00","Enemy at the Gates",DRAMA,"Jean-Jacques Annaud",2001,131,12,8.5
"2023-02-19 15:30:00","The Green Mile",CRIME,"Frank Darabont",1999,189,12,6.5
"2023-02-19 19:30:00","The Wild Bunch",ACTION,"Sam Peckinpah",1969,145,12,8.5
"2023-02-20 10:00:00","Witness for the Prosecution",CRIME,"Billy Wilder",1957,116,0,7.5
"2023-02-21 10:30:00","Doctor Zhivago",DRAMA,"David Lean",1965,197,12,8.0
"2023-02-22 10:00:00","Catch Me If You Can",BIOGRAPHY,"Steven Spielberg",2002,141,12,7.0
"2023-02-22 13:00:00","American Psycho",COMEDY,"Mary Harron",2000,101,12,6.5
"2023-02-23 10:30:00","Shrek",ANIMATION,"Andrew Adamson",2001,90,0,6.5
"2023-02-23 13:00:00","American Psycho",COMEDY,"Mary Harron",2000,101,12,7.0
"2023-02-24 10:00:00","Kagemusha",DRAMA,"Akira Kurosawa",1980,180,0,7.0
"2023-02-25 10:00:00","My Fair Lady",DRAMA,"George Cukor",1964,170,0,8.5
"2023-02-25 13:30:00","The Naked Gun: From the Files of Police Squad!",COMEDY,"David Zucker",1988,85,0,7.0
"2023-02-25 16:00:00","Shrek",ANIMATION,"Andrew Adamson",2001,90,0,6.5
"2023-02-26 10:30:00","The Circus",COMEDY,"Charles Chaplin",1928,72,12,8.0
"2023-02-26 12:30:00","American Psycho",COMEDY,"Mary Harron",2000,101,12,7.0
"2023-02-26 15:00:00","The Thing",HORROR,"John Carpenter",1982,109,12,8.5
"2023-02-26 18:00:00","The Thing",HORROR,"John Carpenter",1982,109,12,8.5
"2023-02-27 10:00:00","The Color Purple",DRAMA,"Steven Spielberg",1985,154,0,6.5
"2023-02-28 10:00:00","Deliverance",ADVENTURE,"John Boorman",1972,109,0,7.0
"2023-03-01 10:30:00","Enemy at the Gates",DRAMA,"Jean-Jacques Annaud",2001,131,12,6.5
"2023-03-01 13:30:00","Mimi wo sumaseba",ANIMATION,"Yoshifumi Kondô",1995,111,0,8.0
"2023-03-01 16:30:00","The Elephant Man",BIOGRAPHY,"David Lynch",1980,124,12,6.5
"2023-03-02 10:30:00","Interstate 60: Episodes of the Road",ADVENTURE,"Bob Gale",2002,116,16,8.5
"2023-03-02 13:30:00","Blue Velvet",DRAMA,"David Lynch",1986,120,12,8.0
"2023-03-02 16:30:00","Planet of the Apes",ADVENTURE,"Franklin J. Schaffner",1968,112,0,7.0
"2023-03-03 10:30:00","My Fair Lady",DRAMA,"George Cukor",1964,170,0,7.5
"2023-03-04 10:00:00","Planet of the Apes",ADVENTURE,"Franklin J. Schaffner",1968,112,0,8.0
"2023-03-04 12:30:00","The Wild Bunch",ACTION,"Sam Peckinpah",1969,145,12,6.5
"2023-03-04 16:00:00","Planet of the Apes",ADVENTURE,"Franklin J. Schaffner",1968,112,0,7.5
"2023-03-05 10:00:00","Persona",DRAMA,"Ingmar Bergman",1966,85,12,8.5
"2023-03-05 12:00:00","The Elephant Man",BIOGRAPHY,"David Lynch",1980,124,12,7.5
"2023-03-05 15:00:00","The Color Purple",DRAMA,"Steven Spielberg",1985,154,0,7.5
"2023-03-06 10:00:00","American Psycho",COMEDY,"Mary Harron",2000,101,12,6.5
"2023-03-06 12:30:00","My Fair Lady",DRAMA,"George Cukor",1964,170,0,8.0
"2023-03-06 16:00:00","The Thing",HORROR,"John Carpenter",1982,109,12,7.5
"2023-03-07 10:00:00","Mystic River",CRIME,"Clint Eastwood",2003,138,12,7.0
"2023-03-07 13:00:00","Ran",ACTION,"Akira Kurosawa",1985,162,0,7.0
"2023-03-07 16:30:00","Amores perros",DRAMA,"Alejandro G. Iñárritu",2000,154,12,8.0
"2023-03-08 10:00:00","The Green Mile",CRIME,"Frank Darabont",1999,189,12,7.5
"2023-03-09 10:00:00","Shrek",ANIMATION,"Andrew Adamson",2001,90,0,8.0
"2023-03-09 12:30:00","The Color Purple",DRAMA,"Steven Spielberg",1985,154,0,6.5
"2023-03-09 16:00:00","Ran",ACTION,"Akira Kurosawa",1985,162,0,8.5
"2023-03-10 10:00:00","Laura",DRAMA,"Otto Preminger",1944,88,12,7.0
"2023-03-11 10:30:00","Ran",ACTION,"Akira Kurosawa",1985,162,0,7.5
"2023-03-11 14:00:00","Tenkû no shiro Rapyuta",ANIMATION,"Hayao Miyazaki",1986,125,0,8.5
"2023-03-11 17:00:00","Hera Pheri",ACTION,"Priyadarshan",2000,156,0,7.5
"2023-03-11 20:30:00","Shin seiki Evangelion Gekijô-ban: Air/Magokoro wo, kimi ni",ANIMATION,"Hideaki Anno",1997,87,12,9.5
"2023-03-12 10:30:00","Mystic River",CRIME,"Clint Eastwood",2003,138,12,6.5
"2023-03-12 13:30:00","La montaña sagrada",ADVENTURE,"Alejandro Jodorowsky",1973,114,16,8.0
"2023-03-12 16:00:00","It's a Wonderful Life",DRAMA,"Frank Capra",1946,130,6,7.0
"2023-03-13 10:30:00","Hera Pheri",ACTION,"Priyadarshan",2000,156,0,7.0
"2023-03-13 14:00:00","Mystic River",CRIME,"Clint Eastwood",2003,138,12,8.5
"2023-03-14 10:30:00","The Green Mile",CRIME,"Frank Darabont",1999,189,12,8.0
"2023-03-15 10:30:00","American Psycho",COMEDY,"Mary Harron",2000,101,12,8.0
"2023-03-15 13:00:00","Kal Ho Naa Ho",COMEDY,"Nikkhil Advani",2003,186,0,7.5
"2023-03-16 10:30:00","La Strada",DRAMA,"Federico Fellini",1954,108,12,6.5
"2023-03-16 13:00:00","A Hard Day's Night",COMEDY,"Richard Lester",1964,87,0,7.5
"2023-03-16 15:30:00","L.A. Confidential",CRIME,"Curtis Hanson",1997,138,12,8.0
"2023-03-17 10:00:00","The Circus",COMEDY,"Charles Chaplin",1928,72,12,6.5
"2023-03-17 12:00:00","Casino",CRIME,"Martin Scorsese",1995,178,12,7.5
"2023-03-17 16:00:00","La montaña sagrada",ADVENTURE,"Alejandro Jodorowsky",1973,114,16,6.5
"2023-03-18 10:30:00","Saving Private Ryan",DRAMA,"Steven Spielberg",1998,169,16,7.0
"2023-03-18 14:00:00","Amadeus",BIOGRAPHY,"Milos Forman",1984,160,16,6.5
"2023-03-18 17:30:00","Jules et Jim",DRAMA,"François Truffaut",1962,105,12,7.5
"2023-03-19 10:30:00","Kagemusha",DRAMA,"Akira Kurosawa",1980,180,0,6.5
"2023-03-19 14:30:00","The Philadelphia Story",COMEDY,"George Cukor",1940,112,12,6.5
"2023-03-19 17:30:00","Hera Pheri",ACTION,"Priyadarshan",2000,156,0,7.5
"2023-03-20 10:00:00","Cowboy Bebop: Tengoku no tobira",ANIMATION,"Shin'ichirô Watanabe",2001,115,0,8.5
"2023-03-20 13:00:00","My Fair Lady",DRAMA,"George Cukor",1964,170,0,6.5
"2023-03-21 10:30:00","12 Angry Men",CRIME,"Sidney Lumet",1957,96,0,8.5
"2023-03-21 13:00:00","Deliverance",ADVENTURE,"John Boorman",1972,109,0,7.5
"2023-03-21 15:30:00","La montaña sagrada",ADVENTURE,"Alejandro Jodorowsky",1973,114,16,6.5
"2023-03-22 10:00:00","The Elephant Man",BIOGRAPHY,"David Lynch",1980,124,12,8.0
"2023-03-22 13:00:00","Tenkû no shiro Rapyuta",ANIMATION,"Hayao Miyazaki",1986,125,0,8.5
"2023-03-22 16:00:00","Cowboy Bebop: Tengoku no tobira",ANIMATION,"Shin'ichirô Watanabe",2001,115,0,7.0
"2023-03-23 10:30:00","Airplane!",COMEDY,"Jim Abrahams",1980,88,0,8.0
"2023-03-24 10:30:00","The Green Mile",CRIME,"Frank Darabont",1999,189,12,7.5
"2023-03-24 14:30:00","Jules et Jim",DRAMA,"François Truffaut",1962,105,12,6.5
"2023-03-25 10:30:00","Halloween",HORROR,"John Carpenter",1978,91,12,6.5
"2023-03-25 13:00:00","The Thing",HORROR,"John Carpenter",1982,109,12,7.5
"2023-03-25 15:30:00","La montaña sagrada",ADVENTURE,"Alejandro Jodorowsky",1973,114,16,7.5
"2023-03-25 18:30:00","Empire of the Sun",ACTION,"Steven Spielberg",1987,153,0,10.0
"2023-03-26 10:00:00","Amadeus",BIOGRAPHY,"Milos Forman",1984,160,16,6.5
"2023-03-26 13:30:00","Saving Private Ryan",DRAMA,"Steven Spielberg",1998,169,16,8.0
"2023-03-26 17:00:00","Ran",ACTION,"Akira Kurosawa",1985,162,0,7.5
"2023-03-26 20:30:00","La Strada",DRAMA,"Federico Fellini",1954,108,12,9.5
"2023-03-27 10:30:00","12 Angry Men",CRIME,"Sidney Lumet",1957,96,0,8.5
"2023-03-27 13:00:00","La montaña sagrada",ADVENTURE,"Alejandro Jodorowsky",1973,114,16,6.5
"2023-03-27 15:30:00","The Philadelphia Story",COMEDY,"George Cukor",1940,112,12,6.5
"2023-03-28 10:30:00","The Elephant Man",BIOGRAPHY,"David Lynch",1980,124,12,8.0
"2023-03-28 13:30:00","Shadow of a Doubt",FILM_NOIR,"Alfred Hitchcock",1943,108,6,7.0
"2023-03-29 10:00:00","Down by Law",COMEDY,"Jim Jarmusch",1986,107,16,7.5
"2023-03-29 12:30:00","Kagemusha",DRAMA,"Akira Kurosawa",1980,180,0,8.0
"2023-03-30 10:30:00","The Elephant Man",BIOGRAPHY,"David Lynch",1980,124,12,7.0
"2023-03-30 13:30:00","Mystic River",CRIME,"Clint Eastwood",2003,138,12,7.0
"2023-03-31 10:30:00","Saving Private Ryan",DRAMA,"Steven Spielberg",1998,169,16,6.5
"2023-03-31 14:30:00","Shadow of a Doubt",FILM_NOIR,"Alfred Hitchcock",1943,108,6,7.5
"2023-03-31 17:00:00","Star Trek II: The Wrath of Khan",ACTION,"Nicholas Meyer",1982,113,0,6.5
"2023-04-01 10:30:00","Planet of the Apes",ADVENTURE,"Franklin J. Schaffner",1968,112,0,6.5
"2023-04-01 13:30:00","King Kong",ADVENTURE,"Merian C. Cooper",1933,100,12,8.5
"2023-04-01 16:00:00","Empire of the Sun",ACTION,"Steven Spielberg",1987,153,0,7.5
"2023-04-01 19:30:00","King Kong",ADVENTURE,"Merian C. Cooper",1933,100,12,10.0
"2023-04-02 10:30:00","Deliverance",ADVENTURE,"John Boorman",1972,109,0,7.0
"2023-04-02 13:00:00","La battaglia di Algeri",DRAMA,"Gillo Pontecorvo",1966,121,12,8.0
"2023-04-02 16:00:00","Shadow of a Doubt",FILM_NOIR,"Alfred Hitchcock",1943,108,6,8.0
"2023-04-03 10:30:00","L.A. Confidential",CRIME,"Curtis Hanson",1997,138,12,8.0
"2023-04-03 13:30:00","King Kong",ADVENTURE,"Merian C. Cooper",1933,100,12,8.5
"2023-04-03 16:00:00","The Last Samurai",ACTION,"Edward Zwick",2003,154,12,7.5
"2023-04-04 10:00:00","A Hard Day's Night",COMEDY,"Richard Lester",1964,87,0,8.0
"2023-04-05 10:00:00","King Kong",ADVENTURE,"Merian C. Cooper",1933,100,12,7.0
"2023-04-05 12:30:00","Shin seiki Evangelion Gekijô-ban: Air/Magokoro wo, kimi ni",ANIMATION,"Hideaki Anno",1997,87,12,7.0
"2023-04-05 14:30:00","Kal Ho Naa Ho",COMEDY,"Nikkhil Advani",2003,186,0,6.5
"2023-04-06 10:30:00","Interstate 60: Episodes of the Road",ADVENTURE,"Bob Gale",2002,116,16,8.5
"2023-04-06 13:30:00","Shine",BIOGRAPHY,"Scott Hicks",1996,105,0,7.0
"2023-04-07 10:30:00","The Elephant Man",BIOGRAPHY,"David Lynch",1980,124,12,8.5
"2023-04-07 13:30:00","La Strada",DRAMA,"Federico Fellini",1954,108,12,7.0
"2023-04-08 10:00:00","La battaglia di Algeri",DRAMA,"Gillo Pontecorvo",1966,121,12,6.5
"2023-04-08 13:00:00","Empire of the Sun",ACTION,"Steven Spielberg",1987,153,0,7.0
"2023-04-08 16:30:00","Shin seiki Evangelion Gekijô-ban: Air/Magokoro wo, kimi ni",ANIMATION,"Hideaki Anno",1997,87,12,6.5
"2023-04-08 19:00:00","Interstate 60: Episodes of the Road",ADVENTURE,"Bob Gale",2002,116,16,10.0
"2023-04-09 10:30:00","Hera Pheri",ACTION,"Priyadarshan",2000,156,0,8.0
"2023-04-09 14:00:00","Interstate 60: Episodes of the Road",ADVENTURE,"Bob Gale",2002,116,16,7.5
"2023-04-09 17:00:00","Kal Ho Naa Ho",COMEDY,"Nikkhil Advani",2003,186,0,8.5
"2023-04-09 21:00:00","Ran",ACTION,"Akira Kurosawa",1985,162,0,9.5
"2023-04-10 10:30:00","Kal Ho Naa Ho",COMEDY,"Nikkhil Advani",2003,186,0,7.0
"2023-04-10 14:30:00","Boogie Nights",DRAMA,"Paul Thomas Anderson",1997,155,16,7.5
"2023-04-10 18:00:00","Shadow of a Doubt",FILM_NOIR,"Alfred Hitchcock",1943,108,6,9.0
"2023-04-11 10:00:00","Saving Private Ryan",DRAMA,"Steven Spielberg",1998,169,16,7.5
"2023-04-11 13:30:00","The Last Samurai",ACTION,"Edward Zwick",2003,154,12,8.5
"2023-04-11 17:00:00","Ran",ACTION,"Akira Kurosawa",1985,162,0,6.5
"2023-04-12 10:00:00","Kal Ho Naa Ho",COMEDY,"Nikkhil Advani",2003,186,0,8.5
"2023-04-12 14:00:00","Tenkû no shiro Rapyuta",ANIMATION,"Hayao Miyazaki",1986,125,0,8.5
"2023-04-13 10:00:00","The African Queen",ADVENTURE,"John Huston",1951,105,6,8.0
"2023-04-14 10:30:00","The Thin Man",COMEDY,"W.S. Van Dyke",1934,91,12,6.5
"2023-04-14 13:00:00","The Elephant Man",BIOGRAPHY,"David Lynch",1980,124,12,8.5
"2023-04-14 16:00:00","Shine",BIOGRAPHY,"Scott Hicks",1996,105,0,7.0
"2023-04-15 10:00:00","Casino",CRIME,"Martin Scorsese",1995,178,12,7.0
"2023-04-15 14:00:00","Star Trek II: The Wrath of Khan",ACTION,"Nicholas Meyer",1982,113,0,7.5
"2023-04-15 16:30:00","Amores perros",DRAMA,"Alejandro G. Iñárritu",2000,154,12,7.0
"2023-04-15 20:00:00","The Quiet Man",COMEDY,"John Ford",1952,129,12,8.5
"2023-04-16 10:00:00","Rosemary's Baby",DRAMA,"Roman Polanski",1968,137,12,6.5
"2023-04-16 13:00:00","The Circus",COMEDY,"Charles Chaplin",1928,72,12,8.5
"2023-04-16 15:00:00","Cowboy Bebop: Tengoku no tobira",ANIMATION,"Shin'ichirô Watanabe",2001,115,0,8.0
"2023-04-16 18:00:00","The Quiet Man",COMEDY,"John Ford",1952,129,12,9.0
"2023-04-17 10:00:00","The Quiet Man",COMEDY,"John Ford",1952,129,12,8.0
"2023-04-17 13:00:00","Kal Ho Naa Ho",COMEDY,"Nikkhil Advani",2003,186,0,7.0
"2023-04-17 17:00:00","True Romance",CRIME,"Tony Scott",1993,119,16,8.0
"2023-04-18 10:00:00","The Circus",COMEDY,"Charles Chaplin",1928,72,12,8.0
"2023-04-19 10:30:00","The Quiet Man",COMEDY,"John Ford",1952,129,12,8.5
"2023-04-20 10:00:00","True Romance",CRIME,"Tony Scott",1993,119,16,6.5
"2023-04-20 13:00:00","Kal Ho Naa Ho",COMEDY,"Nikkhil Advani",2003,186,0,7.5
"2023-04-21 10:30:00","Casino",CRIME,"Martin Scorsese",1995,178,12,8.0
"2023-04-21 14:30:00","The African Queen",ADVENTURE,"John Huston",1951,105,6,7.0
"2023-04-22 10:30:00","Amores perros",DRAMA,"Alejandro G. Iñárritu",2000,154,12,8.5
"2023-04-22 14:00:00","The Game",ACTION,"David Fincher",1997,129,12,7.0
"2023-04-22 17:00:00","Rosemary's Baby",DRAMA,"Roman Polanski",1968,137,12,8.0
"2023-04-22 20:00:00","Shine",BIOGRAPHY,"Scott Hicks",1996,105,0,9.0
"2023-04-23 10:30:00","The Last Samurai",ACTION,"Edward Zwick",2003,154,12,7.5
"2023-04-23 14:00:00","The Hustler",DRAMA,"Robert Rossen",1961,134,12,6.5
"2023-04-23 17:00:00","Shadow of a Doubt",FILM_NOIR,"Alfred Hitchcock",1943,108,6,8.5
"2023-04-24 10:30:00","The Game",ACTION,"David Fincher",1997,129,12,6.5
"2023-04-24 13:30:00","Cowboy Bebop: Tengoku no tobira",ANIMATION,"Shin'ichirô Watanabe",2001,115,0,8.0
"2023-04-24 16:30:00","True Romance",CRIME,"Tony Scott",1993,119,16,8.5
"2023-04-25 10:00:00","Out of the Past",CRIME,"Jacques Tourneur",1947,97,12,8.0
"2023-04-26 10:00:00","Casino",CRIME,"Martin Scorsese",1995,178,12,7.5
"2023-04-26 13:30:00","Giù la testa",DRAMA,"Sergio Leone",1971,157,6,7.0
"2023-04-27 10:00:00","Il buono, il brutto, il cattivo",WESTERN,"Sergio Leone",1966,161,12,6.5
"2023-04-27 13:30:00","Il buono, il brutto, il cattivo",WESTERN,"Sergio Leone",1966,161,12,7.0
"2023-04-27 17:00:00","Lola rennt",CRIME,"Tom Tykwer",1998,81,12,7.0
"2023-04-28 10:30:00","Boksuneun naui geot",CRIME,"Chan-wook Park",2002,129,16,8.0
"2023-04-28 13:30:00","Kal Ho Naa Ho",COMEDY,"Nikkhil Advani",2003,186,0,8.5
"2023-04-29 10:30:00","True Romance",CRIME,"Tony Scott",1993,119,16,7.0
"2023-04-29 13:30:00","Shadow of a Doubt",FILM_NOIR,"Alfred Hitchcock",1943,108,6,7.5
"2023-04-29 16:00:00","Il buono, il brutto, il cattivo",WESTERN,"Sergio Leone",1966,161,12,8.5
"2023-04-30 10:00:00","Out of the Past",CRIME,"Jacques Tourneur",1947,97,12,7.0
"2023-04-30 12:30:00","Kal Ho Naa Ho",COMEDY,"Nikkhil Advani",2003,186,0,8.0
"2023-04-30 16:30:00","The African Queen",ADVENTURE,"John Huston",1951,105,6,7.5
"2023-04-30 19:00:00","The Game",ACTION,"David Fincher",1997,129,12,9.0
"2023-05-01 10:00:00","The Killing Fields",BIOGRAPHY,"Roland Joffé",1984,141,12,8.0
"2023-05-01 13:30:00","Boksuneun naui geot",CRIME,"Chan-wook Park",2002,129,16,7.5
"2023-05-02 10:30:00","Boksuneun naui geot",CRIME,"Chan-wook Park",2002,129,16,8.5
"2023-05-02 13:30:00","Rosemary's Baby",DRAMA,"Roman Polanski",1968,137,12,7.5
"2023-05-03 10:00:00","Kal Ho Naa Ho",COMEDY,"Nikkhil Advani",2003,186,0,8.5
"2023-05-04 10:00:00","The Game",ACTION,"David Fincher",1997,129,12,8.5
"2023-05-04 13:00:00","Modern Times",COMEDY,"Charles Chaplin",1936,87,0,8.0
"2023-05-04 15:00:00","Per qualche dollaro in più",WESTERN,"Sergio Leone",1965,132,0,8.0
"2023-05-05 10:00:00","The Quiet Man",COMEDY,"John Ford",1952,129,12,6.5
"2023-05-05 13:00:00","Lola rennt",CRIME,"Tom Tykwer",1998,81,12,6.5
"2023-05-06 10:30:00","Zulu",DRAMA,"Cy Endfield",1964,138,0,6.5
"2023-05-06 13:30:00","Kal Ho Naa Ho",COMEDY,"Nikkhil Advani",2003,186,0,6.5
"2023-05-06 17:30:00","The Game",ACTION,"David Fincher",1997,129,12,7.5
"2023-05-06 20:30:00","Modern Times",COMEDY,"Charles Chaplin",1936,87,0,8.5
"2023-05-07 10:30:00","The Game",ACTION,"David Fincher",1997,129,12,6.5
"2023-05-07 13:30:00","The African Queen",ADVENTURE,"John Huston",1951,105,6,7.0
"2023-05-07 16:00:00","Dazed and Confused",COMEDY,"Richard Linklater",1993,102,0,7.5
"2023-05-07 18:30:00","The Lord of the Rings: The Two Towers",ACTION,"Peter Jackson",2002,179,12,10.0
"2023-05-08 10:00:00","Giù la testa",DRAMA,"Sergio Leone",1971,157,6,7.0
"2023-05-08 13:30:00","Dr. Strangelove or: How I Learned to Stop Worrying and Love the Bomb",COMEDY,"Stanley Kubrick",1964,95,12,6.5
"2023-05-08 16:00:00","Dr. Strangelove or: How I Learned to Stop Worrying and Love the Bomb",COMEDY,"Stanley Kubrick",1964,95,12,8.0
"2023-05-09 10:00:00","Dazed and Confused",COMEDY,"Richard Linklater",1993,102,0,6.5
"2023-05-10 10:00:00","La battaglia di Algeri",DRAMA,"Gillo Pontecorvo",1966,121,12,8.5
"2023-05-10 13:00:00","Out of the Past",CRIME,"Jacques Tourneur",1947,97,12,8.0
"2023-05-10 15:30:00","The Thin Man",COMEDY,"W.S. Van Dyke",1934,91,12,7.0
"2023-05-11 10:00:00","Il buono, il brutto, il cattivo",WESTERN,"Sergio Leone",1966,161,12,8.0
"2023-05-11 13:30:00","Giù la testa",DRAMA,"Sergio Leone",1971,157,6,8.5
"2023-05-12 10:00:00","The Quiet Man",COMEDY,"John Ford",1952,129,12,7.5
"2023-05-12 13:00:00","La battaglia di Algeri",DRAMA,"Gillo Pontecorvo",1966,121,12,7.5
"2023-05-12 16:00:00","The Magdalene Sisters",DRAMA,"Peter Mullan",2002,114,16,7.5
"2023-05-13 10:30:00","Modern Times",COMEDY,"Charles Chaplin",1936,87,0,7.5
"2023-05-13 12:30:00","Dr. Strangelove or: How I Learned to Stop Worrying and Love the Bomb",COMEDY,"Stanley Kubrick",1964,95,12,8.0
"2023-05-13 15:00:00","Per qualche dollaro in più",WESTERN,"Sergio Leone",1965,132,0,6.5
"2023-05-13 18:00:00","Out of the Past",CRIME,"Jacques Tourneur",1947,97,12,10.0
"2023-05-14 10:30:00","Rosemary's Baby",DRAMA,"Roman Polanski",1968,137,12,7.0
"2023-05-14 13:30:00","The Treasure of the Sierra Madre",ADVENTURE,"John Huston",1948,126,12,6.5
"2023-05-14 16:30:00","Citizen Kane",DRAMA,"Orson Welles",1941,119,12,8.5
"2023-05-15 10:00:00","Seppuku",ACTION,"Masaki Kobayashi",1962,133,12,7.0
"2023-05-16 10:30:00","Blue Velvet",DRAMA,"David Lynch",1986,120,12,6.5
"2023-05-16 13:30:00","Il buono, il brutto, il cattivo",WESTERN,"Sergio Leone",1966,161,12,6.5
"2023-05-16 17:00:00","Ace in the Hole",DRAMA,"Billy Wilder",1951,111,12,8.0
"2023-05-17 10:00:00","The Magdalene Sisters",DRAMA,"Peter Mullan",2002,114,16,8.0
"2023-05-18 10:30:00","Notorious",DRAMA,"Alfred Hitchcock",1946,102,0,8.5
"2023-05-18 13:00:00","The African Queen",ADVENTURE,"John Huston",1951,105,6,8.5
"2023-05-19 10:00:00","Seppuku",ACTION,"Masaki Kobayashi",1962,133,12,8.5
"2023-05-19 13:00:00","The Untouchables",CRIME,"Brian De Palma",1987,119,12,7.5
"2023-05-19 16:00:00","Lola rennt",CRIME,"Tom Tykwer",1998,81,12,7.5
"2023-05-20 10:00:00","Dazed and Confused",COMEDY,"Richard Linklater",1993,102,0,8.5
"2023-05-20 12:30:00","True Romance",CRIME,"Tony Scott",1993,119,16,8.0
"2023-05-20 15:30:00","Notorious",DRAMA,"Alfred Hitchcock",1946,102,0,7.0
"2023-05-21 10:30:00","Kal Ho Naa Ho",COMEDY,"Nikkhil Advani",2003,186,0,7.5
"2023-05-21 14:30:00","Dazed and Confused",COMEDY,"Richard Linklater",1993,102,0,6.5
"2023-05-21 17:00:00","La battaglia di Algeri",DRAMA,"Gillo Pontecorvo",1966,121,12,7.0
"2023-05-22 10:00:00","Dr. Strangelove or: How I Learned to Stop Worrying and Love the Bomb",COMEDY,"Stanley Kubrick",1964,95,12,6.5
"2023-05-22 12:30:00","The Treasure of the Sierra Madre",ADVENTURE,"John Huston",1948,126,12,7.5
"2023-05-22 15:30:00","Kal Ho Naa Ho",COMEDY,"Nikkhil Advani",2003,186,0,6.5
"2023-05-23 10:30:00","The Magdalene Sisters",DRAMA,"Peter Mullan",2002,114,16,8.5
"2023-05-24 10:00:00","As Good as It Gets",COMEDY,"James L. Brooks",1997,139,12,7.0
"2023-05-24 13:00:00","Pulp Fiction",CRIME,"Quentin Tarantino",1994,154,12,7.0
"2023-05-25 10:00:00","Ace in the Hole",DRAMA,"Billy Wilder",1951,111,12,8.5
"2023-05-25 12:30:00","The Terminator",ACTION,"James Cameron",1984,107,12,8.0
"2023-05-26 10:30:00","The Treasure of the Sierra Madre",ADVENTURE,"John Huston",1948,126,12,8.5
"2023-05-27 10:00:00","Beauty and the Beast",ANIMATION,"Gary Trousdale",1991,84,0,6.5
"2023-05-27 12:30:00","The Magdalene Sisters",DRAMA,"Peter Mullan",2002,114,16,6.5
"2023-05-27 15:00:00","Dazed and Confused",COMEDY,"Richard Linklater",1993,102,0,8.0
"2023-05-28 10:30:00","Ace in the Hole",DRAMA,"Billy Wilder",1951,111,12,8.5
"2023-05-28 13:30:00","Full Metal Jacket",DRAMA,"Stanley Kubrick",1987,116,12,7.0
"2023-05-28 16:00:00","Lola rennt",CRIME,"Tom Tykwer",1998,81,12,8.0
"2023-05-29 10:00:00","Fantasia",ANIMATION,"James Algar",1940,125,0,8.0
"2023-05-29 13:00:00","Pulp Fiction",CRIME,"Quentin Tarantino",1994,154,12,8.0
"2023-05-30 10:30:00","The Game",ACTION,"David Fincher",1997,129,12,7.5
"2023-05-31 10:30:00","The Sandlot",COMEDY,"David Mickey Evans",1993,101,0,8.0
"2023-05-31 13:00:00","Citizen Kane",DRAMA,"Orson Welles",1941,119,12,8.5
"2023-06-01 10:00:00","The Untouchables",CRIME,"Brian De Palma",1987,119,12,8.5
"2023-06-01 13:00:00","Full Metal Jacket",DRAMA,"Stanley Kubrick",1987,116,12,6.5
"2023-06-01 16:00:00","Pulp Fiction",CRIME,"Quentin Tarantino",1994,154,12,8.5
"2023-06-02 10:30:00","The Terminator",ACTION,"James Cameron",1984,107,12,7.0
"2023-06-02 13:00:00","October Sky",BIOGRAPHY,"Joe Johnston",1999,108,6,7.0
"2023-06-03 10:30:00","Fargo",CRIME,"Joel Coen",1996,98,12,7.0
"2023-06-03 13:00:00","Per qualche dollaro in più",WESTERN,"Sergio Leone",1965,132,0,7.0
"2023-06-03 16:00:00","Happiness",COMEDY,"Todd Solondz",1998,134,12,8.0
"2023-06-04 10:30:00","Lost Highway",MYSTERY,"David Lynch",1997,134,12,8.5
"2023-06-04 13:30:00","Night of the Living Dead",HORROR,"George A. Romero",1968,96,12,7.5
"2023-06-04 16:00:00","Lola rennt",CRIME,"Tom Tykwer",1998,81,12,7.0
"2023-06-04 18:30:00","Beauty and the Beast",ANIMATION,"Gary Trousdale",1991,84,0,9.5
"2023-06-05 10:30:00","The Untouchables",CRIME,"Brian De Palma",1987,119,12,8.5
"2023-06-05 13:30:00","The Last of the Mohicans",ACTION,"Michael Mann",1992,112,12,7.0
"2023-06-05 16:30:00","Notorious",DRAMA,"Alfred Hitchcock",1946,102,0,8.5
"2023-06-06 10:00:00","The Last of the Mohicans",ACTION,"Michael Mann",1992,112,12,7.5
"2023-06-06 12:30:00","Notorious",DRAMA,"Alfred Hitchcock",1946,102,0,7.0
"2023-06-07 10:00:00","Ace in the Hole",DRAMA,"Billy Wilder",1951,111,12,6.5
"2023-06-07 12:30:00","The Warriors",ACTION,"Walter Hill",1979,92,12,8.0
"2023-06-07 15:00:00","October Sky",BIOGRAPHY,"Joe Johnston",1999,108,6,8.5
"2023-06-08 10:00:00","Citizen Kane",DRAMA,"Orson Welles",1941,119,12,7.0
"2023-06-08 13:00:00","Lola rennt",CRIME,"Tom Tykwer",1998,81,12,7.5
"2023-06-09 10:30:00","Delicatessen",COMEDY,"Marc Caro",1991,99,16,8.5
"2023-06-09 13:00:00","The Terminator",ACTION,"James Cameron",1984,107,12,8.0
"2023-06-09 16:00:00","Night of the Living Dead",HORROR,"George A. Romero",1968,96,12,6.5
"2023-06-10 10:00:00","The Untouchables",CRIME,"Brian De Palma",1987,119,12,6.5
"2023-06-10 13:00:00","Ace in the Hole",DRAMA,"Billy Wilder",1951,111,12,8.5
"2023-06-10 15:30:00","Beauty and the Beast",ANIMATION,"Gary Trousdale",1991,84,0,8.5
"2023-06-10 18:00:00","Night of the Living Dead",HORROR,"George A. Romero",1968,96,12,9.0
"2023-06-11 10:00:00","The Magdalene Sisters",DRAMA,"Peter Mullan",2002,114,16,7.0
"2023-06-11 13:00:00","Manhattan",COMEDY,"Woody Allen",1979,96,16,6.5
"2023-06-11 15:30:00","Manhattan",COMEDY,"Woody Allen",1979,96,16,7.5
"2023-06-12 10:00:00","Beauty and the Beast",ANIMATION,"Gary Trousdale",1991,84,0,8.5
"2023-06-13 10:30:00","Delicatessen",COMEDY,"Marc Caro",1991,99,16,7.5
"2023-06-14 10:30:00","Le salaire de la peur",ADVENTURE,"Henri-Georges Clouzot",1953,131,0,8.0
"2023-06-15 10:30:00","Rebel Without a Cause",DRAMA,"Nicholas Ray",1955,111,12,7.0
"2023-06-15 13:00:00","The Warriors",ACTION,"Walter Hill",1979,92,12,7.5
"2023-06-16 10:30:00","As Good as It Gets",COMEDY,"James L. Brooks",1997,139,12,7.5
"2023-06-17 10:00:00","Lost Highway",MYSTERY,"David Lynch",1997,134,12,8.5
"2023-06-17 13:00:00","Manhattan",COMEDY,"Woody Allen",1979,96,16,8.0
"2023-06-17 15:30:00","Le salaire de la peur",ADVENTURE,"Henri-Georges Clouzot",1953,131,0,6.5
"2023-06-17 18:30:00","Rebel Without a Cause",DRAMA,"Nicholas Ray",1955,111,12,10.0
"2023-06-18 10:00:00","The Terminator",ACTION,"James Cameron",1984,107,12,7.5
"2023-06-18 12:30:00","Sanjuro",ACTION,"Akira Kurosawa",1962,96,0,8.5
"2023-06-18 15:00:00","Ace in the Hole",DRAMA,"Billy Wilder",1951,111,12,7.0
"2023-06-19 10:30:00","The Green Mile",CRIME,"Frank Darabont",1999,189,12,6.5
"2023-06-19 14:30:00","Fantasia",ANIMATION,"James Algar",1940,125,0,8.0
"2023-06-20 10:00:00","Manhattan",COMEDY,"Woody Allen",1979,96,16,8.5
"2023-06-21 10:30:00","The Green Mile",CRIME,"Frank Darabont",1999,189,12,7.5
"2023-06-22 10:00:00","Le salaire de la peur",ADVENTURE,"Henri-Georges Clouzot",1953,131,0,8.0
"2023-06-22 13:00:00","Serpico",BIOGRAPHY,"Sidney Lumet",1973,130,12,7.5
"2023-06-22 16:00:00","Mary Poppins",COMEDY,"Robert Stevenson",1964,139,0,8.5
"2023-06-23 10:30:00","Fantasia",ANIMATION,"James Algar",1940,125,0,7.0
"2023-06-23 13:30:00","The Treasure of the Sierra Madre",ADVENTURE,"John Huston",1948,126,12,7.0
"2023-06-23 16:30:00","Rain Man",DRAMA,"Barry Levinson",1988,133,0,7.5
"2023-06-24 10:00:00","The Magdalene Sisters",DRAMA,"Peter Mullan",2002,114,16,6.5
"2023-06-24 13:00:00","Night of the Living Dead",HORROR,"George A. Romero",1968,96,12,6.5
"2023-06-24 15:30:00","Serpico",BIOGRAPHY,"Sidney Lumet",1973,130,12,8.0
"2023-06-25 10:30:00","Sanjuro",ACTION,"Akira Kurosawa",1962,96,0,7.0
"2023-06-25 13:00:00","Le charme discret de la bourgeoisie",COMEDY,"Luis Buñuel",1972,102,6,6.5
"2023-06-25 15:30:00","Beauty and the Beast",ANIMATION,"Gary Trousdale",1991,84,0,7.5
"2023-06-25 17:30:00","Mary Poppins",COMEDY,"Robert Stevenson",1964,139,0,6.5
"2023-06-26 10:30:00","Omohide poro poro",ANIMATION,"Isao Takahata",1991,118,0,8.5
"2023-06-26 13:30:00","Pulp Fiction",CRIME,"Quentin Tarantino",1994,154,12,8.5
"2023-06-26 17:00:00","Ran",ACTION,"Akira Kurosawa",1985,162,0,8.5
"2023-06-27 10:00:00","The Thing",HORROR,"John Carpenter",1982,109,12,8.0
"2023-06-28 10:00:00","Full Metal Jacket",DRAMA,"Stanley Kubrick",1987,116,12,8.0
"2023-06-28 12:30:00","Ran",ACTION,"Akira Kurosawa",1985,162,0,7.5
"2023-06-28 16:00:00","The Magdalene Sisters",DRAMA,"Peter Mullan",2002,114,16,6.5
"2023-06-29 10:30:00","Rain Man",DRAMA,"Barry Levinson",1988,133,0,7.0
"2023-06-30 10:30:00","Mulan",ANIMATION,"Tony Bancroft",1998,88,0,6.5
"2023-06-30 13:00:00","Delicatessen",COMEDY,"Marc Caro",1991,99,16,8.0
"2023-06-30 15:30:00","The Thin Red Line",DRAMA,"Terrence Malick",1998,170,12,7.0
"2023-07-01 10:00:00","Lola rennt",CRIME,"Tom Tykwer",1998,81,12,8.5
"2023-07-01 12:00:00","The Man Who Would Be King",ADVENTURE,"John Huston",1975,129,6,8.5
"2023-07-01 15:00:00","Out of the Past",CRIME,"Jacques Tourneur",1947,97,12,8.5
"2023-07-01 17:30:00","Rebel Without a Cause",DRAMA,"Nicholas Ray",1955,111,12,7.5
"2023-07-02 10:30:00","Stagecoach",ADVENTURE,"John Ford",1939,96,12,7.0
"2023-07-02 13:00:00","The Warriors",ACTION,"Walter Hill",1979,92,12,7.5
"2023-07-02 15:30:00","The Untouchables",CRIME,"Brian De Palma",1987,119,12,7.0
"2023-07-03 10:00:00","The Warriors",ACTION,"Walter Hill",1979,92,12,6.5
"2023-07-04 10:30:00","Sanjuro",ACTION,"Akira Kurosawa",1962,96,0,8.0
"2023-07-04 13:00:00","Manhattan",COMEDY,"Woody Allen",1979,96,16,7.5
"2023-07-05 10:30:00","Ran",ACTION,"Akira Kurosawa",1985,162,0,7.5
"2023-07-06 10:30:00","The Taking of Pelham One Two Three",ACTION,"Joseph Sargent",1974,104,0,6.5
"2023-07-07 10:00:00","Stagecoach",ADVENTURE,"John Ford",1939,96,12,6.5
"2023-07-07 12:30:00","October Sky",BIOGRAPHY,"Joe Johnston",1999,108,6,8.5
"2023-07-08 10:30:00","Rain Man",DRAMA,"Barry Levinson",1988,133,0,8.0
"2023-07-08 13:30:00","The Last of the Mohicans",ACTION,"Michael Mann",1992,112,12,7.5
"2023-07-08 16:30:00","Full Metal Jacket",DRAMA,"Stanley Kubrick",1987,116,12,8.5
"2023-07-08 19:30:00","Rain Man",DRAMA,"Barry Levinson",1988,133,0,9.5
"2023-07-09 10:00:00","The Taking of Pelham One Two Three",ACTION,"Joseph Sargent",1974,104,0,6.5
"2023-07-09 12:30:00","The Untouchables",CRIME,"Brian De Palma",1987,119,12,8.5
"2023-07-09 15:30:00","Salinui chueok",CRIME,"Bong Joon Ho",2003,131,12,8.5
"2023-07-09 18:30:00","Sanjuro",ACTION,"Akira Kurosawa",1962,96,0,8.5
"2023-07-10 10:30:00","The Color Purple",DRAMA,"Steven Spielberg",1985,154,0,6.5
"2023-07-11 10:30:00","First Blood",ACTION,"Ted Kotcheff",1982,93,12,8.5
"2023-07-12 10:30:00","The Man Who Would Be King",ADVENTURE,"John Huston",1975,129,6,8.0
"2023-07-12 13:30:00","Full Metal Jacket",DRAMA,"Stanley Kubrick",1987,116,12,7.0
"2023-07-12 16:00:00","Fanny och Alexander",DRAMA,"Ingmar Bergman",1982,188,12,7.5
"2023-07-13 10:30:00","The Untouchables",CRIME,"Brian De Palma",1987,119,12,7.5
"2023-07-13 13:30:00","Mulan",ANIMATION,"Tony Bancroft",1998,88,0,7.0
"2023-07-14 10:30:00","Sanjuro",ACTION,"Akira Kurosawa",1962,96,0,8.5
"2023-07-15 10:00:00","The Thin Red Line",DRAMA,"Terrence Malick",1998,170,12,8.5
"2023-07-15 14:00:00","La règle du jeu",COMEDY,"Jean Renoir",1939,110,12,7.5
"2023-07-15 16:30:00","The Thing",HORROR,"John Carpenter",1982,109,12,8.0
"2023-07-15 19:00:00","The Day of the Jackal",CRIME,"Fred Zinnemann",1973,143,12,9.5
"2023-07-16 10:30:00","Full Metal Jacket",DRAMA,"Stanley Kubrick",1987,116,12,7.5
"2023-07-16 13:30:00","The Day of the Jackal",CRIME,"Fred Zinnemann",1973,143,12,7.0
"2023-07-16 16:30:00","The Taking of Pelham One Two Three",ACTION,"Joseph Sargent",1974,104,0,7.0
"2023-07-16 19:00:00","Barry Lyndon",ADVENTURE,"Stanley Kubrick",1975,185,6,8.5
"2023-07-17 10:30:00","Finding Nemo",ANIMATION,"Andrew Stanton",2003,100,0,8.5
"2023-07-17 13:00:00","The Man Who Would Be King",ADVENTURE,"John Huston",1975,129,6,7.0
"2023-07-17 16:00:00","Stand by Me",ADVENTURE,"Rob Reiner",1986,89,0,8.0
"2023-07-18 10:00:00","Ikiru",DRAMA,"Akira Kurosawa",1952,143,12,8.5
"2023-07-18 13:00:00","Mulan",ANIMATION,"Tony Bancroft",1998,88,0,7.0
"2023-07-19 10:00:00","Fanny och Alexander",DRAMA,"Ingmar Bergman",1982,188,12,7.5
"2023-07-19 14:00:00","The Graduate",COMEDY,"Mike Nichols",1967,106,12,7.0
"2023-07-19 16:30:00","Ikiru",DRAMA,"Akira Kurosawa",1952,143,12,8.5
"2023-07-20 10:00:00","Full Metal Jacket",DRAMA,"Stanley Kubrick",1987,116,12,7.0
"2023-07-20 13:00:00","Ran",ACTION,"Akira Kurosawa",1985,162,0,8.5
"2023-07-21 10:00:00","Fargo",CRIME,"Joel Coen",1996,98,12,7.5
"2023-07-22 10:30:00","Sholay",ACTION,"Ramesh Sippy",1975,204,0,7.0
"2023-07-22 14:30:00","Sholay",ACTION,"Ramesh Sippy",1975,204,0,7.0
"2023-07-22 19:00:00","Le charme discret de la bourgeoisie",COMEDY,"Luis Buñuel",1972,102,6,9.5
"2023-07-22 21:30:00","Ikiru",DRAMA,"Akira Kurosawa",1952,143,12,8.5
"2023-07-23 10:00:00","Barry Lyndon",ADVENTURE,"Stanley Kubrick",1975,185,6,7.5
"2023-07-23 14:00:00","The Treasure of the Sierra Madre",ADVENTURE,"John Huston",1948,126,12,6.5
"2023-07-23 17:00:00","Le charme discret de la bourgeoisie",COMEDY,"Luis Buñuel",1972,102,6,8.5
"2023-07-24 10:30:00","Barry Lyndon",ADVENTURE,"Stanley Kubrick",1975,185,6,7.0
"2023-07-24 14:30:00","Ikiru",DRAMA,"Akira Kurosawa",1952,143,12,7.5
"2023-07-25 10:30:00","Stagecoach",ADVENTURE,"John Ford",1939,96,12,8.5
"2023-07-25 13:00:00","12 Angry Men",CRIME,"Sidney Lumet",1957,96,0,8.0
"2023-07-26 10:00:00","First Blood",ACTION,"Ted Kotcheff",1982,93,12,7.5
"2023-07-26 12:30:00","The Muppet Movie",ADVENTURE,"James Frawley",1979,95,0,6.5
"2023-07-26 15:00:00","Barry Lyndon",ADVENTURE,"Stanley Kubrick",1975,185,6,8.0
"2023-07-27 10:30:00","First Blood",ACTION,"Ted Kotcheff",1982,93,12,7.5
"2023-07-27 13:00:00","Finding Nemo",ANIMATION,"Andrew Stanton",2003,100,0,6.5
"2023-07-28 10:00:00","Stagecoach",ADVENTURE,"John Ford",1939,96,12,7.5
"2023-07-29 10:30:00","Out of the Past",CRIME,"Jacques Tourneur",1947,97,12,6.5
"2023-07-29 13:00:00","The Man Who Would Be King",ADVENTURE,"John Huston",1975,129,6,8.5
"2023-07-29 16:00:00","Sanjuro",ACTION,"Akira Kurosawa",1962,96,0,7.0
"2023-07-30 10:30:00","The Treasure of the Sierra Madre",ADVENTURE,"John Huston",1948,126,12,6.5
"2023-07-30 13:30:00","The Goonies",ADVENTURE,"Richard Donner",1985,114,0,7.5
"2023-07-30 16:00:00","Ikiru",DRAMA,"Akira Kurosawa",1952,143,12,6.5
"2023-07-31 10:00:00","The Day of the Jackal",CRIME,"Fred Zinnemann",1973,143,12,7.5
"2023-07-31 13:00:00","12 Angry Men",CRIME,"Sidney Lumet",1957,96,0,8.0
"2023-07-31 15:30:00","Ikiru",DRAMA,"Akira Kurosawa",1952,143,12,7.5
"2023-08-01 10:30:00","La règle du jeu",COMEDY,"Jean Renoir",1939,110,12,7.0
"2023-08-02 10:30:00","The Taking of Pelham One Two Three",ACTION,"Joseph Sargent",1974,104,0,7.0
"2023-08-03 10:00:00","Ladri di biciclette",DRAMA,"Vittorio De Sica",1948,89,12,8.5
"2023-08-03 12:30:00","The Treasure of the Sierra Madre",ADVENTURE,"John Huston",1948,126,12,8.0
"2023-08-04 10:30:00","12 Angry Men",CRIME,"Sidney Lumet",1957,96,0,6.5
"2023-08-04 13:00:00","The Treasure of the Sierra Madre",ADVENTURE,"John Huston",1948,126,12,6.5
"2023-08-04 16:00:00","Ikiru",DRAMA,"Akira Kurosawa",1952,143,12,6.5
"2023-08-05 10:00:00","The Elephant Man",BIOGRAPHY,"David Lynch",1980,124,12,8.5
"2023-08-05 13:00:00","Ikiru",DRAMA,"Akira Kurosawa",1952,143,12,6.5
"2023-08-05 16:00:00","Barry Lyndon",ADVENTURE,"Stanley Kubrick",1975,185,6,6.5
"2023-08-06 10:00:00","Barry Lyndon",ADVENTURE,"Stanley Kubrick",1975,185,6,8.5
"2023-08-06 14:00:00","Léon",ACTION,"Luc Besson",1994,110,12,8.5
"2023-08-06 16:30:00","Stand by Me",ADVENTURE,"Rob Reiner",1986,89,0,8.5
"2023-08-07 10:30:00","Salinui chueok",CRIME,"Bong Joon Ho",2003,131,12,7.0
"2023-08-08 10:00:00","Dial M for Murder",CRIME,"Alfred Hitchcock",1954,105,12,8.0
"2023-08-09 10:30:00","Sanjuro",ACTION,"Akira Kurosawa",1962,96,0,8.0
"2023-08-09 13:00:00","Finding Nemo",ANIMATION,"Andrew Stanton",2003,100,0,7.5
"2023-08-10 10:00:00","Memento",MYSTERY,"Christopher Nolan",2000,113,12,7.0
"2023-08-10 13:00:00","Down by Law",COMEDY,"Jim Jarmusch",1986,107,16,7.0
"2023-08-11 10:30:00","Mulan",ANIMATION,"Tony Bancroft",1998,88,0,6.5
"2023-08-11 13:00:00","Stand by Me",ADVENTURE,"Rob Reiner",1986,89,0,8.5
"2023-08-12 10:30:00","Dial M for Murder",CRIME,"Alfred Hitchcock",1954,105,12,7.5
"2023-08-12 13:00:00","Smultronstället",DRAMA,"Ingmar Bergman",1957,91,0,8.0
"2023-08-12 15:30:00","Memento",MYSTERY,"Christopher Nolan",2000,113,12,8.5
"2023-08-12 18:30:00","Barry Lyndon",ADVENTURE,"Stanley Kubrick",1975,185,6,9.5
"2023-08-13 10:00:00","Solaris",DRAMA,"Andrei Tarkovsky",1972,167,6,7.5
"2023-08-13 13:30:00","Barry Lyndon",ADVENTURE,"Stanley Kubrick",1975,185,6,6.5
"2023-08-13 17:30:00","La règle du jeu",COMEDY,"Jean Renoir",1939,110,12,7.5
"2023-08-14 10:00:00","Stand by Me",ADVENTURE,"Rob Reiner",1986,89,0,6.5
"2023-08-14 12:30:00","The Goonies",ADVENTURE,"Richard Donner",1985,114,0,8.0
"2023-08-15 10:30:00","The Count of Monte Cristo",ACTION,"Kevin Reynolds",2002,131,12,8.0
"2023-08-16 10:30:00","Finding Nemo",ANIMATION,"Andrew Stanton",2003,100,0,8.5
"2023-08-17 10:00:00","Out of the Past",CRIME,"Jacques Tourneur",1947,97,12,6.5
"2023-08-17 12:30:00","Inherit the Wind",BIOGRAPHY,"Stanley Kramer",1960,128,12,8.5
"2023-08-17 15:30:00","The Goonies",ADVENTURE,"Richard Donner",1985,114,0,8.0
"2023-08-18 10:00:00","Short Cuts",COMEDY,"Robert Altman",1993,188,16,7.0
"2023-08-18 14:00:00","Barry Lyndon",ADVENTURE,"Stanley Kubrick",1975,185,6,7.0
"2023-08-19 10:30:00","Ladri di biciclette",DRAMA,"Vittorio De Sica",1948,89,12,6.5
"2023-08-19 13:00:00","Paris, Texas",DRAMA,"Wim Wenders",1984,145,0,6.5
"2023-08-19 16:00:00","The Count of Monte Cristo",ACTION,"Kevin Reynolds",2002,131,12,7.0
"2023-08-19 19:00:00","Ikiru",DRAMA,"Akira Kurosawa",1952,143,12,9.5
"2023-08-20 10:30:00","Das Boot",ADVENTURE,"Wolfgang Petersen",1981,149,16,8.5
"2023-08-20 14:00:00","Memento",MYSTERY,"Christopher Nolan",2000,113,12,8.0
"2023-08-20 17:00:00","The Goonies",ADVENTURE,"Richard Donner",1985,114,0,8.0
"2023-08-20 20:00:00","The Elephant Man",BIOGRAPHY,"David Lynch",1980,124,12,10.0
"2023-08-21 10:30:00","Papillon",BIOGRAPHY,"Franklin J. Schaffner",1973,151,16,6.5
"2023-08-22 10:30:00","Stand by Me",ADVENTURE,"Rob Reiner",1986,89,0,8.5
"2023-08-23 10:00:00","Donnie Darko",DRAMA,"Richard Kelly",2001,113,16,6.5
"2023-08-23 13:00:00","Papillon",BIOGRAPHY,"Franklin J. Schaffner",1973,151,16,7.5
"2023-08-24 10:00:00","Down by Law",COMEDY,"Jim Jarmusch",1986,107,16,8.5
"2023-08-25 10:00:00","Miracle on 34th Street",COMEDY,"George Seaton",1947,96,12,7.0
"2023-08-25 12:30:00","Paris, Texas",DRAMA,"Wim Wenders",1984,145,0,8.5
"2023-08-26 10:00:00","Paris, Texas",DRAMA,"Wim Wenders",1984,145,0,7.0
"2023-08-26 13:00:00","Das Boot",ADVENTURE,"Wolfgang Petersen",1981,149,16,6.5
"2023-08-26 16:30:00","Finding Nemo",ANIMATION,"Andrew Stanton",2003,100,0,6.5
"2023-08-27 10:30:00","Dial M for Murder",CRIME,"Alfred Hitchcock",1954,105,12,6.5
"2023-08-27 13:00:00","Miller's Crossing",CRIME,"Joel Coen",1990,115,16,7.0
"2023-08-27 16:00:00","Solaris",DRAMA,"Andrei Tarkovsky",1972,167,6,8.5
"2023-08-27 20:00:00","Memento",MYSTERY,"Christopher Nolan",2000,113,12,9.5
"2023-08-28 10:30:00","Down by Law",COMEDY,"Jim Jarmusch",1986,107,16,8.5
"2023-08-28 13:00:00","Sling Blade",DRAMA,"Billy Bob Thornton",1996,135,16,8.0
"2023-08-29 10:30:00","Dial M for Murder",CRIME,"Alfred Hitchcock",1954,105,12,6.5
"2023-08-30 10:30:00","Dial M for Murder",CRIME,"Alfred Hitchcock",1954,105,12,8.0
"2023-08-31 10:00:00","Dial M for Murder",CRIME,"Alfred Hitchcock",1954,105,12,6.5
"2023-08-31 12:30:00","Willy Wonka & the Chocolate Factory",FAMILY,"Mel Stuart",1971,100,0,6.5
"2023-08-31 15:00:00","Solaris",DRAMA,"Andrei Tarkovsky",1972,167,6,7.0
"2023-09-01 10:30:00","Donnie Darko",DRAMA,"Richard Kelly",2001,113,16,8.0
"2023-09-02 10:00:00","Miracle on 34th Street",COMEDY,"George Seaton",1947,96,12,8.0
"2023-09-02 12:30:00","The Elephant Man",BIOGRAPHY,"David Lynch",1980,124,12,8.5
"2023-09-02 15:30:00","The Count of Monte Cristo",ACTION,"Kevin Reynolds",2002,131,12,7.0
"2023-09-02 18:30:00","Miracle on 34th Street",COMEDY,"George Seaton",1947,96,12,8.5
"2023-09-03 10:00:00","Das Boot",ADVENTURE,"Wolfgang Petersen",1981,149,16,7.5
"2023-09-03 13:30:00","The Elephant Man",BIOGRAPHY,"David Lynch",1980,124,12,7.5
"2023-09-03 16:30:00","Kagemusha",DRAMA,"Akira Kurosawa",1980,180,0,6.5
"2023-09-03 20:30:00","The Goonies",ADVENTURE,"Richard Donner",1985,114,0,9.5
"2023-09-04 10:00:00","Kagemusha",DRAMA,"Akira Kurosawa",1980,180,0,8.0
"2023-09-05 10:30:00","Kagemusha",DRAMA,"Akira Kurosawa",1980,180,0,7.0
"2023-09-06 10:30:00","Dr. Strangelove or: How I Learned to Stop Worrying and Love the Bomb",COMEDY,"Stanley Kubrick",1964,95,12,7.5
"2023-09-06 13:00:00","La vita è bella",COMEDY,"Roberto Benigni",1997,116,0,8.5
"2023-09-07 10:30:00","Dr. Strangelove or: How I Learned to Stop Worrying and Love the Bomb",COMEDY,"Stanley Kubrick",1964,95,12,6.5
"2023-09-07 13:00:00","The Count of Monte Cristo",ACTION,"Kevin Reynolds",2002,131,12,8.0
"2023-09-07 16:00:00","The Ladykillers",COMEDY,"Alexander Mackendrick",1955,91,12,6.5
"2023-09-08 10:00:00","The Elephant Man",BIOGRAPHY,"David Lynch",1980,124,12,8.0
"2023-09-09 10:00:00","Bringing Up Baby",COMEDY,"Howard Hawks",1938,102,12,6.5
"2023-09-09 12:30:00","Ladri di biciclette",DRAMA,"Vittorio De Sica",1948,89,12,7.5
"2023-09-09 15:00:00","Ben-Hur",ADVENTURE,"William Wyler",1959,212,0,8.0
"2023-09-09 19:30:00","Dr. Strangelove or: How I Learned to Stop Worrying and Love the Bomb",COMEDY,"Stanley Kubrick",1964,95,12,10.0
"2023-09-10 10:30:00","Ladri di biciclette",DRAMA,"Vittorio De Sica",1948,89,12,8.0
"2023-09-10 13:00:00","Miracle on 34th Street",COMEDY,"George Seaton",1947,96,12,7.0
"2023-09-10 15:30:00","Yôjinbô",ACTION,"Akira Kurosawa",1961,110,12,7.0
"2023-09-11 10:30:00","Ladri di biciclette",DRAMA,"Vittorio De Sica",1948,89,12,6.5
"2023-09-11 13:00:00","Ben-Hur",ADVENTURE,"William Wyler",1959,212,0,8.5
"2023-09-11 17:30:00","Midnight Express",BIOGRAPHY,"Alan Parker",1978,121,12,6.5
"2023-09-12 10:00:00","The Elephant Man",BIOGRAPHY,"David Lynch",1980,124,12,6.5
"2023-09-12 13:00:00","Yôjinbô",ACTION,"Akira Kurosawa",1961,110,12,6.5
"2023-09-13 10:30:00","The Sandlot",COMEDY,"David Mickey Evans",1993,101,0,6.5
"2023-09-13 13:00:00","Le samouraï",CRIME,"Jean-Pierre Melville",1967,105,12,7.0
"2023-09-13 15:30:00","Love and Death",COMEDY,"Woody Allen",1975,85,6,7.5
"2023-09-14 10:30:00","Das Boot",ADVENTURE,"Wolfgang Petersen",1981,149,16,7.5
"2023-09-15 10:30:00","The Ladykillers",COMEDY,"Alexander Mackendrick",1955,91,12,8.0
"2023-09-16 10:30:00","Das Boot",ADVENTURE,"Wolfgang Petersen",1981,149,16,6.5
"2023-09-16 14:00:00","Das Boot",ADVENTURE,"Wolfgang Petersen",1981,149,16,8.5
"2023-09-16 17:30:00","Miracle on 34th Street",COMEDY,"George Seaton",1947,96,12,7.5
"2023-09-16 20:00:00","Yôjinbô",ACTION,"Akira Kurosawa",1961,110,12,9.0
"2023-09-17 10:00:00","Mad Max 2",ACTION,"George Miller",1981,96,12,7.0
"2023-09-17 12:30:00","Donnie Darko",DRAMA,"Richard Kelly",2001,113,16,7.5
"2023-09-17 15:30:00","Crna macka, beli macor",COMEDY,"Emir Kusturica",1998,127,16,8.5
"2023-09-18 10:30:00","Todo sobre mi madre",DRAMA,"Pedro Almodóvar",1999,101,16,6.5
"2023-09-19 10:00:00","Enter the Dragon",ACTION,"Robert Clouse",1973,102,12,7.5
"2023-09-19 12:30:00","To Kill a Mockingbird",CRIME,"Robert Mulligan",1962,129,0,7.0
"2023-09-19 15:30:00","Donnie Darko",DRAMA,"Richard Kelly",2001,113,16,8.0
"2023-09-20 10:30:00","The Sandlot",COMEDY,"David Mickey Evans",1993,101,0,8.5
"2023-09-20 13:00:00","To Kill a Mockingbird",CRIME,"Robert Mulligan",1962,129,0,7.5
"2023-09-20 16:00:00","Miracle on 34th Street",COMEDY,"George Seaton",1947,96,12,8.0
"2023-09-21 10:00:00","Love and Death",COMEDY,"Woody Allen",1975,85,6,6.5
"2023-09-22 10:30:00","Being John Malkovich",COMEDY,"Spike Jonze",1999,113,16,7.5
"2023-09-22 13:00:00","Dead Man",ADVENTURE,"Jim Jarmusch",1995,121,16,8.0
"2023-09-22 16:00:00","Miracle on 34th Street",COMEDY,"George Seaton",1947,96,12,6.5
"2023-09-23 10:00:00","Yôjinbô",ACTION,"Akira Kurosawa",1961,110,12,8.5
"2023-09-23 12:30:00","South Park: Bigger, Longer & Uncut",ANIMATION,"Trey Parker",1999,81,12,8.0
"2023-09-23 14:30:00","Giù la testa",DRAMA,"Sergio Leone",1971,157,6,8.5
"2023-09-24 10:00:00","Bringing Up Baby",COMEDY,"Howard Hawks",1938,102,12,6.5
"2023-09-24 12:30:00","Yôjinbô",ACTION,"Akira Kurosawa",1961,110,12,7.0
"2023-09-24 15:00:00","Dead Man",ADVENTURE,"Jim Jarmusch",1995,121,16,6.5
"2023-09-24 18:00:00","Eskiya",CRIME,"Yavuz Turgul",1996,128,12,8.5
"2023-09-25 10:30:00","La vita è bella",COMEDY,"Roberto Benigni",1997,116,0,8.5
"2023-09-25 13:30:00","Out of the Past",CRIME,"Jacques Tourneur",1947,97,12,6.5
"2023-09-26 10:00:00","Le samouraï",CRIME,"Jean-Pierre Melville",1967,105,12,7.0
"2023-09-26 12:30:00","Modern Times",COMEDY,"Charles Chaplin",1936,87,0,7.5
"2023-09-27 10:30:00","Bonnie and Clyde",ACTION,"Arthur Penn",1967,111,12,8.0
"2023-09-28 10:30:00","Das Cabinet des Dr. Caligari",FANTASY,"Robert Wiene",1920,76,12,8.0
"2023-09-28 12:30:00","Kagemusha",DRAMA,"Akira Kurosawa",1980,180,0,7.5
"2023-09-28 16:30:00","Les quatre cents coups",CRIME,"François Truffaut",1959,99,12,6.5
"2023-09-29 10:30:00","Modern Times",COMEDY,"Charles Chaplin",1936,87,0,7.0
"2023-09-29 13:00:00","Mad Max 2",ACTION,"George Miller",1981,96,12,8.5
"2023-09-29 15:30:00","Das Boot",ADVENTURE,"Wolfgang Petersen",1981,149,16,8.5
"2023-09-30 10:00:00","Yôjinbô",ACTION,"Akira Kurosawa",1961,110,12,8.5
"2023-09-30 12:30:00","Out of the Past",CRIME,"Jacques Tourneur",1947,97,12,7.0
"2023-09-30 15:00:00","Out of the Past",CRIME,"Jacques Tourneur",1947,97,12,6.5
"2023-09-30 17:30:00","Das Cabinet des Dr. Caligari",FANTASY,"Robert Wiene",1920,76,12,8.5
"2023-10-01 10:00:00","Do lok tin si",COMEDY,"Kar-Wai Wong",1995,99,12,8.0
"2023-10-01 12:30:00","Das Cabinet des Dr. Caligari",FANTASY,"Robert Wiene",1920,76,12,7.5
"2023-10-01 14:30:00","Crna macka, beli macor",COMEDY,"Emir Kusturica",1998,127,16,8.5
"2023-10-02 10:30:00","Duck Soup",COMEDY,"Leo McCarey",1933,69,12,6.5
"2023-10-03 10:30:00","Todo sobre mi madre",DRAMA,"Pedro Almodóvar",1999,101,16,7.0
"2023-10-03 13:00:00","South Park: Bigger, Longer & Uncut",ANIMATION,"Trey Parker",1999,81,12,8.5
"2023-10-04 10:30:00","Duck Soup",COMEDY,"Leo McCarey",1933,69,12,7.5
"2023-10-05 10:30:00","The Count of Monte Cristo",ACTION,"Kevin Reynolds",2002,131,12,7.5
"2023-10-05 13:30:00","Out of the Past",CRIME,"Jacques Tourneur",1947,97,12,6.5
"2023-10-06 10:30:00","Midnight Express",BIOGRAPHY,"Alan Parker",1978,121,12,8.0
"2023-10-06 13:30:00","Das Cabinet des Dr. Caligari",FANTASY,"Robert Wiene",1920,76,12,7.5
"2023-10-07 10:30:00","Les quatre cents coups",CRIME,"François Truffaut",1959,99,12,8.5
"2023-10-07 13:00:00","Good Bye Lenin!",COMEDY,"Wolfgang Becker",2003,121,16,6.5
"2023-10-07 16:00:00","Days of Heaven",DRAMA,"Terrence Malick",1978,94,6,7.5
"2023-10-07 18:30:00","Kagemusha",DRAMA,"Akira Kurosawa",1980,180,0,10.0
"2023-10-08 10:30:00","Do lok tin si",COMEDY,"Kar-Wai Wong",1995,99,12,8.5
"2023-10-08 13:00:00","Dawn of the Dead",ACTION,"George A. Romero",1978,127,12,7.0
"2023-10-08 16:00:00","Monty Python and the Holy Grail",ADVENTURE,"Terry Gilliam",1975,91,6,6.5
"2023-10-09 10:00:00","Dead Man",ADVENTURE,"Jim Jarmusch",1995,121,16,7.5
"2023-10-09 13:00:00","Monty Python and the Holy Grail",ADVENTURE,"Terry Gilliam",1975,91,6,7.0
"2023-10-10 10:30:00","E.T. the Extra-Terrestrial",FAMILY,"Steven Spielberg",1982,115,0,6.5
"2023-10-10 13:30:00","Requiem for a Dream",DRAMA,"Darren Aronofsky",2000,102,12,6.5
"2023-10-10 16:00:00","Todo sobre mi madre",DRAMA,"Pedro Almodóvar",1999,101,16,6.5
"2023-10-11 10:00:00","Eskiya",CRIME,"Yavuz Turgul",1996,128,12,8.0
"2023-10-11 13:00:00","Forrest Gump",DRAMA,"Robert Zemeckis",1994,142,12,6.5
"2023-10-11 16:30:00","Monty Python and the Holy Grail",ADVENTURE,"Terry Gilliam",1975,91,6,6.5
"2023-10-12 10:00:00","Hana-bi",CRIME,"Takeshi Kitano",1997,103,12,7.5
"2023-10-12 12:30:00","Les quatre cents coups",CRIME,"François Truffaut",1959,99,12,6.5
"2023-10-13 10:00:00","Boyz n the Hood",CRIME,"John Singleton",1991,112,12,7.5
"2023-10-13 12:30:00","Donnie Darko",DRAMA,"Richard Kelly",2001,113,16,6.5
"2023-10-13 15:00:00","South Park: Bigger, Longer & Uncut",ANIMATION,"Trey Parker",1999,81,12,8.0
"2023-10-14 10:30:00","Duck Soup",COMEDY,"Leo McCarey",1933,69,12,8.5
"2023-10-14 12:30:00","Planet of the Apes",ADVENTURE,"Franklin J. Schaffner",1968,112,0,8.5
"2023-10-14 15:00:00","Duck Soup",COMEDY,"Leo McCarey",1933,69,12,7.0
"2023-10-15 10:00:00","Enter the Dragon",ACTION,"Robert Clouse",1973,102,12,8.0
"2023-10-15 12:30:00","Das Boot",ADVENTURE,"Wolfgang Petersen",1981,149,16,8.5
"2023-10-15 15:30:00","Willy Wonka & the Chocolate Factory",FAMILY,"Mel Stuart",1971,100,0,7.0
"2023-10-16 10:00:00","The Sandlot",COMEDY,"David Mickey Evans",1993,101,0,7.5
"2023-10-16 12:30:00","Hable con ella",DRAMA,"Pedro Almodóvar",2002,112,16,6.5
"2023-10-17 10:00:00","Le samouraï",CRIME,"Jean-Pierre Melville",1967,105,12,8.5
"2023-10-18 10:30:00","The Ladykillers",COMEDY,"Alexander Mackendrick",1955,91,12,8.5
"2023-10-18 13:00:00","Mad Max 2",ACTION,"George Miller",1981,96,12,8.5
"2023-10-18 15:30:00","The Best Years of Our Lives",DRAMA,"William Wyler",1946,170,12,7.0
"2023-10-19 10:00:00","Planet of the Apes",ADVENTURE,"Franklin J. Schaffner",1968,112,0,7.5
"2023-10-19 13:00:00","Das Cabinet des Dr. Caligari",FANTASY,"Robert Wiene",1920,76,12,8.5
"2023-10-20 10:30:00","Duck Soup",COMEDY,"Leo McCarey",1933,69,12,7.5
"2023-10-20 12:30:00","Lost Highway",MYSTERY,"David Lynch",1997,134,12,8.5
"2023-10-21 10:00:00","Frankenstein",DRAMA,"James Whale",1931,70,12,8.5
"2023-10-21 12:00:00","Frankenstein",DRAMA,"James Whale",1931,70,12,6.5
"2023-10-21 14:00:00","Bringing Up Baby",COMEDY,"Howard Hawks",1938,102,12,6.5
"2023-10-22 10:00:00","Full Metal Jacket",DRAMA,"Stanley Kubrick",1987,116,12,7.5
"2023-10-22 13:00:00","Gattaca",DRAMA,"Andrew Niccol",1997,106,12,7.0
"2023-10-22 15:30:00","Boyz n the Hood",CRIME,"John Singleton",1991,112,12,8.5
"2023-10-23 10:00:00","Duck Soup",COMEDY,"Leo McCarey",1933,69,12,8.0
"2023-10-24 10:30:00","Mad Max 2",ACTION,"George Miller",1981,96,12,7.5
"2023-10-24 13:00:00","Bringing Up Baby",COMEDY,"Howard Hawks",1938,102,12,8.0
"2023-10-25 10:30:00","Gattaca",DRAMA,"Andrew Niccol",1997,106,12,8.5
"2023-10-25 13:00:00","Kagemusha",DRAMA,"Akira Kurosawa",1980,180,0,8.0
"2023-10-26 10:00:00","Shichinin no samurai",ACTION,"Akira Kurosawa",1954,207,0,8.5
"2023-10-26 14:30:00","Boyz n the Hood",CRIME,"John Singleton",1991,112,12,8.0
"2023-10-27 10:00:00","Gattaca",DRAMA,"Andrew Niccol",1997,106,12,8.0
"2023-10-27 12:30:00","Monty Python and the Holy Grail",ADVENTURE,"Terry Gilliam",1975,91,6,7.5
"2023-10-28 10:00:00","Monty Python and the Holy Grail",ADVENTURE,"Terry Gilliam",1975,91,6,8.5
"2023-10-28 12:30:00","Boyz n the Hood",CRIME,"John Singleton",1991,112,12,6.5
"2023-10-28 15:30:00","The Best Years of Our Lives",DRAMA,"William Wyler",1946,170,12,8.5
"2023-10-29 10:30:00","Evil Dead II",ACTION,"Sam Raimi",1987,84,12,8.0
"2023-10-29 13:00:00","Gattaca",DRAMA,"Andrew Niccol",1997,106,12,7.0
"2023-10-29 15:30:00","Hana-bi",CRIME,"Takeshi Kitano",1997,103,12,7.0
"2023-10-29 18:00:00","Duck Soup",COMEDY,"Leo McCarey",1933,69,12,9.5
"2023-10-30 10:00:00","Der Himmel über Berlin",DRAMA,"Wim Wenders",1987,128,0,8.0
"2023-10-30 13:00:00","Per un pugno di dollari",ACTION,"Sergio Leone",1964,99,12,8.0
"2023-10-30 15:30:00","Shichinin no samurai",ACTION,"Akira Kurosawa",1954,207,0,7.0
"2023-10-31 10:30:00","Days of Heaven",DRAMA,"Terrence Malick",1978,94,6,7.0
"2023-11-01 10:00:00","Shichinin no samurai",ACTION,"Akira Kurosawa",1954,207,0,8.5
"2023-11-02 10:00:00","Days of Heaven",DRAMA,"Terrence Malick",1978,94,6,7.0
"2023-11-02 12:30:00","Mad Max 2",ACTION,"George Miller",1981,96,12,7.5
"2023-11-02 15:00:00","Die Hard: With a Vengeance",ACTION,"John McTiernan",1995,128,12,8.0
"2023-11-03 10:00:00","The Sandlot",COMEDY,"David Mickey Evans",1993,101,0,6.5
"2023-11-03 12:30:00","Fear and Loathing in Las Vegas",ADVENTURE,"Terry Gilliam",1998,118,16,8.5
"2023-11-03 15:00:00","The Best Years of Our Lives",DRAMA,"William Wyler",1946,170,12,8.0
"2023-11-04 10:00:00","Boyz n the Hood",CRIME,"John Singleton",1991,112,12,6.5
"2023-11-04 12:30:00","Evil Dead II",ACTION,"Sam Raimi",1987,84,12,7.0
"2023-11-04 14:30:00","Mad Max 2",ACTION,"George Miller",1981,96,12,8.0
"2023-11-04 17:00:00","Kumonosu-jô",DRAMA,"Akira Kurosawa",1957,110,12,6.5
"2023-11-05 10:30:00","Naked",COMEDY,"Mike Leigh",1993,132,12,8.5
"2023-11-05 13:30:00","Modern Times",COMEDY,"Charles Chaplin",1936,87,0,7.0
"2023-11-05 16:00:00","E.T. the Extra-Terrestrial",FAMILY,"Steven Spielberg",1982,115,0,7.0
"2023-11-05 19:00:00","Dead Man",ADVENTURE,"Jim Jarmusch",1995,121,16,9.5
"2023-11-06 10:30:00","Shichinin no samurai",ACTION,"Akira Kurosawa",1954,207,0,8.5
"2023-11-06 15:00:00","Good Bye Lenin!",COMEDY,"Wolfgang Becker",2003,121,16,7.0
"2023-11-07 10:00:00","Days of Heaven",DRAMA,"Terrence Malick",1978,94,6,8.0
"2023-11-07 12:30:00","My Left Foot: The Story of Christy Brown",BIOGRAPHY,"Jim Sheridan",1989,103,0,7.5
"2023-11-07 15:00:00","Lost in Translation",COMEDY,"Sofia Coppola",2003,102,12,8.5
"2023-11-08 10:30:00","Duck Soup",COMEDY,"Leo McCarey",1933,69,12,6.5
"2023-11-09 10:00:00","My Left Foot: The Story of Christy Brown",BIOGRAPHY,"Jim Sheridan",1989,103,0,7.5
"2023-11-10 10:00:00","Good Bye Lenin!",COMEDY,"Wolfgang Becker",2003,121,16,7.0
"2023-11-10 13:00:00","Kumonosu-jô",DRAMA,"Akira Kurosawa",1957,110,12,7.5
"2023-11-10 15:30:00","In the Name of the Father",BIOGRAPHY,"Jim Sheridan",1993,133,12,8.0
"2023-11-11 10:30:00","Good Bye Lenin!",COMEDY,"Wolfgang Becker",2003,121,16,8.0
"2023-11-11 13:30:00","Per un pugno di dollari",ACTION,"Sergio Leone",1964,99,12,7.0
"2023-11-11 16:00:00","Naked",COMEDY,"Mike Leigh",1993,132,12,7.5
"2023-11-11 19:00:00","Gattaca",DRAMA,"Andrew Niccol",1997,106,12,10.0
"2023-11-12 10:00:00","Die Hard: With a Vengeance",ACTION,"John McTiernan",1995,128,12,8.0
"2023-11-12 13:00:00","Do lok tin si",COMEDY,"Kar-Wai Wong",1995,99,12,7.0
"2023-11-12 15:30:00","Shichinin no samurai",ACTION,"Akira Kurosawa",1954,207,0,7.5
"2023-11-13 10:30:00","Planet of the Apes",ADVENTURE,"Franklin J. Schaffner",1968,112,0,8.0
"2023-11-13 13:30:00","Withnail & I",COMEDY,"Bruce Robinson",1987,107,16,6.5
"2023-11-13 16:00:00","The African Queen",ADVENTURE,"John Huston",1951,105,6,7.5
"2023-11-14 10:30:00","Persona",DRAMA,"Ingmar Bergman",1966,85,12,6.5
"2023-11-14 13:00:00","Withnail & I",COMEDY,"Bruce Robinson",1987,107,16,6.5
"2023-11-15 10:00:00","Aladdin",ANIMATION,"Ron Clements",1992,90,0,7.0
"2023-11-15 12:30:00","Frankenstein",DRAMA,"James Whale",1931,70,12,8.0
"2023-11-16 10:30:00","In the Name of the Father",BIOGRAPHY,"Jim Sheridan",1993,133,12,7.5
"2023-11-17 10:30:00","Requiem for a Dream",DRAMA,"Darren Aronofsky",2000,102,12,8.5
"2023-11-17 13:00:00","Fear and Loathing in Las Vegas",ADVENTURE,"Terry Gilliam",1998,118,16,7.5
"2023-11-18 10:00:00","Kumonosu-jô",DRAMA,"Akira Kurosawa",1957,110,12,8.0
"2023-11-18 12:30:00","Shichinin no samurai",ACTION,"Akira Kurosawa",1954,207,0,6.5
"2023-11-18 17:00:00","Withnail & I",COMEDY,"Bruce Robinson",1987,107,16,8.5
"2023-11-19 10:30:00","The Dirty Dozen",ACTION,"Robert Aldrich",1967,150,12,7.0
"2023-11-19 14:00:00","Hedwig and the Angry Inch",COMEDY,"John Cameron Mitchell",2001,95,16,8.5
"2023-11-19 16:30:00","The Dirty Dozen",ACTION,"Robert Aldrich",1967,150,12,6.5
"2023-11-20 10:30:00","Do lok tin si",COMEDY,"Kar-Wai Wong",1995,99,12,6.5
"2023-11-21 10:00:00","Rebecca",DRAMA,"Alfred Hitchcock",1940,130,12,7.0
"2023-11-21 13:00:00","The Hurricane",BIOGRAPHY,"Norman Jewison",1999,146,16,8.5
"2023-11-22 10:00:00","Brief Encounter",DRAMA,"David Lean",1945,86,0,6.5
"2023-11-22 12:00:00","Aladdin",ANIMATION,"Ron Clements",1992,90,0,7.0
"2023-11-23 10:00:00","Shichinin no samurai",ACTION,"Akira Kurosawa",1954,207,0,7.0
"2023-11-23 14:30:00","The African Queen",ADVENTURE,"John Huston",1951,105,6,8.0
"2023-11-23 17:00:00","Naked",COMEDY,"Mike Leigh",1993,132,12,8.5
"2023-11-24 10:00:00","The African Queen",ADVENTURE,"John Huston",1951,105,6,8.0
"2023-11-24 12:30:00","Amadeus",BIOGRAPHY,"Milos Forman",1984,160,16,8.5
"2023-11-25 10:00:00","Requiem for a Dream",DRAMA,"Darren Aronofsky",2000,102,12,6.5
"2023-11-25 12:30:00","Aladdin",ANIMATION,"Ron Clements",1992,90,0,6.5
"2023-11-25 15:00:00","Monty Python and the Holy Grail",ADVENTURE,"Terry Gilliam",1975,91,6,6.5
"2023-11-25 17:30:00","Rope",CRIME,"Alfred Hitchcock",1948,80,12,6.5
"2023-11-26 10:00:00","Aladdin",ANIMATION,"Ron Clements",1992,90,0,8.0
"2023-11-26 12:30:00","Hedwig and the Angry Inch",COMEDY,"John Cameron Mitchell",2001,95,16,8.5
"2023-11-26 15:00:00","Dances with Wolves",ADVENTURE,"Kevin Costner",1990,181,0,7.0
"2023-11-27 10:30:00","Lost Highway",MYSTERY,"David Lynch",1997,134,12,6.5
"2023-11-27 13:30:00","A Night at the Opera",COMEDY,"Sam Wood",1935,96,12,6.5
"2023-11-28 10:30:00","A Night at the Opera",COMEDY,"Sam Wood",1935,96,12,8.5
"2023-11-28 13:00:00","Kumonosu-jô",DRAMA,"Akira Kurosawa",1957,110,12,8.5
"2023-11-29 10:30:00","Rope",CRIME,"Alfred Hitchcock",1948,80,12,7.5
"2023-11-29 12:30:00","O Brother, Where Art Thou?",ADVENTURE,"Joel Coen",2000,107,0,8.0
"2023-11-29 15:00:00","Rebecca",DRAMA,"Alfred Hitchcock",1940,130,12,7.5
"2023-11-30 10:00:00","The African Queen",ADVENTURE,"John Huston",1951,105,6,8.0
"2023-11-30 12:30:00","Dances with Wolves",ADVENTURE,"Kevin Costner",1990,181,0,8.0
"2023-12-01 10:30:00","Lost in Translation",COMEDY,"Sofia Coppola",2003,102,12,7.0
"2023-12-01 13:00:00","Hedwig and the Angry Inch",COMEDY,"John Cameron Mitchell",2001,95,16,7.0
"2023-12-02 10:00:00","Lost Highway",MYSTERY,"David Lynch",1997,134,12,7.5
"2023-12-02 13:00:00","Per un pugno di dollari",ACTION,"Sergio Leone",1964,99,12,8.5
"2023-12-02 15:30:00","Ondskan",DRAMA,"Mikael Håfström",2003,113,12,8.0
"2023-12-02 18:00:00","O Brother, Where Art Thou?",ADVENTURE,"Joel Coen",2000,107,0,9.0
"2023-12-03 10:30:00","My Left Foot: The Story of Christy Brown",BIOGRAPHY,"Jim Sheridan",1989,103,0,8.5
"2023-12-03 13:00:00","Rope",CRIME,"Alfred Hitchcock",1948,80,12,7.5
"2023-12-03 15:00:00","Amadeus",BIOGRAPHY,"Milos Forman",1984,160,16,8.0
"2023-12-03 18:30:00","A Night at the Opera",COMEDY,"Sam Wood",1935,96,12,9.0
"2023-12-04 10:00:00","Fear and Loathing in Las Vegas",ADVENTURE,"Terry Gilliam",1998,118,16,8.0
"2023-12-05 10:00:00","A Night at the Opera",COMEDY,"Sam Wood",1935,96,12,8.5
"2023-12-06 10:00:00","The Dirty Dozen",ACTION,"Robert Aldrich",1967,150,12,7.5
"2023-12-06 13:30:00","A Night at the Opera",COMEDY,"Sam Wood",1935,96,12,6.5
"2023-12-06 16:00:00","Lost Highway",MYSTERY,"David Lynch",1997,134,12,8.5
"2023-12-07 10:00:00","Donnie Brasco",BIOGRAPHY,"Mike Newell",1997,127,12,6.5
"2023-12-08 10:30:00","The Hurricane",BIOGRAPHY,"Norman Jewison",1999,146,16,8.5
"2023-12-08 14:00:00","Aladdin",ANIMATION,"Ron Clements",1992,90,0,8.0
"2023-12-09 10:30:00","Lost Highway",MYSTERY,"David Lynch",1997,134,12,7.0
"2023-12-09 13:30:00","Fiddler on the Roof",DRAMA,"Norman Jewison",1971,181,0,6.5
"2023-12-09 17:30:00","Rope",CRIME,"Alfred Hitchcock",1948,80,12,8.0
"2023-12-09 19:30:00","The Treasure of the Sierra Madre",ADVENTURE,"John Huston",1948,126,12,8.5
"2023-12-10 10:00:00","Requiem for a Dream",DRAMA,"Darren Aronofsky",2000,102,12,8.0
"2023-12-10 12:30:00","Kumonosu-jô",DRAMA,"Akira Kurosawa",1957,110,12,8.5
"2023-12-10 15:30:00","Kumonosu-jô",DRAMA,"Akira Kurosawa",1957,110,12,7.0
"2023-12-10 18:00:00","Der Himmel über Berlin",DRAMA,"Wim Wenders",1987,128,0,9.5
"2023-12-11 10:00:00","La règle du jeu",COMEDY,"Jean Renoir",1939,110,12,8.0
"2023-12-11 12:30:00","The Treasure of the Sierra Madre",ADVENTURE,"John Huston",1948,126,12,6.5
"2023-12-11 15:30:00","Lost Highway",MYSTERY,"David Lynch",1997,134,12,7.0
"2023-12-12 10:30:00","Ondskan",DRAMA,"Mikael Håfström",2003,113,12,8.5
"2023-12-13 10:30:00","Donnie Brasco",BIOGRAPHY,"Mike Newell",1997,127,12,8.0
"2023-12-13 13:30:00","Ondskan",DRAMA,"Mikael Håfström",2003,113,12,8.5
"2023-12-13 16:00:00","Rebecca",DRAMA,"Alfred Hitchcock",1940,130,12,8.0
"2023-12-14 10:30:00","Aladdin",ANIMATION,"Ron Clements",1992,90,0,8.5
"2023-12-14 13:00:00","Rope",CRIME,"Alfred Hitchcock",1948,80,12,8.5
"2023-12-14 15:00:00","28 Days Later...",DRAMA,"Danny Boyle",2002,113,12,8.0
"2023-12-15 10:00:00","La dolce vita",COMEDY,"Federico Fellini",1960,174,12,7.5
"2023-12-16 10:00:00","Hotaru no haka",ANIMATION,"Isao Takahata",1988,89,0,8.5
"2023-12-16 12:30:00","La Strada",DRAMA,"Federico Fellini",1954,108,12,7.5
"2023-12-16 15:00:00","Dances with Wolves",ADVENTURE,"Kevin Costner",1990,181,0,8.0
"2023-12-16 19:00:00","La règle du jeu",COMEDY,"Jean Renoir",1939,110,12,8.5
"2023-12-17 10:30:00","Persona",DRAMA,"Ingmar Bergman",1966,85,12,7.0
"2023-12-17 12:30:00","Rope",CRIME,"Alfred Hitchcock",1948,80,12,7.0
"2023-12-17 15:00:00","Almost Famous",ADVENTURE,"Cameron Crowe",2000,122,12,8.5
"2023-12-18 10:00:00","The Usual Suspects",CRIME,"Bryan Singer",1995,106,12,6.5
"2023-12-18 12:30:00","Andrei Rublev",BIOGRAPHY,"Andrei Tarkovsky",1966,205,16,7.5
"2023-12-19 10:30:00","Forrest Gump",DRAMA,"Robert Zemeckis",1994,142,12,6.5
"2023-12-19 13:30:00","Aladdin",ANIMATION,"Ron Clements",1992,90,0,8.5
"2023-12-19 16:00:00","The Thing",HORROR,"John Carpenter",1982,109,12,7.5
"2023-12-20 10:30:00","Dogville",CRIME,"Lars von Trier",2003,178,16,8.5
"2023-12-20 14:30:00","Andrei Rublev",BIOGRAPHY,"Andrei Tarkovsky",1966,205,16,6.5
"2023-12-21 10:30:00","Full Metal Jacket",DRAMA,"Stanley Kubrick",1987,116,12,8.5
"2023-12-21 13:00:00","The Dirty Dozen",ACTION,"Robert Aldrich",1967,150,12,7.5
"2023-12-21 16:00:00","The Last of the Mohicans",ACTION,"Michael Mann",1992,112,12,7.0
"2023-12-22 10:00:00","La Strada",DRAMA,"Federico Fellini",1954,108,12,8.5
"2023-12-22 12:30:00","Andrei Rublev",BIOGRAPHY,"Andrei Tarkovsky",1966,205,16,6.5
"2023-12-22 17:00:00","The Gold Rush",ADVENTURE,"Charles Chaplin",1925,95,12,8.5
"2023-12-23 10:00:00","Forrest Gump",DRAMA,"Robert Zemeckis",1994,142,12,8.0
"2023-12-23 13:00:00","Per qualche dollaro in più",WESTERN,"Sergio Leone",1965,132,0,7.0
"2023-12-23 16:00:00","Almost Famous",ADVENTURE,"Cameron Crowe",2000,122,12,8.5
"2023-12-23 19:00:00","Dogville",CRIME,"Lars von Trier",2003,178,16,9.0
"2023-12-24 10:30:00","Per qualche dollaro in più",WESTERN,"Sergio Leone",1965,132,0,8.0
"2023-12-24 13:30:00","La Strada",DRAMA,"Federico Fellini",1954,108,12,8.5
"2023-12-24 16:00:00","Per qualche dollaro in più",WESTERN,"Sergio Leone",1965,132,0,8.0
"2023-12-24 19:00:00","Rebecca",DRAMA,"Alfred Hitchcock",1940,130,12,9.0
"2023-12-25 10:00:00","La dolce vita",COMEDY,"Federico Fellini",1960,174,12,8.0
"2023-12-25 14:00:00","The Gold Rush",ADVENTURE,"Charles Chaplin",1925,95,12,8.0
"2023-12-25 16:30:00","Munna Bhai M.B.B.S.",COMEDY,"Rajkumar Hirani",2003,156,0,8.5
"2023-12-26 10:30:00","The Treasure of the Sierra Madre",ADVENTURE,"John Huston",1948,126,12,7.5
"2023-12-27 10:00:00","The Gold Rush",ADVENTURE,"Charles Chaplin",1925,95,12,7.0
"2023-12-28 10:00:00","Reservoir Dogs",CRIME,"Quentin Tarantino",1992,99,16,6.5
"2023-12-29 10:00:00","La Strada",DRAMA,"Federico Fellini",1954,108,12,6.5
"2023-12-29 12:30:00","The Gold Rush",ADVENTURE,"Charles Chaplin",1925,95,12,7.5
"2023-12-29 15:00:00","The Treasure of the Sierra Madre",ADVENTURE,"John Huston",1948,126,12,7.0
"2023-12-30 10:00:00","Per qualche dollaro in più",WESTERN,"Sergio Leone",1965,132,0,6.5
"2023-12-30 13:00:00","Rashômon",CRIME,"Akira Kurosawa",1950,88,12,8.0
"2023-12-30 15:30:00","La dolce vita",COMEDY,"Federico Fellini",1960,174,12,6.5
"2023-12-31 10:00:00","Singin' in the Rain",COMEDY,"Stanley Donen",1952,103,0,7.5
"2023-12-31 12:30:00","The Deer Hunter",DRAMA,"Michael Cimino",1978,183,12,6.5
"2023-12-31 16:30:00","Munna Bhai M.B.B.S.",COMEDY,"Rajkumar Hirani",2003,156,0,8.5
"2024-01-01 10:30:00","Amadeus",BIOGRAPHY,"Milos Forman",1984,160,16,7.0
"2024-01-02 10:00:00","Guess Who's Coming to Dinner",COMEDY,"Stanley Kramer",1967,108,12,8.5
"2024-01-03 10:30:00","La dolce vita",COMEDY,"Federico Fellini",1960,174,12,8.5
"2024-01-03 14:30:00","Hotaru no haka",ANIMATION,"Isao Takahata",1988,89,0,8.0
"2024-01-03 17:00:00","The Dirty Dozen",ACTION,"Robert Aldrich",1967,150,12,8.0
"2024-01-04 10:00:00","Andrei Rublev",BIOGRAPHY,"Andrei Tarkovsky",1966,205,16,7.0
"2024-01-04 14:30:00","Aliens",ACTION,"James Cameron",1986,137,0,6.5
"2024-01-05 10:00:00","The Straight Story",BIOGRAPHY,"David Lynch",1999,112,0,7.5
"2024-01-06 10:00:00","The Deer Hunter",DRAMA,"Michael Cimino",1978,183,12,8.5
"2024-01-06 14:00:00","My Fair Lady",DRAMA,"George Cukor",1964,170,0,6.5
"2024-01-06 17:30:00","Reservoir Dogs",CRIME,"Quentin Tarantino",1992,99,16,7.0
"2024-01-06 20:00:00","The Deer Hunter",DRAMA,"Michael Cimino",1978,183,12,10.0
"2024-01-07 10:00:00","La Strada",DRAMA,"Federico Fellini",1954,108,12,6.5
"2024-01-07 12:30:00","Reservoir Dogs",CRIME,"Quentin Tarantino",1992,99,16,8.5
"2024-01-07 15:00:00","Dogville",CRIME,"Lars von Trier",2003,178,16,7.0
"2024-01-08 10:30:00","Lost Highway",MYSTERY,"David Lynch",1997,134,12,7.0
"2024-01-08 13:30:00","Forrest Gump",DRAMA,"Robert Zemeckis",1994,142,12,7.5
"2024-01-08 16:30:00","La règle du jeu",COMEDY,"Jean Renoir",1939,110,12,8.5
"2024-01-09 10:30:00","Singin' in the Rain",COMEDY,"Stanley Donen",1952,103,0,7.0
"2024-01-10 10:30:00","Cat on a Hot Tin Roof",DRAMA,"Richard Brooks",1958,108,12,6.5
"2024-01-10 13:00:00","The Deer Hunter",DRAMA,"Michael Cimino",1978,183,12,7.5
"2024-01-11 10:30:00","Star Wars: Episode VI - Return of the Jedi",ACTION,"Richard Marquand",1983,131,0,8.5
"2024-01-12 10:30:00","Inherit the Wind",BIOGRAPHY,"Stanley Kramer",1960,128,12,7.5
"2024-01-12 13:30:00","A Man for All Seasons",BIOGRAPHY,"Fred Zinnemann",1966,120,0,8.5
"2024-01-12 16:30:00","Rashômon",CRIME,"Akira Kurosawa",1950,88,12,8.0
"2024-01-13 10:00:00","Ace in the Hole",DRAMA,"Billy Wilder",1951,111,12,6.5
"2024-01-13 12:30:00","Reservoir Dogs",CRIME,"Quentin Tarantino",1992,99,16,7.0
"2024-01-13 15:00:00","Reservoir Dogs",CRIME,"Quentin Tarantino",1992,99,16,7.0
"2024-01-13 17:30:00","Reservoir Dogs",CRIME,"Quentin Tarantino",1992,99,16,8.5
"2024-01-14 10:30:00","Dogville",CRIME,"Lars von Trier",2003,178,16,8.5
"2024-01-14 14:30:00","Groundhog Day",COMEDY,"Harold Ramis",1993,101,0,7.5
"2024-01-14 17:00:00","Batman: Mask of the Phantasm",ANIMATION,"Kevin Altieri",1993,76,6,8.0
"2024-01-14 19:00:00","Singin' in the Rain",COMEDY,"Stanley Donen",1952,103,0,9.5
"2024-01-15 10:30:00","Guess Who's Coming to Dinner",COMEDY,"Stanley Kramer",1967,108,12,6.5
"2024-01-16 10:00:00","Training Day",CRIME,"Antoine Fuqua",2001,122,12,8.5
"2024-01-16 13:00:00","Batman: Mask of the Phantasm",ANIMATION,"Kevin Altieri",1993,76,6,7.5
"2024-01-17 10:30:00","Strangers on a Train",CRIME,"Alfred Hitchcock",1951,101,12,8.5
"2024-01-17 13:00:00","Inherit the Wind",BIOGRAPHY,"Stanley Kramer",1960,128,12,7.0
"2024-01-17 16:00:00","The Straight Story",BIOGRAPHY,"David Lynch",1999,112,0,6.5
"2024-01-18 10:00:00","Full Metal Jacket",DRAMA,"Stanley Kubrick",1987,116,12,8.0
"2024-01-18 12:30:00","The Deer Hunter",DRAMA,"Michael Cimino",1978,183,12,8.5
"2024-01-18 16:30:00","A Man for All Seasons",BIOGRAPHY,"Fred Zinnemann",1966,120,0,7.0
"2024-01-19 10:00:00","La dolce vita",COMEDY,"Federico Fellini",1960,174,12,6.5
"2024-01-19 14:00:00","Cat on a Hot Tin Roof",DRAMA,"Richard Brooks",1958,108,12,7.5
"2024-01-20 10:30:00","Star Wars: Episode VI - Return of the Jedi",ACTION,"Richard Marquand",1983,131,0,8.5
"2024-01-20 13:30:00","Finding Neverland",BIOGRAPHY,"Marc Forster",2004,106,0,8.5
"2024-01-20 16:00:00","Being There",COMEDY,"Hal Ashby",1979,130,6,8.0
"2024-01-21 10:00:00","Zelig",COMEDY,"Woody Allen",1983,79,6,8.5
"2024-01-21 12:00:00","The Last Picture Show",DRAMA,"Peter Bogdanovich",1971,118,16,7.0
"2024-01-21 15:00:00","Groundhog Day",COMEDY,"Harold Ramis",1993,101,0,6.5
"2024-01-21 17:30:00","Harry Potter and the Prisoner of Azkaban",ADVENTURE,"Alfonso Cuarón",2004,142,0,7.5
"2024-01-22 10:30:00","Groundhog Day",COMEDY,"Harold Ramis",1993,101,0,7.0
"2024-01-23 10:00:00","Batman: Mask of the Phantasm",ANIMATION,"Kevin Altieri",1993,76,6,8.0
"2024-01-23 12:00:00","The Deer Hunter",DRAMA,"Michael Cimino",1978,183,12,7.5
"2024-01-24 10:00:00","Where Eagles Dare",ACTION,"Brian G. Hutton",1968,158,0,7.5
"2024-01-25 10:00:00","Finding Neverland",BIOGRAPHY,"Marc Forster",2004,106,0,6.5
"2024-01-25 12:30:00","The Last Picture Show",DRAMA,"Peter Bogdanovich",1971,118,16,7.0
"2024-01-25 15:30:00","My Fair Lady",DRAMA,"George Cukor",1964,170,0,8.5
"2024-01-26 10:30:00","Double Indemnity",CRIME,"Billy Wilder",1944,107,12,8.0
"2024-01-26 13:00:00","Full Metal Jacket",DRAMA,"Stanley Kubrick",1987,116,12,6.5
"2024-01-26 16:00:00","Ocean's Eleven",CRIME,"Steven Soderbergh",2001,116,12,8.5
"2024-01-27 10:30:00","A Man for All Seasons",BIOGRAPHY,"Fred Zinnemann",1966,120,0,6.5
"2024-01-27 13:30:00","Awakenings",BIOGRAPHY,"Penny Marshall",1990,121,0,8.5
"2024-01-27 16:30:00","Jûbê ninpûchô",ANIMATION,"Yoshiaki Kawajiri",1993,94,12,8.0
"2024-01-28 10:30:00","The Last Picture Show",DRAMA,"Peter Bogdanovich",1971,118,16,7.0
"2024-01-28 13:30:00","The Big Sleep",CRIME,"Howard Hawks",1946,114,12,6.5
"2024-01-28 16:00:00","Do lok tin si",COMEDY,"Kar-Wai Wong",1995,99,12,7.5
"2024-01-28 18:30:00","October Sky",BIOGRAPHY,"Joe Johnston",1999,108,6,9.0
"2024-01-29 10:00:00","Zelig",COMEDY,"Woody Allen",1983,79,6,7.0
"2024-01-29 12:00:00","The Last Picture Show",DRAMA,"Peter Bogdanovich",1971,118,16,8.0
"2024-01-29 15:00:00","The Deer Hunter",DRAMA,"Michael Cimino",1978,183,12,8.5
"2024-01-30 10:30:00","The Innocents",HORROR,"Jack Clayton",1961,100,12,7.0
"2024-01-31 10:00:00","Cool Hand Luke",CRIME,"Stuart Rosenberg",1967,127,12,7.0
"2024-01-31 13:00:00","Where Eagles Dare",ACTION,"Brian G. Hutton",1968,158,0,7.5
"2024-02-01 10:30:00","A Man for All Seasons",BIOGRAPHY,"Fred Zinnemann",1966,120,0,7.5
"2024-02-01 13:00:00","Inherit the Wind",BIOGRAPHY,"Stanley Kramer",1960,128,12,6.5
"2024-02-01 16:00:00","October Sky",BIOGRAPHY,"Joe Johnston",1999,108,6,7.0
"2024-02-02 10:30:00","Rear Window",MYSTERY,"Alfred Hitchcock",1954,112,0,8.5
"2024-02-02 13:30:00","The Man Who Would Be King",ADVENTURE,"John Huston",1975,129,6,8.5
"2024-02-02 16:30:00","The Innocents",HORROR,"Jack Clayton",1961,100,12,7.5
"2024-02-03 10:00:00","Inherit the Wind",BIOGRAPHY,"Stanley Kramer",1960,128,12,8.0
"2024-02-03 13:00:00","The Man Who Would Be King",ADVENTURE,"John Huston",1975,129,6,7.5
"2024-02-03 16:00:00","Rushmore",COMEDY,"Wes Anderson",1998,93,12,7.5
"2024-02-03 18:30:00","Double Indemnity",CRIME,"Billy Wilder",1944,107,12,9.0
"2024-02-04 10:30:00","Groundhog Day",COMEDY,"Harold Ramis",1993,101,0,7.5
"2024-02-04 13:00:00","October Sky",BIOGRAPHY,"Joe Johnston",1999,108,6,6.5
"2024-02-04 15:30:00","Apocalypse Now",DRAMA,"Francis Ford Coppola",1979,147,16,8.5
"2024-02-04 19:00:00","The Fifth Element",ACTION,"Luc Besson",1997,126,12,9.5
"2024-02-05 10:30:00","Jûbê ninpûchô",ANIMATION,"Yoshiaki Kawajiri",1993,94,12,7.0
"2024-02-05 13:00:00","Do lok tin si",COMEDY,"Kar-Wai Wong",1995,99,12,8.5
"2024-02-05 15:30:00","Batman: Mask of the Phantasm",ANIMATION,"Kevin Altieri",1993,76,6,6.5
"2024-02-06 10:30:00","Awakenings",BIOGRAPHY,"Penny Marshall",1990,121,0,7.5
"2024-02-06 13:30:00","The Hustler",DRAMA,"Robert Rossen",1961,134,12,8.5
"2024-02-06 16:30:00","The Innocents",HORROR,"Jack Clayton",1961,100,12,8.5
"2024-02-07 10:00:00","Groundhog Day",COMEDY,"Harold Ramis",1993,101,0,7.0
"2024-02-07 12:30:00","Being There",COMEDY,"Hal Ashby",1979,130,6,6.5
"2024-02-07 15:30:00","Zelig",COMEDY,"Woody Allen",1983,79,6,7.0
"2024-02-08 10:30:00","The Big Sleep",CRIME,"Howard Hawks",1946,114,12,7.5
"2024-02-08 13:30:00","Being There",COMEDY,"Hal Ashby",1979,130,6,7.0
"2024-02-09 10:00:00","The Terminator",ACTION,"James Cameron",1984,107,12,6.5
"2024-02-09 12:30:00","The Innocents",HORROR,"Jack Clayton",1961,100,12,8.5
"2024-02-10 10:30:00","The Man Who Would Be King",ADVENTURE,"John Huston",1975,129,6,8.0
"2024-02-10 13:30:00","Le dîner de cons",COMEDY,"Francis Veber",1998,80,12,7.5
"2024-02-10 16:00:00","Batoru rowaiaru",ACTION,"Kinji Fukasaku",2000,114,12,8.5
"2024-02-11 10:30:00","Per qualche dollaro in più",WESTERN,"Sergio Leone",1965,132,0,8.0
"2024-02-11 13:30:00","The Man Who Would Be King",ADVENTURE,"John Huston",1975,129,6,7.5
"2024-02-11 16:30:00","Per qualche dollaro in più",WESTERN,"Sergio Leone",1965,132,0,8.0
"2024-02-12 10:00:00","Cool Hand Luke",CRIME,"Stuart Rosenberg",1967,127,12,8.5
"2024-02-12 13:00:00","Gone with the Wind",DRAMA,"Victor Fleming",1939,238,0,8.0
"2024-02-12 18:00:00","Nueve reinas",CRIME,"Fabián Bielinsky",2000,114,16,9.0
"2024-02-13 10:30:00","Gone with the Wind",DRAMA,"Victor Fleming",1939,238,0,8.5
"2024-02-14 10:00:00","Apocalypse Now",DRAMA,"Francis Ford Coppola",1979,147,16,7.5
"2024-02-14 13:00:00","October Sky",BIOGRAPHY,"Joe Johnston",1999,108,6,8.5
"2024-02-15 10:00:00","South Park: Bigger, Longer & Uncut",ANIMATION,"Trey Parker",1999,81,12,6.5
"2024-02-16 10:00:00","The Bourne Supremacy",ACTION,"Paul Greengrass",2004,108,12,7.5
"2024-02-16 12:30:00","Charade",COMEDY,"Stanley Donen",1963,113,0,6.5
"2024-02-17 10:00:00","October Sky",BIOGRAPHY,"Joe Johnston",1999,108,6,8.5
"2024-02-17 12:30:00","Les diaboliques",CRIME,"Henri-Georges Clouzot",1955,117,12,8.5
"2024-02-17 15:30:00","Evil Dead II",ACTION,"Sam Raimi",1987,84,12,8.5
"2024-02-18 10:00:00","Patton",BIOGRAPHY,"Franklin J. Schaffner",1970,172,0,6.5
"2024-02-18 13:30:00","Dazed and Confused",COMEDY,"Richard Linklater",1993,102,0,8.5
"2024-02-18 16:00:00","The Fifth Element",ACTION,"Luc Besson",1997,126,12,8.0
"2024-02-19 10:00:00","Patton",BIOGRAPHY,"Franklin J. Schaffner",1970,172,0,8.5
"2024-02-19 13:30:00","Per qualche dollaro in più",WESTERN,"Sergio Leone",1965,132,0,6.5
"2024-02-19 16:30:00","The Terminator",ACTION,"James Cameron",1984,107,12,8.0
"2024-02-20 10:00:00","Zelig",COMEDY,"Woody Allen",1983,79,6,7.5
"2024-02-20 12:00:00","Le dîner de cons",COMEDY,"Francis Veber",1998,80,12,8.5
"2024-02-21 10:30:00","Patton",BIOGRAPHY,"Franklin J. Schaffner",1970,172,0,6.5
"2024-02-21 14:00:00","The Last Picture Show",DRAMA,"Peter Bogdanovich",1971,118,16,7.5
"2024-02-22 10:00:00","Serpico",BIOGRAPHY,"Sidney Lumet",1973,130,12,7.5
"2024-02-22 13:00:00","The Fifth Element",ACTION,"Luc Besson",1997,126,12,8.5
"2024-02-22 16:00:00","Nueve reinas",CRIME,"Fabián Bielinsky",2000,114,16,6.5
"2024-02-23 10:30:00","Charade",COMEDY,"Stanley Donen",1963,113,0,8.0
"2024-02-24 10:00:00","October Sky",BIOGRAPHY,"Joe Johnston",1999,108,6,8.5
"2024-02-24 12:30:00","Per qualche dollaro in più",WESTERN,"Sergio Leone",1965,132,0,8.0
"2024-02-24 15:30:00","White Heat",ACTION,"Raoul Walsh",1949,114,12,6.5
"2024-02-24 18:30:00","Do lok tin si",COMEDY,"Kar-Wai Wong",1995,99,12,9.5
"2024-02-25 10:00:00","The Terminator",ACTION,"James Cameron",1984,107,12,8.5
"2024-02-25 12:30:00","Mulholland Dr.",DRAMA,"David Lynch",2001,147,16,7.0
"2024-02-25 16:00:00","The Terminator",ACTION,"James Cameron",1984,107,12,7.0
"2024-02-25 19:00:00","The Others",HORROR,"Alejandro Amenábar",2001,101,12,9.0
"2024-02-26 10:00:00","Rear Window",MYSTERY,"Alfred Hitchcock",1954,112,0,8.5
"2024-02-26 13:00:00","Where Eagles Dare",ACTION,"Brian G. Hutton",1968,158,0,7.5
"2024-02-26 16:30:00","Rear Window",MYSTERY,"Alfred Hitchcock",1954,112,0,6.5
"2024-02-27 10:30:00","Serpico",BIOGRAPHY,"Sidney Lumet",1973,130,12,8.0
"2024-02-28 10:00:00","The Others",HORROR,"Alejandro Amenábar",2001,101,12,6.5
"2024-02-28 12:30:00","The Godfather: Part III",CRIME,"Francis Ford Coppola",1990,162,12,8.0
"2024-02-28 16:00:00","The Others",HORROR,"Alejandro Amenábar",2001,101,12,7.0
"2024-02-29 10:00:00","White Heat",ACTION,"Raoul Walsh",1949,114,12,8.5
"2024-03-01 10:00:00","Nueve reinas",CRIME,"Fabián Bielinsky",2000,114,16,7.5
"2024-03-01 13:00:00","Rushmore",COMEDY,"Wes Anderson",1998,93,12,8.0
"2024-03-01 15:30:00","Les diaboliques",CRIME,"Henri-Georges Clouzot",1955,117,12,8.5
"2024-03-02 10:00:00","Judgment at Nuremberg",DRAMA,"Stanley Kramer",1961,179,12,8.0
"2024-03-02 14:00:00","White Heat",ACTION,"Raoul Walsh",1949,114,12,7.5
"2024-03-02 16:30:00","Serpico",BIOGRAPHY,"Sidney Lumet",1973,130,12,7.0
"2024-03-02 19:30:00","Evil Dead II",ACTION,"Sam Raimi",1987,84,12,9.0
"2024-03-03 10:00:00","White Heat",ACTION,"Raoul Walsh",1949,114,12,7.5
"2024-03-03 13:00:00","Patton",BIOGRAPHY,"Franklin J. Schaffner",1970,172,0,6.5
"2024-03-03 16:30:00","Gone with the Wind",DRAMA,"Victor Fleming",1939,238,0,8.5
"2024-03-04 10:00:00","Les diaboliques",CRIME,"Henri-Georges Clouzot",1955,117,12,8.0
"2024-03-05 10:00:00","The Others",HORROR,"Alejandro Amenábar",2001,101,12,8.0
"2024-03-05 12:30:00","The Others",HORROR,"Alejandro Amenábar",2001,101,12,7.0
"2024-03-05 15:00:00","Dazed and Confused",COMEDY,"Richard Linklater",1993,102,0,6.5
"2024-03-06 10:00:00","Evil Dead II",ACTION,"Sam Raimi",1987,84,12,8.5
"2024-03-06 12:30:00","Lifeboat",DRAMA,"Alfred Hitchcock",1944,97,12,6.5
"2024-03-06 15:00:00","Le charme discret de la bourgeoisie",COMEDY,"Luis Buñuel",1972,102,6,7.0
"2024-03-07 10:30:00","The Bourne Supremacy",ACTION,"Paul Greengrass",2004,108,12,7.5
"2024-03-07 13:00:00","The Remains of the Day",DRAMA,"James Ivory",1993,134,0,7.5
"2024-03-07 16:00:00","The Exorcist",HORROR,"William Friedkin",1973,122,12,7.0
"2024-03-08 10:00:00","The General",ACTION,"Clyde Bruckman",1926,67,12,6.5
"2024-03-09 10:00:00","October Sky",BIOGRAPHY,"Joe Johnston",1999,108,6,8.5
"2024-03-09 13:00:00","The Lost Weekend",DRAMA,"Billy Wilder",1945,101,12,8.0
"2024-03-09 15:30:00","Lifeboat",DRAMA,"Alfred Hitchcock",1944,97,12,8.0
"2024-03-10 10:00:00","The Odd Couple",COMEDY,"Gene Saks",1968,105,0,6.5
"2024-03-10 12:30:00","Pâfekuto burû",ANIMATION,"Satoshi Kon",1997,81,12,7.5
"2024-03-10 14:30:00","Dead Man's Shoes",CRIME,"Shane Meadows",2004,90,12,7.0
"2024-03-10 17:00:00","The Terminator",ACTION,"James Cameron",1984,107,12,8.0
"2024-03-11 10:30:00","Kill Bill: Vol. 1",ACTION,"Quentin Tarantino",2003,111,16,6.5
"2024-03-11 13:00:00","Dead Man's Shoes",CRIME,"Shane Meadows",2004,90,12,8.0
"2024-03-12 10:30:00","October Sky",BIOGRAPHY,"Joe Johnston",1999,108,6,7.0
"2024-03-12 13:00:00","Vertigo",MYSTERY,"Alfred Hitchcock",1958,128,12,6.5
"2024-03-12 16:00:00","The Odd Couple",COMEDY,"Gene Saks",1968,105,0,7.0
"2024-03-13 10:30:00","Training Day",CRIME,"Antoine Fuqua",2001,122,12,6.5
"2024-03-13 13:30:00","The Bourne Supremacy",ACTION,"Paul Greengrass",2004,108,12,8.0
"2024-03-13 16:00:00","The Godfather: Part III",CRIME,"Francis Ford Coppola",1990,162,12,6.5
"2024-03-14 10:00:00","Serpico",BIOGRAPHY,"Sidney Lumet",1973,130,12,6.5
"2024-03-14 13:00:00","White Heat",ACTION,"Raoul Walsh",1949,114,12,7.0
"2024-03-14 16:00:00","Patton",BIOGRAPHY,"Franklin J. Schaffner",1970,172,0,7.0
"2024-03-15 10:00:00","The Bridges of Madison County",DRAMA,"Clint Eastwood",1995,135,12,7.0
"2024-03-15 13:00:00","The Odd Couple",COMEDY,"Gene Saks",1968,105,0,6.5
"2024-03-15 15:30:00","Ocean's Eleven",CRIME,"Steven Soderbergh",2001,116,12,7.0
"2024-03-16 10:00:00","The Godfather: Part III",CRIME,"Francis Ford Coppola",1990,162,12,7.5
"2024-03-16 13:30:00","Dazed and Confused",COMEDY,"Richard Linklater",1993,102,0,8.0
"2024-03-16 16:00:00","Kill Bill: Vol. 1",ACTION,"Quentin Tarantino",2003,111,16,8.5
"2024-03-16 18:30:00","The Bridges of Madison County",DRAMA,"Clint Eastwood",1995,135,12,9.5
"2024-03-17 10:00:00","Philadelphia",DRAMA,"Jonathan Demme",1993,125,12,7.5
"2024-03-17 13:00:00","Patton",BIOGRAPHY,"Franklin J. Schaffner",1970,172,0,6.5
"2024-03-17 16:30:00","The Terminator",ACTION,"James Cameron",1984,107,12,8.0
"2024-03-17 19:00:00","My Cousin Vinny",COMEDY,"Jonathan Lynn",1992,120,12,8.5
"2024-03-18 10:00:00","Kill Bill: Vol. 1",ACTION,"Quentin Tarantino",2003,111,16,8.5
"2024-03-18 13:00:00","The Thin Man",COMEDY,"W.S. Van Dyke",1934,91,12,8.5
"2024-03-19 10:00:00","The Lost Weekend",DRAMA,"Billy Wilder",1945,101,12,7.0
"2024-03-19 12:30:00","The General",ACTION,"Clyde Bruckman",1926,67,12,7.5
"2024-03-19 14:30:00","Le charme discret de la bourgeoisie",COMEDY,"Luis Buñuel",1972,102,6,7.5
"2024-03-20 10:00:00","Ivanovo detstvo",DRAMA,"Andrei Tarkovsky",1962,95,12,7.0
"2024-03-20 12:30:00","The Thin Man",COMEDY,"W.S. Van Dyke",1934,91,12,8.0
"2024-03-20 15:00:00","Charade",COMEDY,"Stanley Donen",1963,113,0,7.0
"2024-03-21 10:00:00","Ivanovo detstvo",DRAMA,"Andrei Tarkovsky",1962,95,12,8.0
"2024-03-21 12:30:00","The Bridges of Madison County",DRAMA,"Clint Eastwood",1995,135,12,8.0
"2024-03-21 15:30:00","The Silence of the Lambs",CRIME,"Jonathan Demme",1991,118,12,8.0
"2024-03-22 10:00:00","Judgment at Nuremberg",DRAMA,"Stanley Kramer",1961,179,12,6.5
"2024-03-22 14:00:00","Le charme discret de la bourgeoisie",COMEDY,"Luis Buñuel",1972,102,6,6.5
"2024-03-23 10:30:00","Training Day",CRIME,"Antoine Fuqua",2001,122,12,7.0
"2024-03-23 13:30:00","Philadelphia",DRAMA,"Jonathan Demme",1993,125,12,6.5
"2024-03-23 16:30:00","The Silence of the Lambs",CRIME,"Jonathan Demme",1991,118,12,8.5
"2024-03-24 10:00:00","Adaptation.",COMEDY,"Spike Jonze",2002,115,16,7.0
"2024-03-24 12:30:00","Philadelphia",DRAMA,"Jonathan Demme",1993,125,12,7.0
"2024-03-24 15:30:00","Waking Life",ANIMATION,"Richard Linklater",2001,99,16,7.0
"2024-03-25 10:00:00","Les diaboliques",CRIME,"Henri-Georges Clouzot",1955,117,12,8.0
"2024-03-25 13:00:00","Sense and Sensibility",DRAMA,"Ang Lee",1995,136,0,7.5
"2024-03-25 16:00:00","Bride of Frankenstein",DRAMA,"James Whale",1935,75,12,8.5
"2024-03-26 10:00:00","Delicatessen",COMEDY,"Marc Caro",1991,99,16,8.5
"2024-03-27 10:00:00","Back to the Future Part II",ADVENTURE,"Robert Zemeckis",1989,108,0,7.0
"2024-03-27 12:30:00","The Remains of the Day",DRAMA,"James Ivory",1993,134,0,7.0
"2024-03-28 10:00:00","Pâfekuto burû",ANIMATION,"Satoshi Kon",1997,81,12,7.0
"2024-03-28 12:30:00","Pâfekuto burû",ANIMATION,"Satoshi Kon",1997,81,12,8.0
"2024-03-28 14:30:00","The Terminator",ACTION,"James Cameron",1984,107,12,8.0
"2024-03-29 10:00:00","The Silence of the Lambs",CRIME,"Jonathan Demme",1991,118,12,8.5
"2024-03-30 10:00:00","The Butterfly Effect",DRAMA,"Eric Bress",2004,113,0,8.5
"2024-03-30 12:30:00","Mulholland Dr.",DRAMA,"David Lynch",2001,147,16,8.0
"2024-03-30 16:00:00","Les diaboliques",CRIME,"Henri-Georges Clouzot",1955,117,12,8.5
"2024-03-30 19:00:00","The Thin Man",COMEDY,"W.S. Van Dyke",1934,91,12,10.0
"2024-03-31 10:30:00","Edward Scissorhands",DRAMA,"Tim Burton",1990,105,0,7.5
"2024-03-31 13:00:00","Edward Scissorhands",DRAMA,"Tim Burton",1990,105,0,8.0
"2024-03-31 15:30:00","My Cousin Vinny",COMEDY,"Jonathan Lynn",1992,120,12,8.0
"2024-03-31 18:30:00","Vertigo",MYSTERY,"Alfred Hitchcock",1958,128,12,10.0
"2024-04-01 10:30:00","Rain Man",DRAMA,"Barry Levinson",1988,133,0,7.5
"2024-04-01 13:30:00","The General",ACTION,"Clyde Bruckman",1926,67,12,7.0
"2024-04-01 15:30:00","Le charme discret de la bourgeoisie",COMEDY,"Luis Buñuel",1972,102,6,6.5
"2024-04-02 10:30:00","Sense and Sensibility",DRAMA,"Ang Lee",1995,136,0,7.5
"2024-04-02 13:30:00","Miller's Crossing",CRIME,"Joel Coen",1990,115,16,7.5
"2024-04-03 10:00:00","Jurassic Park",ACTION,"Steven Spielberg",1993,127,12,8.5
"2024-04-04 10:30:00","Vertigo",MYSTERY,"Alfred Hitchcock",1958,128,12,7.0
"2024-04-05 10:00:00","Bride of Frankenstein",DRAMA,"James Whale",1935,75,12,6.5
"2024-04-05 12:00:00","Sense and Sensibility",DRAMA,"Ang Lee",1995,136,0,6.5
"2024-04-05 15:00:00","Rain Man",DRAMA,"Barry Levinson",1988,133,0,7.5
"2024-04-06 10:00:00","Rain Man",DRAMA,"Barry Levinson",1988,133,0,7.5
"2024-04-06 13:00:00","The Butterfly Effect",DRAMA,"Eric Bress",2004,113,0,7.0
"2024-04-06 16:00:00","The Silence of the Lambs",CRIME,"Jonathan Demme",1991,118,12,7.5
"2024-04-06 19:00:00","Miller's Crossing",CRIME,"Joel Coen",1990,115,16,8.5
"2024-04-07 10:00:00","The Lady Vanishes",MYSTERY,"Alfred Hitchcock",1938,96,12,7.0
"2024-04-07 12:30:00","The Godfather: Part III",CRIME,"Francis Ford Coppola",1990,162,12,8.0
"2024-04-07 16:00:00","A Night at the Opera",COMEDY,"Sam Wood",1935,96,12,8.5
"2024-04-08 10:30:00","Sense and Sensibility",DRAMA,"Ang Lee",1995,136,0,7.0
"2024-04-08 13:30:00","Rain Man",DRAMA,"Barry Levinson",1988,133,0,6.5
"2024-04-09 10:30:00","The Conversation",DRAMA,"Francis Ford Coppola",1974,113,0,8.0
"2024-04-09 13:30:00","The Exorcist",HORROR,"William Friedkin",1973,122,12,8.5
"2024-04-09 16:30:00","Edward Scissorhands",DRAMA,"Tim Burton",1990,105,0,8.5
"2024-04-10 10:30:00","The Silence of the Lambs",CRIME,"Jonathan Demme",1991,118,12,6.5
"2024-04-11 10:30:00","Sense and Sensibility",DRAMA,"Ang Lee",1995,136,0,6.5
"2024-04-12 10:30:00","Kramer vs. Kramer",DRAMA,"Robert Benton",1979,105,12,7.0
"2024-04-12 13:00:00","The Conversation",DRAMA,"Francis Ford Coppola",1974,113,0,7.0
"2024-04-13 10:00:00","The Butterfly Effect",DRAMA,"Eric Bress",2004,113,0,7.5
"2024-04-13 13:00:00","The Silence of the Lambs",CRIME,"Jonathan Demme",1991,118,12,8.0
"2024-04-13 16:00:00","Sense and Sensibility",DRAMA,"Ang Lee",1995,136,0,6.5
"2024-04-13 19:00:00","Tenkû no shiro Rapyuta",ANIMATION,"Hayao Miyazaki",1986,125,0,9.0
"2024-04-14 10:30:00","The Remains of the Day",DRAMA,"James Ivory",1993,134,0,7.0
"2024-04-14 13:30:00","Delicatessen",COMEDY,"Marc Caro",1991,99,16,6.5
"2024-04-14 16:00:00","Ivanovo detstvo",DRAMA,"Andrei Tarkovsky",1962,95,12,8.0
"2024-04-14 18:30:00","Rain Man",DRAMA,"Barry Levinson",1988,133,0,9.0
"2024-04-15 10:00:00","Kramer vs. Kramer",DRAMA,"Robert Benton",1979,105,12,7.0
"2024-04-15 12:30:00","The Conversation",DRAMA,"Francis Ford Coppola",1974,113,0,8.5
"2024-04-15 15:00:00","Patton",BIOGRAPHY,"Franklin J. Schaffner",1970,172,0,6.5
"2024-04-16 10:30:00","The Remains of the Day",DRAMA,"James Ivory",1993,134,0,6.5
"2024-04-16 13:30:00","Kramer vs. Kramer",DRAMA,"Robert Benton",1979,105,12,6.5
"2024-04-16 16:00:00","Back to the Future Part II",ADVENTURE,"Robert Zemeckis",1989,108,0,7.0
"2024-04-17 10:30:00","Miller's Crossing",CRIME,"Joel Coen",1990,115,16,7.0
"2024-04-17 13:30:00","Tenkû no shiro Rapyuta",ANIMATION,"Hayao Miyazaki",1986,125,0,8.0
"2024-04-18 10:30:00","The Lady Vanishes",MYSTERY,"Alfred Hitchcock",1938,96,12,8.0
"2024-04-19 10:00:00","Kramer vs. Kramer",DRAMA,"Robert Benton",1979,105,12,6.5
"2024-04-19 12:30:00","Jurassic Park",ACTION,"Steven Spielberg",1993,127,12,8.5
"2024-04-19 15:30:00","Kramer vs. Kramer",DRAMA,"Robert Benton",1979,105,12,7.5
"2024-04-20 10:00:00","Lifeboat",DRAMA,"Alfred Hitchcock",1944,97,12,8.5
"2024-04-20 12:30:00","City Lights",COMEDY,"Charles Chaplin",1931,87,0,8.5
"2024-04-20 14:30:00","The Exorcist",HORROR,"William Friedkin",1973,122,12,8.5
"2024-04-20 17:30:00","A Night at the Opera",COMEDY,"Sam Wood",1935,96,12,6.5
"2024-04-21 10:30:00","The Silence of the Lambs",CRIME,"Jonathan Demme",1991,118,12,7.0
"2024-04-21 13:30:00","Delicatessen",COMEDY,"Marc Caro",1991,99,16,7.5
"2024-04-21 16:00:00","The Conversation",DRAMA,"Francis Ford Coppola",1974,113,0,6.5
"2024-04-21 19:00:00","Stagecoach",ADVENTURE,"John Ford",1939,96,12,9.0
"2024-04-22 10:30:00","The Exorcist",HORROR,"William Friedkin",1973,122,12,8.5
"2024-04-22 13:30:00","Edward Scissorhands",DRAMA,"Tim Burton",1990,105,0,8.0
"2024-04-22 16:00:00","The Man Who Shot Liberty Valance",DRAMA,"John Ford",1962,123,12,8.0
"2024-04-23 10:30:00","The Lion in Winter",BIOGRAPHY,"Anthony Harvey",1968,134,6,7.5
"2024-04-23 13:30:00","Lifeboat",DRAMA,"Alfred Hitchcock",1944,97,12,8.0
"2024-04-24 10:30:00","Patton",BIOGRAPHY,"Franklin J. Schaffner",1970,172,0,6.5
"2024-04-24 14:00:00","Miracle on 34th Street",COMEDY,"George Seaton",1947,96,12,7.5
"2024-04-24 16:30:00","The Man Who Shot Liberty Valance",DRAMA,"John Ford",1962,123,12,8.0
"2024-04-25 10:30:00","Majo no takkyûbin",ANIMATION,"Hayao Miyazaki",1989,103,0,7.5
"2024-04-25 13:00:00","The Silence of the Lambs",CRIME,"Jonathan Demme",1991,118,12,6.5
"2024-04-26 10:00:00","Kôkaku Kidôtai",ANIMATION,"Mamoru Oshii",1995,83,12,7.0
"2024-04-27 10:30:00","Majo no takkyûbin",ANIMATION,"Hayao Miyazaki",1989,103,0,8.5
"2024-04-27 13:00:00","Kôkaku Kidôtai",ANIMATION,"Mamoru Oshii",1995,83,12,7.0
"2024-04-27 15:00:00","Delicatessen",COMEDY,"Marc Caro",1991,99,16,7.5
"2024-04-28 10:30:00","The Man Who Shot Liberty Valance",DRAMA,"John Ford",1962,123,12,7.5
"2024-04-28 13:30:00","Nueve reinas",CRIME,"Fabián Bielinsky",2000,114,16,8.5
"2024-04-28 16:30:00","Young Frankenstein",COMEDY,"Mel Brooks",1974,106,12,8.5
"2024-04-28 19:00:00","Fiddler on the Roof",DRAMA,"Norman Jewison",1971,181,0,9.5
"2024-04-29 10:00:00","The Muppet Movie",ADVENTURE,"James Frawley",1979,95,0,8.5
"2024-04-30 10:00:00","Bride of Frankenstein",DRAMA,"James Whale",1935,75,12,6.5
"2024-04-30 12:00:00","Lawrence of Arabia",ADVENTURE,"David Lean",1962,228,0,6.5
"2024-05-01 10:00:00","Miracle on 34th Street",COMEDY,"George Seaton",1947,96,12,8.0
"2024-05-01 12:30:00","Kôkaku Kidôtai",ANIMATION,"Mamoru Oshii",1995,83,12,7.5
"2024-05-02 10:00:00","Naked",COMEDY,"Mike Leigh",1993,132,12,8.0
"2024-05-03 10:00:00","Y tu mamá también",DRAMA,"Alfonso Cuarón",2001,106,12,8.0
"2024-05-03 12:30:00","Lifeboat",DRAMA,"Alfred Hitchcock",1944,97,12,8.0
"2024-05-04 10:00:00","The Great Dictator",COMEDY,"Charles Chaplin",1940,125,12,8.5
"2024-05-04 13:00:00","City Lights",COMEDY,"Charles Chaplin",1931,87,0,8.5
"2024-05-04 15:00:00","Majo no takkyûbin",ANIMATION,"Hayao Miyazaki",1989,103,0,8.0
"2024-05-04 17:30:00","Tenkû no shiro Rapyuta",ANIMATION,"Hayao Miyazaki",1986,125,0,8.5
"2024-05-05 10:00:00","Bride of Frankenstein",DRAMA,"James Whale",1935,75,12,7.0
"2024-05-05 12:00:00","Bride of Frankenstein",DRAMA,"James Whale",1935,75,12,7.5
"2024-05-05 14:00:00","Majo no takkyûbin",ANIMATION,"Hayao Miyazaki",1989,103,0,8.5
"2024-05-06 10:00:00","Kôkaku Kidôtai",ANIMATION,"Mamoru Oshii",1995,83,12,6.5
"2024-05-07 10:00:00","Fiddler on the Roof",DRAMA,"Norman Jewison",1971,181,0,7.0
"2024-05-08 10:30:00","Forrest Gump",DRAMA,"Robert Zemeckis",1994,142,12,7.5
"2024-05-08 13:30:00","The Exorcist",HORROR,"William Friedkin",1973,122,12,7.0
"2024-05-08 16:30:00","Bride of Frankenstein",DRAMA,"James Whale",1935,75,12,6.5
"2024-05-09 10:30:00","On the Waterfront",CRIME,"Elia Kazan",1954,108,12,7.5
"2024-05-09 13:00:00","On the Waterfront",CRIME,"Elia Kazan",1954,108,12,6.5
"2024-05-09 15:30:00","Nueve reinas",CRIME,"Fabián Bielinsky",2000,114,16,8.0
"2024-05-10 10:30:00","Majo no takkyûbin",ANIMATION,"Hayao Miyazaki",1989,103,0,7.5
"2024-05-10 13:00:00","The Lady Vanishes",MYSTERY,"Alfred Hitchcock",1938,96,12,7.5
"2024-05-10 15:30:00","Young Frankenstein",COMEDY,"Mel Brooks",1974,106,12,8.0
"2024-05-11 10:00:00","Kramer vs. Kramer",DRAMA,"Robert Benton",1979,105,12,7.0
"2024-05-11 12:30:00","Delicatessen",COMEDY,"Marc Caro",1991,99,16,7.0
"2024-05-11 15:00:00","Young Frankenstein",COMEDY,"Mel Brooks",1974,106,12,7.0
"2024-05-12 10:00:00","Edward Scissorhands",DRAMA,"Tim Burton",1990,105,0,7.5
"2024-05-12 12:30:00","Tenkû no shiro Rapyuta",ANIMATION,"Hayao Miyazaki",1986,125,0,8.5
"2024-05-12 15:30:00","Jurassic Park",ACTION,"Steven Spielberg",1993,127,12,7.0
"2024-05-12 18:30:00","A Christmas Story",COMEDY,"Bob Clark",1983,93,0,9.5
"2024-05-13 10:30:00","A Christmas Story",COMEDY,"Bob Clark",1983,93,0,8.5
"2024-05-13 13:00:00","A Christmas Story",COMEDY,"Bob Clark",1983,93,0,8.0
"2024-05-13 15:30:00","All the President's Men",BIOGRAPHY,"Alan J. Pakula",1976,138,0,8.0
"2024-05-14 10:00:00","Bride of Frankenstein",DRAMA,"James Whale",1935,75,12,8.5
"2024-05-14 12:00:00","Naked",COMEDY,"Mike Leigh",1993,132,12,7.5
"2024-05-15 10:30:00","Naked",COMEDY,"Mike Leigh",1993,132,12,8.5
"2024-05-15 13:30:00","A Christmas Story",COMEDY,"Bob Clark",1983,93,0,8.5
"2024-05-15 16:00:00","Forrest Gump",DRAMA,"Robert Zemeckis",1994,142,12,8.5
"2024-05-16 10:00:00","The Taking of Pelham One Two Three",ACTION,"Joseph Sargent",1974,104,0,8.0
"2024-05-16 12:30:00","The Lord of the Rings: The Return of the King",ACTION,"Peter Jackson",2003,201,0,8.0
"2024-05-16 17:00:00","Forrest Gump",DRAMA,"Robert Zemeckis",1994,142,12,8.0
"2024-05-17 10:30:00","The Lord of the Rings: The Return of the King",ACTION,"Peter Jackson",2003,201,0,8.5
"2024-05-18 10:30:00","Belle de jour",DRAMA,"Luis Buñuel",1967,100,12,7.0
"2024-05-18 13:00:00","Kramer vs. Kramer",DRAMA,"Robert Benton",1979,105,12,7.0
"2024-05-18 15:30:00","The Taking of Pelham One Two Three",ACTION,"Joseph Sargent",1974,104,0,7.0
"2024-05-18 18:00:00","The Lord of the Rings: The Return of the King",ACTION,"Peter Jackson",2003,201,0,9.0
"2024-05-19 10:30:00","The Lion in Winter",BIOGRAPHY,"Anthony Harvey",1968,134,6,8.0
"2024-05-19 13:30:00","Touch of Evil",CRIME,"Orson Welles",1958,95,12,8.5
"2024-05-19 16:00:00","Naked",COMEDY,"Mike Leigh",1993,132,12,7.0
"2024-05-19 19:00:00","Finding Nemo",ANIMATION,"Andrew Stanton",2003,100,0,9.0
"2024-05-20 10:30:00","Touch of Evil",CRIME,"Orson Welles",1958,95,12,8.0
"2024-05-20 13:00:00","Trois couleurs: Rouge",DRAMA,"Krzysztof Kieslowski",1994,99,0,8.0
"2024-05-21 10:00:00","Fiddler on the Roof",DRAMA,"Norman Jewison",1971,181,0,7.5
"2024-05-21 14:00:00","All the President's Men",BIOGRAPHY,"Alan J. Pakula",1976,138,0,8.5
"2024-05-22 10:30:00","Fiddler on the Roof",DRAMA,"Norman Jewison",1971,181,0,7.0
"2024-05-22 14:30:00","A Christmas Story",COMEDY,"Bob Clark",1983,93,0,7.5
"2024-05-22 17:00:00","Le notti di Cabiria",DRAMA,"Federico Fellini",1957,110,12,6.5
"2024-05-23 10:30:00","Majo no takkyûbin",ANIMATION,"Hayao Miyazaki",1989,103,0,7.5
"2024-05-23 13:00:00","Trois couleurs: Rouge",DRAMA,"Krzysztof Kieslowski",1994,99,0,8.5
"2024-05-23 15:30:00","All the President's Men",BIOGRAPHY,"Alan J. Pakula",1976,138,0,8.0
"2024-05-24 10:30:00","Fiddler on the Roof",DRAMA,"Norman Jewison",1971,181,0,6.5
"2024-05-24 14:30:00","Y tu mamá también",DRAMA,"Alfonso Cuarón",2001,106,12,7.5
"2024-05-25 10:30:00","On the Waterfront",CRIME,"Elia Kazan",1954,108,12,6.5
"2024-05-25 13:00:00","Finding Nemo",ANIMATION,"Andrew Stanton",2003,100,0,6.5
"2024-05-25 15:30:00","Hera Pheri",ACTION,"Priyadarshan",2000,156,0,8.0
"2024-05-25 19:00:00","Short Cuts",COMEDY,"Robert Altman",1993,188,16,9.5
"2024-05-26 10:30:00","The Lion in Winter",BIOGRAPHY,"Anthony Harvey",1968,134,6,8.0
"2024-05-26 13:30:00","Fight Club",DRAMA,"David Fincher",1999,139,12,8.5
"2024-05-26 16:30:00","Forrest Gump",DRAMA,"Robert Zemeckis",1994,142,12,7.0
"2024-05-27 10:30:00","Finding Neverland",BIOGRAPHY,"Marc Forster",2004,106,0,6.5
"2024-05-28 10:00:00","Touch of Evil",CRIME,"Orson Welles",1958,95,12,8.0
"2024-05-28 12:30:00","Young Frankenstein",COMEDY,"Mel Brooks",1974,106,12,7.5
"2024-05-29 10:30:00","Forrest Gump",DRAMA,"Robert Zemeckis",1994,142,12,8.5
"2024-05-29 14:00:00","Finding Nemo",ANIMATION,"Andrew Stanton",2003,100,0,8.5
"2024-05-29 16:30:00","The Silence of the Lambs",CRIME,"Jonathan Demme",1991,118,12,6.5
"2024-05-30 10:30:00","Goldfinger",ACTION,"Guy Hamilton",1964,110,12,7.5
"2024-05-30 13:30:00","The Muppet Movie",ADVENTURE,"James Frawley",1979,95,0,8.5
"2024-05-31 10:00:00","The Best Years of Our Lives",DRAMA,"William Wyler",1946,170,12,8.0
"2024-05-31 13:30:00","The Night of the Hunter",CRIME,"Charles Laughton",1955,92,12,6.5
"2024-06-01 10:30:00","The Great Dictator",COMEDY,"Charles Chaplin",1940,125,12,7.0
"2024-06-01 13:30:00","The Night of the Hunter",CRIME,"Charles Laughton",1955,92,12,7.0
"2024-06-01 16:00:00","Kôkaku Kidôtai",ANIMATION,"Mamoru Oshii",1995,83,12,8.5
"2024-06-01 18:30:00","The Shop Around the Corner",COMEDY,"Ernst Lubitsch",1940,99,12,10.0
"2024-06-02 10:30:00","The Bourne Supremacy",ACTION,"Paul Greengrass",2004,108,12,8.5
"2024-06-02 13:00:00","The Shop Around the Corner",COMEDY,"Ernst Lubitsch",1940,99,12,7.5
"2024-06-02 15:30:00","The Lion in Winter",BIOGRAPHY,"Anthony Harvey",1968,134,6,8.5
"2024-06-03 10:30:00","Y tu mamá también",DRAMA,"Alfonso Cuarón",2001,106,12,6.5
"2024-06-03 13:00:00","Kramer vs. Kramer",DRAMA,"Robert Benton",1979,105,12,7.0
"2024-06-04 10:00:00","The Lion in Winter",BIOGRAPHY,"Anthony Harvey",1968,134,6,8.0
"2024-06-04 13:00:00","The Godfather",CRIME,"Francis Ford Coppola",1972,175,12,8.5
"2024-06-04 17:00:00","Hera Pheri",ACTION,"Priyadarshan",2000,156,0,8.5
"2024-06-05 10:30:00","Knockin' on Heaven's Door",ACTION,"Thomas Jahn",1997,87,12,8.0
"2024-06-05 13:00:00","Trois couleurs: Rouge",DRAMA,"Krzysztof Kieslowski",1994,99,0,8.0
"2024-06-06 10:00:00","The Shop Around the Corner",COMEDY,"Ernst Lubitsch",1940,99,12,6.5
"2024-06-06 12:30:00","Trois couleurs: Rouge",DRAMA,"Krzysztof Kieslowski",1994,99,0,8.0
"2024-06-06 15:00:00","Finding Nemo",ANIMATION,"Andrew Stanton",2003,100,0,7.0
"2024-06-07 10:00:00","The Shop Around the Corner",COMEDY,"Ernst Lubitsch",1940,99,12,7.5
"2024-06-07 12:30:00","The Bourne Supremacy",ACTION,"Paul Greengrass",2004,108,12,7.5
"2024-06-07 15:00:00","Rocky",DRAMA,"John G. Avildsen",1976,120,0,6.5
"2024-06-08 10:30:00","Rocky",DRAMA,"John G. Avildsen",1976,120,0,7.0
"2024-06-08 13:30:00","On the Waterfront",CRIME,"Elia Kazan",1954,108,12,8.0
"2024-06-08 16:00:00","Roman Holiday",COMEDY,"William Wyler",1953,118,12,6.5
"2024-06-09 10:30:00","Fargo",CRIME,"Joel Coen",1996,98,12,8.0
"2024-06-09 13:00:00","The Shop Around the Corner",COMEDY,"Ernst Lubitsch",1940,99,12,8.0
"2024-06-09 15:30:00","The Bourne Supremacy",ACTION,"Paul Greengrass",2004,108,12,7.0
"2024-06-10 10:00:00","Majo no takkyûbin",ANIMATION,"Hayao Miyazaki",1989,103,0,8.0
"2024-06-10 12:30:00","Fight Club",DRAMA,"David Fincher",1999,139,12,8.5
"2024-06-10 15:30:00","Knockin' on Heaven's Door",ACTION,"Thomas Jahn",1997,87,12,8.5
"2024-06-11 10:00:00","Knockin' on Heaven's Door",ACTION,"Thomas Jahn",1997,87,12,8.0
"2024-06-12 10:30:00","The Lord of the Rings: The Return of the King",ACTION,"Peter Jackson",2003,201,0,7.5
"2024-06-12 14:30:00","Au revoir les enfants",DRAMA,"Louis Malle",1987,104,0,6.5
"2024-06-12 17:00:00","Raiders of the Lost Ark",ACTION,"Steven Spielberg",1981,115,12,6.5
"2024-06-13 10:30:00","Il postino",BIOGRAPHY,"Michael Radford",1994,108,0,7.5
"2024-06-13 13:00:00","Roman Holiday",COMEDY,"William Wyler",1953,118,12,8.5
"2024-06-14 10:00:00","Rocky",DRAMA,"John G. Avildsen",1976,120,0,8.5
"2024-06-14 13:00:00","Finding Neverland",BIOGRAPHY,"Marc Forster",2004,106,0,7.0
"2024-06-15 10:00:00","Trois couleurs: Rouge",DRAMA,"Krzysztof Kieslowski",1994,99,0,8.0
"2024-06-15 12:30:00","Hera Pheri",ACTION,"Priyadarshan",2000,156,0,7.0
"2024-06-15 16:00:00","The Insider",BIOGRAPHY,"Michael Mann",1999,157,12,7.0
"2024-06-15 19:30:00","Knockin' on Heaven's Door",ACTION,"Thomas Jahn",1997,87,12,9.5
"2024-06-16 10:00:00","Dead Man's Shoes",CRIME,"Shane Meadows",2004,90,12,6.5
"2024-06-16 12:30:00","Forrest Gump",DRAMA,"Robert Zemeckis",1994,142,12,8.0
"2024-06-16 15:30:00","The Shop Around the Corner",COMEDY,"Ernst Lubitsch",1940,99,12,8.0
"2024-06-17 10:00:00","Belle de jour",DRAMA,"Luis Buñuel",1967,100,12,7.5
"2024-06-17 12:30:00","The Bourne Supremacy",ACTION,"Paul Greengrass",2004,108,12,8.0
"2024-06-18 10:30:00","Empire of the Sun",ACTION,"Steven Spielberg",1987,153,0,7.5
"2024-06-18 14:00:00","Hotel Rwanda",BIOGRAPHY,"Terry George",2004,121,12,7.0
"2024-06-18 17:00:00","Belle de jour",DRAMA,"Luis Buñuel",1967,100,12,7.0
"2024-06-19 10:30:00","The Muppet Movie",ADVENTURE,"James Frawley",1979,95,0,6.5
"2024-06-20 10:30:00","The Shop Around the Corner",COMEDY,"Ernst Lubitsch",1940,99,12,7.5
"2024-06-21 10:00:00","Eskiya",CRIME,"Yavuz Turgul",1996,128,12,6.5
"2024-06-21 13:00:00","Key Largo",ACTION,"John Huston",1948,100,12,8.5
"2024-06-22 10:30:00","The Manchurian Candidate",DRAMA,"John Frankenheimer",1962,126,12,8.5
"2024-06-22 13:30:00","The Shop Around the Corner",COMEDY,"Ernst Lubitsch",1940,99,12,7.0
"2024-06-22 16:00:00","A Clockwork Orange",CRIME,"Stanley Kubrick",1971,136,12,6.5
"2024-06-23 10:30:00","The Lord of the Rings: The Return of the King",ACTION,"Peter Jackson",2003,201,0,7.0
"2024-06-23 14:30:00","Key Largo",ACTION,"John Huston",1948,100,12,6.5
"2024-06-23 17:00:00","Roman Holiday",COMEDY,"William Wyler",1953,118,12,7.5
"2024-06-24 10:30:00","Belle de jour",DRAMA,"Luis Buñuel",1967,100,12,7.5
"2024-06-24 13:00:00","Belle de jour",DRAMA,"Luis Buñuel",1967,100,12,7.5
"2024-06-24 15:30:00","Dead Man's Shoes",CRIME,"Shane Meadows",2004,90,12,7.0
"2024-06-25 10:30:00","Harry Potter and the Prisoner of Azkaban",ADVENTURE,"Alfonso Cuarón",2004,142,0,8.5
"2024-06-26 10:30:00","Hotel Rwanda",BIOGRAPHY,"Terry George",2004,121,12,7.0
"2024-06-27 10:30:00","Star Wars: Episode V - The Empire Strikes Back",ACTION,"Irvin Kershner",1980,124,12,7.5
"2024-06-27 13:30:00","Roman Holiday",COMEDY,"William Wyler",1953,118,12,8.5
"2024-06-28 10:30:00","Knockin' on Heaven's Door",ACTION,"Thomas Jahn",1997,87,12,6.5
"2024-06-29 10:00:00","Le dîner de cons",COMEDY,"Francis Veber",1998,80,12,8.5
"2024-06-29 12:30:00","Y tu mamá también",DRAMA,"Alfonso Cuarón",2001,106,12,8.0
"2024-06-29 15:00:00","Festen",DRAMA,"Thomas Vinterberg",1998,105,16,7.0
"2024-06-30 10:30:00","Y tu mamá también",DRAMA,"Alfonso Cuarón",2001,106,12,8.5
"2024-06-30 13:00:00","Y tu mamá también",DRAMA,"Alfonso Cuarón",2001,106,12,8.0
"2024-06-30 15:30:00","Belle de jour",DRAMA,"Luis Buñuel",1967,100,12,8.0
"2024-07-01 10:30:00","Empire of the Sun",ACTION,"Steven Spielberg",1987,153,0,7.5
"2024-07-01 14:00:00","Hera Pheri",ACTION,"Priyadarshan",2000,156,0,7.5
"2024-07-02 10:00:00","The Godfather",CRIME,"Francis Ford Coppola",1972,175,12,7.0
"2024-07-02 13:30:00","Eskiya",CRIME,"Yavuz Turgul",1996,128,12,6.5
"2024-07-03 10:30:00","Det sjunde inseglet",DRAMA,"Ingmar Bergman",1957,96,12,7.0
"2024-07-03 13:00:00","Roman Holiday",COMEDY,"William Wyler",1953,118,12,8.0
"2024-07-04 10:00:00","Empire of the Sun",ACTION,"Steven Spielberg",1987,153,0,7.5
"2024-07-04 13:30:00","Star Wars: Episode V - The Empire Strikes Back",ACTION,"Irvin Kershner",1980,124,12,8.5
"2024-07-05 10:00:00","Rio Bravo",ACTION,"Howard Hawks",1959,141,12,8.0
"2024-07-05 13:00:00","The Man Who Would Be King",ADVENTURE,"John Huston",1975,129,6,7.0
"2024-07-06 10:30:00","Festen",DRAMA,"Thomas Vinterberg",1998,105,16,6.5
"2024-07-06 13:00:00","Fargo",CRIME,"Joel Coen",1996,98,12,8.5
"2024-07-06 15:30:00","Before Sunrise",DRAMA,"Richard Linklater",1995,101,16,7.5
"2024-07-06 18:00:00","Do lok tin si",COMEDY,"Kar-Wai Wong",1995,99,12,10.0
"2024-07-07 10:30:00","Harry Potter and the Prisoner of Azkaban",ADVENTURE,"Alfonso Cuarón",2004,142,0,7.0
"2024-07-07 13:30:00","Knockin' on Heaven's Door",ACTION,"Thomas Jahn",1997,87,12,7.0
"2024-07-07 16:00:00","Eskiya",CRIME,"Yavuz Turgul",1996,128,12,8.0
"2024-07-07 19:00:00","Le dîner de cons",COMEDY,"Francis Veber",1998,80,12,8.5
"2024-07-08 10:00:00","The Shining",DRAMA,"Stanley Kubrick",1980,146,12,8.5
"2024-07-09 10:00:00","Star Wars: Episode V - The Empire Strikes Back",ACTION,"Irvin Kershner",1980,124,12,7.5
"2024-07-10 10:00:00","Annie Hall",COMEDY,"Woody Allen",1977,93,12,6.5
"2024-07-10 12:30:00","Fargo",CRIME,"Joel Coen",1996,98,12,6.5
"2024-07-11 10:00:00","Il buono, il brutto, il cattivo",WESTERN,"Sergio Leone",1966,161,12,7.5
"2024-07-11 13:30:00","Key Largo",ACTION,"John Huston",1948,100,12,7.5
"2024-07-11 16:00:00","Hotel Rwanda",BIOGRAPHY,"Terry George",2004,121,12,7.0
"2024-07-12 10:00:00","Before Sunrise",DRAMA,"Richard Linklater",1995,101,16,7.5
"2024-07-12 12:30:00","Rio Bravo",ACTION,"Howard Hawks",1959,141,12,8.5
"2024-07-12 15:30:00","Empire of the Sun",ACTION,"Steven Spielberg",1987,153,0,8.5
"2024-07-13 10:00:00","Raiders of the Lost Ark",ACTION,"Steven Spielberg",1981,115,12,7.0
"2024-07-13 13:00:00","Le dîner de cons",COMEDY,"Francis Veber",1998,80,12,7.0
"2024-07-13 15:00:00","Star Wars: Episode V - The Empire Strikes Back",ACTION,"Irvin Kershner",1980,124,12,7.5
"2024-07-13 18:00:00","Nosferatu",FANTASY,"F.W. Murnau",1922,94,12,9.0
"2024-07-14 10:00:00","Annie Hall",COMEDY,"Woody Allen",1977,93,12,8.5
"2024-07-14 12:30:00","Festen",DRAMA,"Thomas Vinterberg",1998,105,16,8.0
"2024-07-14 15:00:00","Key Largo",ACTION,"John Huston",1948,100,12,8.5
"2024-07-14 17:30:00","Willy Wonka & the Chocolate Factory",FAMILY,"Mel Stuart",1971,100,0,8.0
"2024-07-15 10:30:00","Eskiya",CRIME,"Yavuz Turgul",1996,128,12,7.5
"2024-07-16 10:30:00","Magnolia",DRAMA,"Paul Thomas Anderson",1999,188,16,6.5
"2024-07-16 14:30:00","The Shining",DRAMA,"Stanley Kubrick",1980,146,12,8.0
"2024-07-17 10:00:00","The Bourne Identity",ACTION,"Doug Liman",2002,119,12,6.5
"2024-07-18 10:30:00","Rio Bravo",ACTION,"Howard Hawks",1959,141,12,7.5
"2024-07-18 14:00:00","Léon",ACTION,"Luc Besson",1994,110,12,7.5
"2024-07-19 10:30:00","Kôkaku Kidôtai",ANIMATION,"Mamoru Oshii",1995,83,12,6.5
"2024-07-19 12:30:00","Paper Moon",COMEDY,"Peter Bogdanovich",1973,102,0,8.5
"2024-07-19 15:00:00","Harry Potter and the Prisoner of Azkaban",ADVENTURE,"Alfonso Cuarón",2004,142,0,7.0
"2024-07-20 10:00:00","Kôkaku Kidôtai",ANIMATION,"Mamoru Oshii",1995,83,12,6.5
"2024-07-20 12:00:00","Knockin' on Heaven's Door",ACTION,"Thomas Jahn",1997,87,12,7.0
"2024-07-20 14:30:00","Kôkaku Kidôtai",ANIMATION,"Mamoru Oshii",1995,83,12,6.5
"2024-07-20 16:30:00","The Man Who Would Be King",ADVENTURE,"John Huston",1975,129,6,8.5
"2024-07-21 10:00:00","The Grapes of Wrath",DRAMA,"John Ford",1940,129,12,7.5
"2024-07-21 13:00:00","Y tu mamá también",DRAMA,"Alfonso Cuarón",2001,106,12,6.5
"2024-07-21 15:30:00","Magnolia",DRAMA,"Paul Thomas Anderson",1999,188,16,7.5
"2024-07-21 19:30:00","Il buono, il brutto, il cattivo",WESTERN,"Sergio Leone",1966,161,12,10.0
"2024-07-22 10:30:00","The Thin Man",COMEDY,"W.S. Van Dyke",1934,91,12,6.5
"2024-07-22 13:00:00","Le dîner de cons",COMEDY,"Francis Veber",1998,80,12,8.5
"2024-07-23 10:00:00","The Jungle Book",ANIMATION,"Wolfgang Reitherman",1967,78,0,6.5
"2024-07-23 12:00:00","Kôkaku Kidôtai",ANIMATION,"Mamoru Oshii",1995,83,12,6.5
"2024-07-24 10:00:00","Serpico",BIOGRAPHY,"Sidney Lumet",1973,130,12,8.5
"2024-07-24 13:00:00","Dilwale Dulhania Le Jayenge",DRAMA,"Aditya Chopra",1995,189,0,8.0
"2024-07-24 17:00:00","Badlands",ACTION,"Terrence Malick",1973,94,6,6.5
"2024-07-25 10:00:00","Nosferatu",FANTASY,"F.W. Murnau",1922,94,12,8.0
"2024-07-25 12:30:00","Dr. Strangelove or: How I Learned to Stop Worrying and Love the Bomb",COMEDY,"Stanley Kubrick",1964,95,12,8.0
"2024-07-26 10:00:00","Willy Wonka & the Chocolate Factory",FAMILY,"Mel Stuart",1971,100,0,7.0
"2024-07-26 12:30:00","Invasion of the Body Snatchers",DRAMA,"Don Siegel",1956,80,12,7.5
"2024-07-27 10:30:00","Willy Wonka & the Chocolate Factory",FAMILY,"Mel Stuart",1971,100,0,7.5
"2024-07-27 13:00:00","Dilwale Dulhania Le Jayenge",DRAMA,"Aditya Chopra",1995,189,0,7.5
"2024-07-27 17:00:00","Raiders of the Lost Ark",ACTION,"Steven Spielberg",1981,115,12,7.5
"2024-07-28 10:00:00","Léon",ACTION,"Luc Besson",1994,110,12,8.5
"2024-07-28 13:00:00","The Bourne Identity",ACTION,"Doug Liman",2002,119,12,6.5
"2024-07-28 16:00:00","Léon",ACTION,"Luc Besson",1994,110,12,7.5
"2024-07-28 18:30:00","Before Sunrise",DRAMA,"Richard Linklater",1995,101,16,10.0
"2024-07-29 10:00:00","Paper Moon",COMEDY,"Peter Bogdanovich",1973,102,0,7.0
"2024-07-30 10:30:00","Le dîner de cons",COMEDY,"Francis Veber",1998,80,12,8.0
"2024-07-30 12:30:00","Serpico",BIOGRAPHY,"Sidney Lumet",1973,130,12,8.5
"2024-07-30 15:30:00","Star Wars: Episode V - The Empire Strikes Back",ACTION,"Irvin Kershner",1980,124,12,8.5
"2024-07-31 10:30:00","The Odd Couple",COMEDY,"Gene Saks",1968,105,0,8.0
"2024-07-31 13:00:00","Before Sunrise",DRAMA,"Richard Linklater",1995,101,16,7.5
"2024-08-01 10:30:00","Monty Python and the Holy Grail",ADVENTURE,"Terry Gilliam",1975,91,6,7.0
"2024-08-02 10:30:00","Willy Wonka & the Chocolate Factory",FAMILY,"Mel Stuart",1971,100,0,6.5
"2024-08-02 13:00:00","Il buono, il brutto, il cattivo",WESTERN,"Sergio Leone",1966,161,12,8.0
"2024-08-03 10:30:00","Dilwale Dulhania Le Jayenge",DRAMA,"Aditya Chopra",1995,189,0,8.0
"2024-08-03 14:30:00","Festen",DRAMA,"Thomas Vinterberg",1998,105,16,6.5
"2024-08-03 17:00:00","Manhattan",COMEDY,"Woody Allen",1979,96,16,8.5
"2024-08-03 19:30:00","Cape Fear",DRAMA,"J. Lee Thompson",1962,106,12,9.5
"2024-08-04 10:00:00","Paper Moon",COMEDY,"Peter Bogdanovich",1973,102,0,7.5
"2024-08-04 12:30:00","Glengarry Glen Ross",CRIME,"James Foley",1992,100,16,7.0
"2024-08-04 15:00:00","Cape Fear",DRAMA,"J. Lee Thompson",1962,106,12,7.5
"2024-08-04 17:30:00","Det sjunde inseglet",DRAMA,"Ingmar Bergman",1957,96,12,7.0
"2024-08-05 10:00:00","Eskiya",CRIME,"Yavuz Turgul",1996,128,12,7.0
"2024-08-06 10:00:00","Anatomy of a Murder",CRIME,"Otto Preminger",1959,161,12,6.5
"2024-08-07 10:30:00","Festen",DRAMA,"Thomas Vinterberg",1998,105,16,6.5
"2024-08-07 13:00:00","Glengarry Glen Ross",CRIME,"James Foley",1992,100,16,6.5
"2024-08-07 15:30:00","Magnolia",DRAMA,"Paul Thomas Anderson",1999,188,16,7.5
"2024-08-08 10:30:00","Before Sunrise",DRAMA,"Richard Linklater",1995,101,16,6.5
"2024-08-08 13:00:00","The Man Who Would Be King",ADVENTURE,"John Huston",1975,129,6,8.5
"2024-08-08 16:00:00","Badlands",ACTION,"Terrence Malick",1973,94,6,7.0
"2024-08-09 10:30:00","Blood Simple",CRIME,"Joel Coen",1984,99,12,8.0
"2024-08-10 10:30:00","Glengarry Glen Ross",CRIME,"James Foley",1992,100,16,6.5
"2024-08-10 13:00:00","Cape Fear",DRAMA,"J. Lee Thompson",1962,106,12,7.0
"2024-08-10 16:00:00","Y tu mamá también",DRAMA,"Alfonso Cuarón",2001,106,12,8.5
"2024-08-10 18:30:00","Akira",ANIMATION,"Katsuhiro Ôtomo",1988,124,12,8.5
"2024-08-11 10:00:00","Glengarry Glen Ross",CRIME,"James Foley",1992,100,16,8.5
"2024-08-11 12:30:00","Dilwale Dulhania Le Jayenge",DRAMA,"Aditya Chopra",1995,189,0,7.5
"2024-08-11 16:30:00","Il buono, il brutto, il cattivo",WESTERN,"Sergio Leone",1966,161,12,7.5
"2024-08-11 20:00:00","Paper Moon",COMEDY,"Peter Bogdanovich",1973,102,0,10.0
"2024-08-12 10:00:00","Magnolia",DRAMA,"Paul Thomas Anderson",1999,188,16,8.0
"2024-08-13 10:00:00","Saw",HORROR,"James Wan",2004,103,12,8.5
"2024-08-14 10:00:00","Empire of the Sun",ACTION,"Steven Spielberg",1987,153,0,6.5
"2024-08-14 13:30:00","Manhattan",COMEDY,"Woody Allen",1979,96,16,8.5
"2024-08-15 10:30:00","Saw",HORROR,"James Wan",2004,103,12,7.5
"2024-08-15 13:00:00","Y tu mamá también",DRAMA,"Alfonso Cuarón",2001,106,12,7.0
"2024-08-16 10:30:00","Dilwale Dulhania Le Jayenge",DRAMA,"Aditya Chopra",1995,189,0,8.0
"2024-08-16 14:30:00","Cape Fear",DRAMA,"J. Lee Thompson",1962,106,12,7.5
"2024-08-16 17:00:00","The Grapes of Wrath",DRAMA,"John Ford",1940,129,12,8.5
"2024-08-17 10:30:00","Glory",BIOGRAPHY,"Edward Zwick",1989,122,16,7.5
"2024-08-17 13:30:00","The Grapes of Wrath",DRAMA,"John Ford",1940,129,12,8.5
"2024-08-17 16:30:00","Saw",HORROR,"James Wan",2004,103,12,8.5
"2024-08-18 10:00:00","Magnolia",DRAMA,"Paul Thomas Anderson",1999,188,16,6.5
"2024-08-18 14:00:00","Heat",CRIME,"Michael Mann",1995,170,12,8.5
"2024-08-18 18:00:00","The Odd Couple",COMEDY,"Gene Saks",1968,105,0,9.5
"2024-08-18 20:30:00","Anatomy of a Murder",CRIME,"Otto Preminger",1959,161,12,8.5
"2024-08-19 10:30:00","Back to the Future",ADVENTURE,"Robert Zemeckis",1985,116,0,7.0
"2024-08-19 13:30:00","Manhattan",COMEDY,"Woody Allen",1979,96,16,6.5
"2024-08-20 10:30:00","Saw",HORROR,"James Wan",2004,103,12,6.5
"2024-08-21 10:30:00","Akira",ANIMATION,"Katsuhiro Ôtomo",1988,124,12,8.5
"2024-08-22 10:00:00","Vozvrashchenie",DRAMA,"Andrey Zvyagintsev",2003,110,12,8.5
"2024-08-22 13:00:00","No Man's Land",COMEDY,"Danis Tanovic",2001,98,16,8.5
"2024-08-22 15:30:00","Monty Python and the Holy Grail",ADVENTURE,"Terry Gilliam",1975,91,6,7.0
"2024-08-23 10:30:00","Festen",DRAMA,"Thomas Vinterberg",1998,105,16,7.5
"2024-08-24 10:30:00","Saw",HORROR,"James Wan",2004,103,12,8.5
"2024-08-24 13:00:00","Before Sunrise",DRAMA,"Richard Linklater",1995,101,16,7.5
"2024-08-24 15:30:00","Hotel Rwanda",BIOGRAPHY,"Terry George",2004,121,12,8.0
"2024-08-24 18:30:00","Saw",HORROR,"James Wan",2004,103,12,10.0
"2024-08-25 10:30:00","Back to the Future",ADVENTURE,"Robert Zemeckis",1985,116,0,7.5
"2024-08-25 13:30:00","The Shop Around the Corner",COMEDY,"Ernst Lubitsch",1940,99,12,7.5
"2024-08-25 16:00:00","Back to the Future",ADVENTURE,"Robert Zemeckis",1985,116,0,7.0
"2024-08-25 18:30:00","Akira",ANIMATION,"Katsuhiro Ôtomo",1988,124,12,9.5
"2024-08-26 10:30:00","No Man's Land",COMEDY,"Danis Tanovic",2001,98,16,8.5
"2024-08-26 13:00:00","Paper Moon",COMEDY,"Peter Bogdanovich",1973,102,0,7.0
"2024-08-27 10:30:00","The Bourne Identity",ACTION,"Doug Liman",2002,119,12,8.0
"2024-08-27 13:30:00","Dr. Strangelove or: How I Learned to Stop Worrying and Love the Bomb",COMEDY,"Stanley Kubrick",1964,95,12,7.0
"2024-08-28 10:30:00","The Butterfly Effect",DRAMA,"Eric Bress",2004,113,0,6.5
"2024-08-28 13:30:00","The Red Shoes",DRAMA,"Michael Powell",1948,135,12,7.5
"2024-08-29 10:00:00","Heat",CRIME,"Michael Mann",1995,170,12,6.5
"2024-08-29 13:30:00","Heat",CRIME,"Michael Mann",1995,170,12,7.0
"2024-08-29 17:00:00","Akira",ANIMATION,"Katsuhiro Ôtomo",1988,124,12,6.5
"2024-08-30 10:00:00","Akira",ANIMATION,"Katsuhiro Ôtomo",1988,124,12,8.5
"2024-08-30 13:00:00","Empire of the Sun",ACTION,"Steven Spielberg",1987,153,0,8.5
"2024-08-30 16:30:00","Vozvrashchenie",DRAMA,"Andrey Zvyagintsev",2003,110,12,7.5
"2024-08-31 10:30:00","Glory",BIOGRAPHY,"Edward Zwick",1989,122,16,7.5
"2024-08-31 13:30:00","Akira",ANIMATION,"Katsuhiro Ôtomo",1988,124,12,8.5
"2024-08-31 16:30:00","Saw",HORROR,"James Wan",2004,103,12,8.0
"2024-09-01 10:30:00","Manhattan",COMEDY,"Woody Allen",1979,96,16,8.5
"2024-09-01 13:00:00","Dr. Strangelove or: How I Learned to Stop Worrying and Love the Bomb",COMEDY,"Stanley Kubrick",1964,95,12,8.0
"2024-09-01 15:30:00","Empire of the Sun",ACTION,"Steven Spielberg",1987,153,0,8.5
"2024-09-01 19:00:00","Saw",HORROR,"James Wan",2004,103,12,8.5
"2024-09-02 10:30:00","Midnight Express",BIOGRAPHY,"Alan Parker",1978,121,12,7.5
"2024-09-02 13:30:00","The Grapes of Wrath",DRAMA,"John Ford",1940,129,12,8.5
"2024-09-02 16:30:00","Monty Python and the Holy Grail",ADVENTURE,"Terry Gilliam",1975,91,6,8.0
"2024-09-03 10:00:00","Saw",HORROR,"James Wan",2004,103,12,7.5
"2024-09-03 12:30:00","Blood Simple",CRIME,"Joel Coen",1984,99,12,7.0
"2024-09-03 15:00:00","A Beautiful Mind",BIOGRAPHY,"Ron Howard",2001,135,12,6.5
"2024-09-04 10:30:00","Midnight Express",BIOGRAPHY,"Alan Parker",1978,121,12,6.5
"2024-09-05 10:30:00","Manhattan",COMEDY,"Woody Allen",1979,96,16,7.0
"2024-09-06 10:00:00","Glory",BIOGRAPHY,"Edward Zwick",1989,122,16,8.0
"2024-09-06 13:00:00","Blood Simple",CRIME,"Joel Coen",1984,99,12,7.5
"2024-09-06 15:30:00","Crimes and Misdemeanors",COMEDY,"Woody Allen",1989,104,12,8.5
"2024-09-07 10:00:00","Empire of the Sun",ACTION,"Steven Spielberg",1987,153,0,8.0
"2024-09-07 13:30:00","Monty Python and the Holy Grail",ADVENTURE,"Terry Gilliam",1975,91,6,7.5
"2024-09-07 16:00:00","Saw",HORROR,"James Wan",2004,103,12,6.5
"2024-09-07 18:30:00","Crimes and Misdemeanors",COMEDY,"Woody Allen",1989,104,12,9.5
"2024-09-08 10:00:00","Ace in the Hole",DRAMA,"Billy Wilder",1951,111,12,7.5
"2024-09-08 13:00:00","The Bourne Identity",ACTION,"Doug Liman",2002,119,12,7.0
"2024-09-08 16:00:00","Pulp Fiction",CRIME,"Quentin Tarantino",1994,154,12,8.5
"2024-09-09 10:00:00","Ace in the Hole",DRAMA,"Billy Wilder",1951,111,12,8.5
"2024-09-10 10:30:00","No Man's Land",COMEDY,"Danis Tanovic",2001,98,16,8.5
"2024-09-10 13:00:00","Modern Times",COMEDY,"Charles Chaplin",1936,87,0,7.0
"2024-09-11 10:30:00","Dr. Strangelove or: How I Learned to Stop Worrying and Love the Bomb",COMEDY,"Stanley Kubrick",1964,95,12,7.5
"2024-09-11 13:00:00","Glory",BIOGRAPHY,"Edward Zwick",1989,122,16,7.5
"2024-09-11 16:00:00","City Lights",COMEDY,"Charles Chaplin",1931,87,0,7.0
"2024-09-12 10:00:00","Crimes and Misdemeanors",COMEDY,"Woody Allen",1989,104,12,8.0
"2024-09-12 12:30:00","Back to the Future",ADVENTURE,"Robert Zemeckis",1985,116,0,6.5
"2024-09-13 10:00:00","After Hours",COMEDY,"Martin Scorsese",1985,97,12,8.0
"2024-09-13 12:30:00","The Grapes of Wrath",DRAMA,"John Ford",1940,129,12,8.0
"2024-09-13 15:30:00","Heat",CRIME,"Michael Mann",1995,170,12,7.0
"2024-09-14 10:30:00","The Shop Around the Corner",COMEDY,"Ernst Lubitsch",1940,99,12,8.5
"2024-09-14 13:00:00","Akira",ANIMATION,"Katsuhiro Ôtomo",1988,124,12,8.5
"2024-09-14 16:00:00","The Butterfly Effect",DRAMA,"Eric Bress",2004,113,0,8.5
"2024-09-14 18:30:00","Vozvrashchenie",DRAMA,"Andrey Zvyagintsev",2003,110,12,10.0
"2024-09-15 10:30:00","Pulp Fiction",CRIME,"Quentin Tarantino",1994,154,12,7.0
"2024-09-15 14:00:00","Vozvrashchenie",DRAMA,"Andrey Zvyagintsev",2003,110,12,7.0
"2024-09-15 17:00:00","Viskningar och rop",DRAMA,"Ingmar Bergman",1972,91,12,7.5
"2024-09-15 19:30:00","Heat",CRIME,"Michael Mann",1995,170,12,9.5
"2024-09-16 10:30:00","Midnight Express",BIOGRAPHY,"Alan Parker",1978,121,12,7.5
"2024-09-16 13:30:00","Kaze no tani no Naushika",ANIMATION,"Hayao Miyazaki",1984,117,0,8.5
"2024-09-16 16:00:00","The Shop Around the Corner",COMEDY,"Ernst Lubitsch",1940,99,12,8.0
"2024-09-17 10:00:00","The Goonies",ADVENTURE,"Richard Donner",1985,114,0,7.5
"2024-09-17 13:00:00","Star Trek II: The Wrath of Khan",ACTION,"Nicholas Meyer",1982,113,0,8.5
"2024-09-18 10:00:00","Gilda",DRAMA,"Charles Vidor",1946,110,12,6.5
"2024-09-19 10:00:00","Saw",HORROR,"James Wan",2004,103,12,8.0
"2024-09-19 12:30:00","Dog Day Afternoon",BIOGRAPHY,"Sidney Lumet",1975,125,0,7.5
"2024-09-20 10:00:00","Enter the Dragon",ACTION,"Robert Clouse",1973,102,12,7.0
"2024-09-20 12:30:00","The Lord of the Rings: The Fellowship of the Ring",ACTION,"Peter Jackson",2001,178,0,6.5
"2024-09-21 10:30:00","Kaze no tani no Naushika",ANIMATION,"Hayao Miyazaki",1984,117,0,8.5
"2024-09-21 13:00:00","Seppuku",ACTION,"Masaki Kobayashi",1962,133,12,8.5
"2024-09-21 16:00:00","Star Trek II: The Wrath of Khan",ACTION,"Nicholas Meyer",1982,113,0,7.0
"2024-09-22 10:30:00","The Goonies",ADVENTURE,"Richard Donner",1985,114,0,8.0
"2024-09-22 13:00:00","The Bourne Supremacy",ACTION,"Paul Greengrass",2004,108,12,8.5
"2024-09-22 16:00:00","The Goonies",ADVENTURE,"Richard Donner",1985,114,0,6.5
"2024-09-22 19:00:00","The Grapes of Wrath",DRAMA,"John Ford",1940,129,12,10.0
"2024-09-23 10:30:00","Pulp Fiction",CRIME,"Quentin Tarantino",1994,154,12,8.5
"2024-09-23 14:00:00","Lethal Weapon",ACTION,"Richard Donner",1987,109,12,6.5
"2024-09-23 16:30:00","After Hours",COMEDY,"Martin Scorsese",1985,97,12,8.5
"2024-09-24 10:30:00","The Butterfly Effect",DRAMA,"Eric Bress",2004,113,0,8.0
"2024-09-25 10:00:00","Crimes and Misdemeanors",COMEDY,"Woody Allen",1989,104,12,8.5
"2024-09-26 10:30:00","Midnight Express",BIOGRAPHY,"Alan Parker",1978,121,12,8.5
"2024-09-27 10:00:00","Dog Day Afternoon",BIOGRAPHY,"Sidney Lumet",1975,125,0,6.5
"2024-09-27 13:00:00","Seppuku",ACTION,"Masaki Kobayashi",1962,133,12,8.0
"2024-09-27 16:00:00","City Lights",COMEDY,"Charles Chaplin",1931,87,0,7.5
"2024-09-28 10:30:00","It's a Wonderful Life",DRAMA,"Frank Capra",1946,130,6,8.0
"2024-09-28 13:30:00","No Man's Land",COMEDY,"Danis Tanovic",2001,98,16,7.0
"2024-09-28 16:00:00","Le samouraï",CRIME,"Jean-Pierre Melville",1967,105,12,8.0
"2024-09-28 18:30:00","Enter the Dragon",ACTION,"Robert Clouse",1973,102,12,10.0
"2024-09-29 10:00:00","Kaze no tani no Naushika",ANIMATION,"Hayao Miyazaki",1984,117,0,8.5
"2024-09-29 13:00:00","Almost Famous",ADVENTURE,"Cameron Crowe",2000,122,12,6.5
"2024-09-29 16:00:00","Le samouraï",CRIME,"Jean-Pierre Melville",1967,105,12,6.5
"2024-09-29 18:30:00","Dog Day Afternoon",BIOGRAPHY,"Sidney Lumet",1975,125,0,9.0
"2024-09-30 10:00:00","The Butterfly Effect",DRAMA,"Eric Bress",2004,113,0,8.0
"2024-09-30 13:00:00","The Shop Around the Corner",COMEDY,"Ernst Lubitsch",1940,99,12,8.5
"2024-09-30 15:30:00","Ace in the Hole",DRAMA,"Billy Wilder",1951,111,12,8.0
"2024-10-01 10:00:00","Majo no takkyûbin",ANIMATION,"Hayao Miyazaki",1989,103,0,7.5
"2024-10-01 12:30:00","Pulp Fiction",CRIME,"Quentin Tarantino",1994,154,12,7.0
"2024-10-02 10:00:00","Amarcord",COMEDY,"Federico Fellini",1973,123,16,7.0
"2024-10-03 10:30:00","The Lord of the Rings: The Fellowship of the Ring",ACTION,"Peter Jackson",2001,178,0,6.5
"2024-10-03 14:30:00","Airplane!",COMEDY,"Jim Abrahams",1980,88,0,7.0
"2024-10-03 16:30:00","Almost Famous",ADVENTURE,"Cameron Crowe",2000,122,12,7.5
"2024-10-04 10:00:00","Stand by Me",ADVENTURE,"Rob Reiner",1986,89,0,6.5
"2024-10-05 10:00:00","Out of the Past",CRIME,"Jacques Tourneur",1947,97,12,7.5
"2024-10-05 12:30:00","Out of the Past",CRIME,"Jacques Tourneur",1947,97,12,8.5
"2024-10-05 15:00:00","After Hours",COMEDY,"Martin Scorsese",1985,97,12,7.0
"2024-10-05 17:30:00","Gilda",DRAMA,"Charles Vidor",1946,110,12,7.0
"2024-10-06 10:00:00","Airplane!",COMEDY,"Jim Abrahams",1980,88,0,8.0
"2024-10-06 12:30:00","Lethal Weapon",ACTION,"Richard Donner",1987,109,12,7.0
"2024-10-06 15:00:00","Idi i smotri",DRAMA,"Elem Klimov",1985,142,12,7.0
"2024-10-06 18:30:00","Viskningar och rop",DRAMA,"Ingmar Bergman",1972,91,12,10.0
"2024-10-07 10:30:00","Sen to Chihiro no kamikakushi",ANIMATION,"Hayao Miyazaki",2001,125,0,8.0
"2024-10-08 10:00:00","Lethal Weapon",ACTION,"Richard Donner",1987,109,12,7.5
"2024-10-08 12:30:00","The Bourne Supremacy",ACTION,"Paul Greengrass",2004,108,12,7.0
"2024-10-09 10:30:00","The Goonies",ADVENTURE,"Richard Donner",1985,114,0,6.5
"2024-10-09 13:30:00","The Thin Man",COMEDY,"W.S. Van Dyke",1934,91,12,7.5
"2024-10-10 10:00:00","Fight Club",DRAMA,"David Fincher",1999,139,12,8.5
"2024-10-10 13:30:00","Scent of a Woman",DRAMA,"Martin Brest",1992,156,12,7.5
"2024-10-11 10:30:00","Les triplettes de Belleville",ANIMATION,"Sylvain Chomet",2003,80,12,8.5
"2024-10-12 10:30:00","The Thin Man",COMEDY,"W.S. Van Dyke",1934,91,12,7.5
"2024-10-12 13:00:00","Before Sunset",DRAMA,"Richard Linklater",2004,80,16,6.5
"2024-10-12 15:30:00","City Lights",COMEDY,"Charles Chaplin",1931,87,0,8.0
"2024-10-12 17:30:00","E.T. the Extra-Terrestrial",FAMILY,"Steven Spielberg",1982,115,0,7.0
"2024-10-13 10:30:00","The Butterfly Effect",DRAMA,"Eric Bress",2004,113,0,6.5
"2024-10-13 13:30:00","Lethal Weapon",ACTION,"Richard Donner",1987,109,12,8.0
"2024-10-13 16:00:00","Gilda",DRAMA,"Charles Vidor",1946,110,12,7.5
"2024-10-13 18:30:00","Airplane!",COMEDY,"Jim Abrahams",1980,88,0,9.5
"2024-10-14 10:30:00","Fitzcarraldo",ADVENTURE,"Werner Herzog",1982,158,16,8.0
"2024-10-14 14:00:00","Il conformista",DRAMA,"Bernardo Bertolucci",1970,113,12,8.0
"2024-10-15 10:30:00","Idi i smotri",DRAMA,"Elem Klimov",1985,142,12,8.5
"2024-10-15 13:30:00","Raging Bull",BIOGRAPHY,"Martin Scorsese",1980,129,12,8.0
"2024-10-16 10:30:00","Seppuku",ACTION,"Masaki Kobayashi",1962,133,12,6.5
"2024-10-17 10:30:00","It's a Wonderful Life",DRAMA,"Frank Capra",1946,130,6,7.5
"2024-10-17 13:30:00","E.T. the Extra-Terrestrial",FAMILY,"Steven Spielberg",1982,115,0,6.5
"2024-10-17 16:30:00","E.T. the Extra-Terrestrial",FAMILY,"Steven Spielberg",1982,115,0,7.5
"2024-10-18 10:00:00","Dog Day Afternoon",BIOGRAPHY,"Sidney Lumet",1975,125,0,6.5
"2024-10-18 13:00:00","E.T. the Extra-Terrestrial",FAMILY,"Steven Spielberg",1982,115,0,7.5
"2024-10-18 16:00:00","Fight Club",DRAMA,"David Fincher",1999,139,12,7.5
"2024-10-19 10:30:00","Scent of a Woman",DRAMA,"Martin Brest",1992,156,12,7.5
"2024-10-19 14:00:00","Pulp Fiction",CRIME,"Quentin Tarantino",1994,154,12,8.0
"2024-10-19 17:30:00","Les triplettes de Belleville",ANIMATION,"Sylvain Chomet",2003,80,12,6.5
"2024-10-20 10:00:00","All Quiet on the Western Front",DRAMA,"Lewis Milestone",1930,152,0,8.5
"2024-10-20 13:30:00","Diarios de motocicleta",ADVENTURE,"Walter Salles",2004,126,0,7.5
"2024-10-20 16:30:00","The Butterfly Effect",DRAMA,"Eric Bress",2004,113,0,6.5
"2024-10-21 10:00:00","Out of the Past",CRIME,"Jacques Tourneur",1947,97,12,8.0
"2024-10-21 12:30:00","Le samouraï",CRIME,"Jean-Pierre Melville",1967,105,12,7.5
"2024-10-22 10:30:00","E.T. the Extra-Terrestrial",FAMILY,"Steven Spielberg",1982,115,0,7.5
"2024-10-22 13:00:00","Akira",ANIMATION,"Katsuhiro Ôtomo",1988,124,12,7.5
"2024-10-23 10:00:00","Sen to Chihiro no kamikakushi",ANIMATION,"Hayao Miyazaki",2001,125,0,8.5
"2024-10-23 13:00:00","Kaze no tani no Naushika",ANIMATION,"Hayao Miyazaki",1984,117,0,8.0
"2024-10-24 10:00:00","Hamlet",DRAMA,"Kenneth Branagh",1996,242,12,7.5
"2024-10-24 15:00:00","Airplane!",COMEDY,"Jim Abrahams",1980,88,0,8.0
"2024-10-24 17:30:00","Akira",ANIMATION,"Katsuhiro Ôtomo",1988,124,12,7.0
"2024-10-25 10:00:00","Abre los ojos",DRAMA,"Alejandro Amenábar",1997,119,0,8.0
"2024-10-25 13:00:00","Almost Famous",ADVENTURE,"Cameron Crowe",2000,122,12,8.0
"2024-10-26 10:00:00","Aguirre, der Zorn Gottes",ACTION,"Werner Herzog",1972,95,12,7.0
"2024-10-26 12:30:00","Alien",HORROR,"Ridley Scott",1979,117,16,7.0
"2024-10-26 15:30:00","La vita è bella",COMEDY,"Roberto Benigni",1997,116,0,8.0
"2024-10-27 10:30:00","Almost Famous",ADVENTURE,"Cameron Crowe",2000,122,12,7.0
"2024-10-27 13:30:00","All Quiet on the Western Front",DRAMA,"Lewis Milestone",1930,152,0,8.0
"2024-10-27 17:00:00","E.T. the Extra-Terrestrial",FAMILY,"Steven Spielberg",1982,115,0,7.0
"2024-10-28 10:30:00","Stand by Me",ADVENTURE,"Rob Reiner",1986,89,0,7.0
"2024-10-28 13:00:00","Stand by Me",ADVENTURE,"Rob Reiner",1986,89,0,7.0
"2024-10-28 15:30:00","Fight Club",DRAMA,"David Fincher",1999,139,12,7.5
"2024-10-29 10:00:00","Les triplettes de Belleville",ANIMATION,"Sylvain Chomet",2003,80,12,6.5
"2024-10-29 12:00:00","Seppuku",ACTION,"Masaki Kobayashi",1962,133,12,7.5
"2024-10-29 15:00:00","E.T. the Extra-Terrestrial",FAMILY,"Steven Spielberg",1982,115,0,6.5
"2024-10-30 10:00:00","Almost Famous",ADVENTURE,"Cameron Crowe",2000,122,12,8.5
"2024-10-31 10:30:00","Star Trek II: The Wrath of Khan",ACTION,"Nicholas Meyer",1982,113,0,7.5
"2024-10-31 13:00:00","E.T. the Extra-Terrestrial",FAMILY,"Steven Spielberg",1982,115,0,7.0
"2024-10-31 16:00:00","Il conformista",DRAMA,"Bernardo Bertolucci",1970,113,12,7.0
"2024-11-01 10:00:00","Dip huet seung hung",ACTION,"John Woo",1989,111,16,7.5
"2024-11-02 10:30:00","Dip huet seung hung",ACTION,"John Woo",1989,111,16,7.5
"2024-11-02 13:00:00","Majo no takkyûbin",ANIMATION,"Hayao Miyazaki",1989,103,0,8.0
"2024-11-02 15:30:00","The Sound of Music",BIOGRAPHY,"Robert Wise",1965,172,0,6.5
"2024-11-03 10:30:00","E.T. the Extra-Terrestrial",FAMILY,"Steven Spielberg",1982,115,0,7.5
"2024-11-03 13:30:00","Il conformista",DRAMA,"Bernardo Bertolucci",1970,113,12,6.5
"2024-11-03 16:00:00","Stand by Me",ADVENTURE,"Rob Reiner",1986,89,0,8.5
"2024-11-03 18:00:00","Diarios de motocicleta",ADVENTURE,"Walter Salles",2004,126,0,9.5
"2024-11-04 10:30:00","Amarcord",COMEDY,"Federico Fellini",1973,123,16,7.5
"2024-11-04 13:30:00","Out of the Past",CRIME,"Jacques Tourneur",1947,97,12,7.0
"2024-11-05 10:30:00","Stand by Me",ADVENTURE,"Rob Reiner",1986,89,0,7.5
"2024-11-06 10:00:00","Underground",COMEDY,"Emir Kusturica",1995,170,12,8.0
"2024-11-06 13:30:00","Alien",HORROR,"Ridley Scott",1979,117,16,8.5
"2024-11-07 10:30:00","Diarios de motocicleta",ADVENTURE,"Walter Salles",2004,126,0,7.5
"2024-11-07 13:30:00","Almost Famous",ADVENTURE,"Cameron Crowe",2000,122,12,7.0
"2024-11-07 16:30:00","Jeux d'enfants",COMEDY,"Yann Samuell",2003,93,16,8.5
"2024-11-08 10:00:00","Alien",HORROR,"Ridley Scott",1979,117,16,8.5
"2024-11-08 13:00:00","Scent of a Woman",DRAMA,"Martin Brest",1992,156,12,7.0
"2024-11-09 10:30:00","Abre los ojos",DRAMA,"Alejandro Amenábar",1997,119,0,6.5
"2024-11-09 13:30:00","Alien",HORROR,"Ridley Scott",1979,117,16,8.5
"2024-11-09 16:00:00","Akira",ANIMATION,"Katsuhiro Ôtomo",1988,124,12,8.0
"2024-11-09 19:00:00","Diarios de motocicleta",ADVENTURE,"Walter Salles",2004,126,0,9.5
"2024-11-10 10:00:00","Scent of a Woman",DRAMA,"Martin Brest",1992,156,12,8.0
"2024-11-10 13:30:00","The Sound of Music",BIOGRAPHY,"Robert Wise",1965,172,0,7.0
"2024-11-10 17:30:00","Hable con ella",DRAMA,"Pedro Almodóvar",2002,112,16,8.5
"2024-11-11 10:30:00","The Thin Man",COMEDY,"W.S. Van Dyke",1934,91,12,7.0
"2024-11-12 10:00:00","Sen to Chihiro no kamikakushi",ANIMATION,"Hayao Miyazaki",2001,125,0,7.0
"2024-11-12 13:00:00","E.T. the Extra-Terrestrial",FAMILY,"Steven Spielberg",1982,115,0,7.5
"2024-11-13 10:00:00","Aguirre, der Zorn Gottes",ACTION,"Werner Herzog",1972,95,12,6.5
"2024-11-13 12:30:00","The Last Samurai",ACTION,"Edward Zwick",2003,154,12,7.5
"2024-11-13 16:00:00","Jeux d'enfants",COMEDY,"Yann Samuell",2003,93,16,7.5
"2024-11-14 10:30:00","Evil Dead II",ACTION,"Sam Raimi",1987,84,12,8.0
"2024-11-14 13:00:00","Midnight Cowboy",DRAMA,"John Schlesinger",1969,113,12,7.5
"2024-11-15 10:30:00","Mulan",ANIMATION,"Tony Bancroft",1998,88,0,7.5
"2024-11-16 10:30:00","The Sound of Music",BIOGRAPHY,"Robert Wise",1965,172,0,8.0
"2024-11-16 14:00:00","Snatch",COMEDY,"Guy Ritchie",2000,104,12,8.5
"2024-11-16 16:30:00","Scent of a Woman",DRAMA,"Martin Brest",1992,156,12,8.0
"2024-11-17 10:30:00","La vita è bella",COMEDY,"Roberto Benigni",1997,116,0,8.0
"2024-11-17 13:30:00","Crash",CRIME,"Paul Haggis",2004,112,12,6.5
"2024-11-17 16:00:00","Evil Dead II",ACTION,"Sam Raimi",1987,84,12,8.5
"2024-11-18 10:00:00","Fight Club",DRAMA,"David Fincher",1999,139,12,8.5
"2024-11-18 13:00:00","The Outlaw Josey Wales",WESTERN,"Clint Eastwood",1976,135,12,8.5
"2024-11-19 10:30:00","Snatch",COMEDY,"Guy Ritchie",2000,104,12,8.0
"2024-11-20 10:00:00","Underground",COMEDY,"Emir Kusturica",1995,170,12,7.5
"2024-11-20 14:00:00","Fight Club",DRAMA,"David Fincher",1999,139,12,7.0
"2024-11-21 10:00:00","Alien",HORROR,"Ridley Scott",1979,117,16,6.5
"2024-11-22 10:30:00","Eternal Sunshine of the Spotless Mind",DRAMA,"Michel Gondry",2004,108,12,8.0
"2024-11-22 13:00:00","Dial M for Murder",CRIME,"Alfred Hitchcock",1954,105,12,8.0
"2024-11-23 10:30:00","Fight Club",DRAMA,"David Fincher",1999,139,12,8.5
"2024-11-23 13:30:00","Mulan",ANIMATION,"Tony Bancroft",1998,88,0,8.0
"2024-11-23 16:00:00","The Others",HORROR,"Alejandro Amenábar",2001,101,12,8.5
"2024-11-24 10:00:00","E.T. the Extra-Terrestrial",FAMILY,"Steven Spielberg",1982,115,0,8.0
"2024-11-24 13:00:00","Il postino",BIOGRAPHY,"Michael Radford",1994,108,0,8.5
"2024-11-24 15:30:00","Aguirre, der Zorn Gottes",ACTION,"Werner Herzog",1972,95,12,7.5
"2024-11-24 18:00:00","Fight Club",DRAMA,"David Fincher",1999,139,12,10.0
"2024-11-25 10:00:00","The Last Samurai",ACTION,"Edward Zwick",2003,154,12,8.5
"2024-11-26 10:00:00","The Kid",COMEDY,"Charles Chaplin",1921,68,12,7.5
"2024-11-27 10:00:00","American Psycho",COMEDY,"Mary Harron",2000,101,12,7.5
"2024-11-28 10:00:00","La vita è bella",COMEDY,"Roberto Benigni",1997,116,0,8.0
"2024-11-28 13:00:00","Ying xiong",ACTION,"Yimou Zhang",2002,120,12,8.5
"2024-11-29 10:30:00","Mulan",ANIMATION,"Tony Bancroft",1998,88,0,8.5
"2024-11-29 13:00:00","Snatch",COMEDY,"Guy Ritchie",2000,104,12,8.5
"2024-11-29 15:30:00","Alien",HORROR,"Ridley Scott",1979,117,16,8.0
"2024-11-30 10:00:00","The Night of the Hunter",CRIME,"Charles Laughton",1955,92,12,7.5
"2024-11-30 12:30:00","Il postino",BIOGRAPHY,"Michael Radford",1994,108,0,8.0
"2024-11-30 15:00:00","The 39 Steps",CRIME,"Alfred Hitchcock",1935,86,12,8.0
"2024-11-30 17:30:00","Dial M for Murder",CRIME,"Alfred Hitchcock",1954,105,12,8.0
"2024-12-01 10:00:00","The Night of the Hunter",CRIME,"Charles Laughton",1955,92,12,7.0
"2024-12-01 12:30:00","Ying xiong",ACTION,"Yimou Zhang",2002,120,12,8.5
"2024-12-01 15:30:00","The Night of the Hunter",CRIME,"Charles Laughton",1955,92,12,7.5
"2024-12-01 18:00:00","American Psycho",COMEDY,"Mary Harron",2000,101,12,9.5
"2024-12-02 10:30:00","Dial M for Murder",CRIME,"Alfred Hitchcock",1954,105,12,8.5
"2024-12-02 13:00:00","The Night of the Hunter",CRIME,"Charles Laughton",1955,92,12,6.5
"2024-12-03 10:00:00","Ying xiong",ACTION,"Yimou Zhang",2002,120,12,6.5
"2024-12-03 13:00:00","Blade Runner",ACTION,"Ridley Scott",1982,117,12,8.0
"2024-12-04 10:00:00","Harry Potter and the Prisoner of Azkaban",ADVENTURE,"Alfonso Cuarón",2004,142,0,7.0
"2024-12-05 10:30:00","Mulan",ANIMATION,"Tony Bancroft",1998,88,0,8.5
"2024-12-06 10:30:00","Il postino",BIOGRAPHY,"Michael Radford",1994,108,0,6.5
"2024-12-06 13:00:00","Das Boot",ADVENTURE,"Wolfgang Petersen",1981,149,16,7.5
"2024-12-07 10:30:00","Il postino",BIOGRAPHY,"Michael Radford",1994,108,0,7.0
"2024-12-07 13:00:00","Boyz n the Hood",CRIME,"John Singleton",1991,112,12,7.5
"2024-12-07 16:00:00","Das Boot",ADVENTURE,"Wolfgang Petersen",1981,149,16,8.0
"2024-12-08 10:30:00","Midnight Cowboy",DRAMA,"John Schlesinger",1969,113,12,6.5
"2024-12-08 13:30:00","Blade Runner",ACTION,"Ridley Scott",1982,117,12,8.0
"2024-12-08 16:30:00","Ying xiong",ACTION,"Yimou Zhang",2002,120,12,6.5
"2024-12-09 10:30:00","Midnight Cowboy",DRAMA,"John Schlesinger",1969,113,12,8.0
"2024-12-09 13:30:00","Die Hard",ACTION,"John McTiernan",1988,132,12,7.0
"2024-12-10 10:30:00","Lola rennt",CRIME,"Tom Tykwer",1998,81,12,6.5
"2024-12-10 13:00:00","Le samouraï",CRIME,"Jean-Pierre Melville",1967,105,12,7.5
"2024-12-11 10:00:00","Midnight Cowboy",DRAMA,"John Schlesinger",1969,113,12,7.5
"2024-12-11 12:30:00","Il postino",BIOGRAPHY,"Michael Radford",1994,108,0,8.5
"2024-12-11 15:00:00","The Night of the Hunter",CRIME,"Charles Laughton",1955,92,12,8.5
"2024-12-12 10:00:00","The Outlaw Josey Wales",WESTERN,"Clint Eastwood",1976,135,12,7.5
"2024-12-13 10:00:00","Snatch",COMEDY,"Guy Ritchie",2000,104,12,7.0
"2024-12-14 10:30:00","Jeux d'enfants",COMEDY,"Yann Samuell",2003,93,16,7.0
"2024-12-14 13:00:00","Harry Potter and the Prisoner of Azkaban",ADVENTURE,"Alfonso Cuarón",2004,142,0,7.0
"2024-12-14 16:00:00","The Others",HORROR,"Alejandro Amenábar",2001,101,12,6.5
"2024-12-15 10:00:00","Lola rennt",CRIME,"Tom Tykwer",1998,81,12,7.0
"2024-12-15 12:30:00","The Outlaw Josey Wales",WESTERN,"Clint Eastwood",1976,135,12,8.0
"2024-12-15 15:30:00","Snatch",COMEDY,"Guy Ritchie",2000,104,12,8.0
"2024-12-16 10:00:00","The Wild Bunch",ACTION,"Sam Peckinpah",1969,145,12,8.5
"2024-12-16 13:00:00","Eternal Sunshine of the Spotless Mind",DRAMA,"Michel Gondry",2004,108,12,6.5
"2024-12-17 10:00:00","City Lights",COMEDY,"Charles Chaplin",1931,87,0,6.5
"2024-12-18 10:00:00","The Others",HORROR,"Alejandro Amenábar",2001,101,12,8.0
"2024-12-19 10:00:00","Dog Day Afternoon",BIOGRAPHY,"Sidney Lumet",1975,125,0,7.0
"2024-12-19 13:00:00","Finding Nemo",ANIMATION,"Andrew Stanton",2003,100,0,7.0
"2024-12-20 10:30:00","Die Hard",ACTION,"John McTiernan",1988,132,12,7.0
"2024-12-20 13:30:00","Freaks",DRAMA,"Tod Browning",1932,64,12,8.0
"2024-12-20 15:30:00","The Night of the Hunter",CRIME,"Charles Laughton",1955,92,12,8.5
"2024-12-21 10:00:00","Gongdong gyeongbi guyeok JSA",ACTION,"Chan-wook Park",2000,110,12,7.0
"2024-12-21 12:30:00","City Lights",COMEDY,"Charles Chaplin",1931,87,0,8.5
"2024-12-21 15:00:00","All About Eve",DRAMA,"Joseph L. Mankiewicz",1950,138,12,6.5
"2024-12-21 18:30:00","In the Name of the Father",BIOGRAPHY,"Jim Sheridan",1993,133,12,10.0
"2024-12-22 10:30:00","Il postino",BIOGRAPHY,"Michael Radford",1994,108,0,7.5
"2024-12-22 13:00:00","The Others",HORROR,"Alejandro Amenábar",2001,101,12,7.0
"2024-12-22 15:30:00","Anatomy of a Murder",CRIME,"Otto Preminger",1959,161,12,8.5
"2024-12-23 10:00:00","American Psycho",COMEDY,"Mary Harron",2000,101,12,7.0
"2024-12-24 10:00:00","City Lights",COMEDY,"Charles Chaplin",1931,87,0,7.0
"2024-12-24 12:30:00","Die Hard",ACTION,"John McTiernan",1988,132,12,8.5
"2024-12-24 15:30:00","Jeux d'enfants",COMEDY,"Yann Samuell",2003,93,16,8.5
"2024-12-25 10:30:00","Blade Runner",ACTION,"Ridley Scott",1982,117,12,8.5
"2024-12-25 13:00:00","Eternal Sunshine of the Spotless Mind",DRAMA,"Michel Gondry",2004,108,12,8.5
"2024-12-25 15:30:00","Finding Nemo",ANIMATION,"Andrew Stanton",2003,100,0,6.5
"2024-12-26 10:00:00","The Thin Man",COMEDY,"W.S. Van Dyke",1934,91,12,6.5
"2024-12-26 12:30:00","Das Boot",ADVENTURE,"Wolfgang Petersen",1981,149,16,7.0
"2024-12-26 16:00:00","Midnight Cowboy",DRAMA,"John Schlesinger",1969,113,12,7.5
"2024-12-27 10:30:00","Le samouraï",CRIME,"Jean-Pierre Melville",1967,105,12,6.5
"2024-12-27 13:00:00","Finding Nemo",ANIMATION,"Andrew Stanton",2003,100,0,6.5
"2024-12-28 10:30:00","Shin seiki Evangelion Gekijô-ban: Air/Magokoro wo, kimi ni",ANIMATION,"Hideaki Anno",1997,87,12,8.0
"2024-12-28 12:30:00","Anatomy of a Murder",CRIME,"Otto Preminger",1959,161,12,7.0
"2024-12-28 16:00:00","Harry Potter and the Prisoner of Azkaban",ADVENTURE,"Alfonso Cuarón",2004,142,0,6.5
"2024-12-28 19:00:00","Harry Potter and the Prisoner of Azkaban",ADVENTURE,"Alfonso Cuarón",2004,142,0,8.5
"2024-12-29 10:30:00","The Godfather: Part III",CRIME,"Francis Ford Coppola",1990,162,12,8.0
"2024-12-29 14:00:00","Jeux d'enfants",COMEDY,"Yann Samuell",2003,93,16,7.0
"2024-12-29 16:30:00","Gongdong gyeongbi guyeok JSA",ACTION,"Chan-wook Park",2000,110,12,6.5
"2024-12-30 10:30:00","Mississippi Burning",CRIME,"Alan Parker",1988,128,12,7.0
"2024-12-30 13:30:00","Midnight Cowboy",DRAMA,"John Schlesinger",1969,113,12,8.0
"2024-12-30 16:30:00","Lola rennt",CRIME,"Tom Tykwer",1998,81,12,7.5
"2024-12-31 10:30:00","First Blood",ACTION,"Ted Kotcheff",1982,93,12,6.5
"2024-12-31 13:00:00","Gongdong gyeongbi guyeok JSA",ACTION,"Chan-wook Park",2000,110,12,6.5
"2025-01-01 10:30:00","Stand by Me",ADVENTURE,"Rob Reiner",1986,89,0,7.0
"2025-01-01 13:00:00","The Apartment",COMEDY,"Billy Wilder",1960,125,0,8.5
"2025-01-02 10:00:00","The Thin Man",COMEDY,"W.S. Van Dyke",1934,91,12,8.5
"2025-01-02 12:30:00","The Last Samurai",ACTION,"Edward Zwick",2003,154,12,6.5
"2025-01-02 16:00:00","Stagecoach",ADVENTURE,"John Ford",1939,96,12,7.0
"2025-01-03 10:00:00","The Kid",COMEDY,"Charles Chaplin",1921,68,12,8.5
"2025-01-04 10:30:00","In the Name of the Father",BIOGRAPHY,"Jim Sheridan",1993,133,12,7.0
"2025-01-04 13:30:00","Repulsion",DRAMA,"Roman Polanski",1965,105,12,8.5
"2025-01-04 16:00:00","Fa yeung nin wah",DRAMA,"Kar-Wai Wong",2000,98,0,7.0
"2025-01-04 18:30:00","First Blood",ACTION,"Ted Kotcheff",1982,93,12,8.5
"2025-01-05 10:30:00","The Apartment",COMEDY,"Billy Wilder",1960,125,0,7.0
"2025-01-05 13:30:00","In the Name of the Father",BIOGRAPHY,"Jim Sheridan",1993,133,12,7.5
"2025-01-05 16:30:00","Dial M for Murder",CRIME,"Alfred Hitchcock",1954,105,12,7.0
"2025-01-05 19:00:00","The Apartment",COMEDY,"Billy Wilder",1960,125,0,9.5
"2025-01-06 10:30:00","Home Alone",COMEDY,"Chris Columbus",1990,103,0,7.5
"2025-01-07 10:00:00","The Godfather: Part III",CRIME,"Francis Ford Coppola",1990,162,12,6.5
"2025-01-07 13:30:00","Twelve Monkeys",MYSTERY,"Terry Gilliam",1995,129,12,6.5
"2025-01-07 16:30:00","Repulsion",DRAMA,"Roman Polanski",1965,105,12,6.5
"2025-01-08 10:00:00","All About Eve",DRAMA,"Joseph L. Mankiewicz",1950,138,12,8.5
"2025-01-08 13:00:00","Mononoke-hime",ANIMATION,"Hayao Miyazaki",1997,134,0,8.5
"2025-01-08 16:00:00","All About Eve",DRAMA,"Joseph L. Mankiewicz",1950,138,12,7.5
"2025-01-09 10:30:00","The Thin Man",COMEDY,"W.S. Van Dyke",1934,91,12,7.0
"2025-01-09 13:00:00","Mononoke-hime",ANIMATION,"Hayao Miyazaki",1997,134,0,7.5
"2025-01-10 10:30:00","The Thin Man",COMEDY,"W.S. Van Dyke",1934,91,12,7.5
"2025-01-11 10:00:00","Les choristes",DRAMA,"Christophe Barratier",2004,97,12,6.5
"2025-01-11 12:30:00","City Lights",COMEDY,"Charles Chaplin",1931,87,0,8.5
"2025-01-11 15:00:00","Platoon",DRAMA,"Oliver Stone",1986,120,12,8.5
"2025-01-12 10:30:00","The Thin Man",COMEDY,"W.S. Van Dyke",1934,91,12,6.5
"2025-01-12 13:00:00","Escape from Alcatraz",ACTION,"Don Siegel",1979,112,12,6.5
"2025-01-12 15:30:00","The Godfather: Part III",CRIME,"Francis Ford Coppola",1990,162,12,6.5
"2025-01-13 10:00:00","Amélie",COMEDY,"Jean-Pierre Jeunet",2001,122,0,8.0
"2025-01-14 10:30:00","Twelve Monkeys",MYSTERY,"Terry Gilliam",1995,129,12,7.0
"2025-01-15 10:30:00","Fa yeung nin wah",DRAMA,"Kar-Wai Wong",2000,98,0,6.5
"2025-01-15 13:00:00","City Lights",COMEDY,"Charles Chaplin",1931,87,0,7.5
"2025-01-16 10:30:00","Stand by Me",ADVENTURE,"Rob Reiner",1986,89,0,6.5
"2025-01-16 13:00:00","Finding Nemo",ANIMATION,"Andrew Stanton",2003,100,0,8.5
"2025-01-16 15:30:00","All About Eve",DRAMA,"Joseph L. Mankiewicz",1950,138,12,7.0
"2025-01-17 10:30:00","Platoon",DRAMA,"Oliver Stone",1986,120,12,8.0
"2025-01-17 13:30:00","Gongdong gyeongbi guyeok JSA",ACTION,"Chan-wook Park",2000,110,12,6.5
"2025-01-17 16:00:00","First Blood",ACTION,"Ted Kotcheff",1982,93,12,7.0
"2025-01-18 10:00:00","Escape from Alcatraz",ACTION,"Don Siegel",1979,112,12,8.5
"2025-01-18 13:00:00","Au revoir les enfants",DRAMA,"Louis Malle",1987,104,0,7.0
"2025-01-18 15:30:00","First Blood",ACTION,"Ted Kotcheff",1982,93,12,6.5
"2025-01-18 18:00:00","Barry Lyndon",ADVENTURE,"Stanley Kubrick",1975,185,6,9.0
"2025-01-19 10:30:00","Platoon",DRAMA,"Oliver Stone",1986,120,12,8.5
"2025-01-19 13:30:00","Au revoir les enfants",DRAMA,"Louis Malle",1987,104,0,8.5
"2025-01-19 16:00:00","Shin seiki Evangelion Gekijô-ban: Air/Magokoro wo, kimi ni",ANIMATION,"Hideaki Anno",1997,87,12,7.5
"2025-01-19 18:00:00","Gongdong gyeongbi guyeok JSA",ACTION,"Chan-wook Park",2000,110,12,8.5
"2025-01-20 10:30:00","Twelve Monkeys",MYSTERY,"Terry Gilliam",1995,129,12,6.5
"2025-01-20 13:30:00","Platoon",DRAMA,"Oliver Stone",1986,120,12,7.0
"2025-01-21 10:30:00","Repulsion",DRAMA,"Roman Polanski",1965,105,12,7.5
"2025-01-21 13:00:00","All About Eve",DRAMA,"Joseph L. Mankiewicz",1950,138,12,7.0
"2025-01-22 10:30:00","It Happened One Night",COMEDY,"Frank Capra",1934,105,12,8.0
"2025-01-22 13:00:00","Les choristes",DRAMA,"Christophe Barratier",2004,97,12,7.0
"2025-01-22 15:30:00","The Goonies",ADVENTURE,"Richard Donner",1985,114,0,7.0
"2025-01-23 10:00:00","Jeux d'enfants",COMEDY,"Yann Samuell",2003,93,16,8.0
"2025-01-23 12:30:00","Amélie",COMEDY,"Jean-Pierre Jeunet",2001,122,0,8.5
"2025-01-23 15:30:00","Amélie",COMEDY,"Jean-Pierre Jeunet",2001,122,0,6.5
"2025-01-24 10:30:00","Repulsion",DRAMA,"Roman Polanski",1965,105,12,7.5
"2025-01-24 13:00:00","Escape from Alcatraz",ACTION,"Don Siegel",1979,112,12,8.0
"2025-01-25 10:00:00","Training Day",CRIME,"Antoine Fuqua",2001,122,12,7.0
"2025-01-25 13:00:00","Barry Lyndon",ADVENTURE,"Stanley Kubrick",1975,185,6,6.5
"2025-01-25 17:00:00","Twelve Monkeys",MYSTERY,"Terry Gilliam",1995,129,12,6.5
"2025-01-26 10:30:00","The Magnificent Seven",ACTION,"John Sturges",1960,128,12,7.0
"2025-01-26 13:30:00","Mononoke-hime",ANIMATION,"Hayao Miyazaki",1997,134,0,6.5
"2025-01-26 16:30:00","Rashômon",CRIME,"Akira Kurosawa",1950,88,12,8.0
"2025-01-26 19:00:00","The Godfather: Part III",CRIME,"Francis Ford Coppola",1990,162,12,9.5
"2025-01-27 10:30:00","Training Day",CRIME,"Antoine Fuqua",2001,122,12,7.0
"2025-01-27 13:30:00","Training Day",CRIME,"Antoine Fuqua",2001,122,12,8.5
"2025-01-27 16:30:00","The Magnificent Seven",ACTION,"John Sturges",1960,128,12,8.5
"2025-01-28 10:00:00","Arsenic and Old Lace",COMEDY,"Frank Capra",1942,118,12,7.5
"2025-01-29 10:00:00","Il buono, il brutto, il cattivo",WESTERN,"Sergio Leone",1966,161,12,7.5
"2025-01-29 13:30:00","Home Alone",COMEDY,"Chris Columbus",1990,103,0,8.0
"2025-01-30 10:30:00","Au revoir les enfants",DRAMA,"Louis Malle",1987,104,0,6.5
"2025-01-31 10:30:00","Clerks",COMEDY,"Kevin Smith",1994,92,16,7.5
"2025-01-31 13:00:00","The Goonies",ADVENTURE,"Richard Donner",1985,114,0,7.5
"2025-02-01 10:00:00","Primal Fear",CRIME,"Gregory Hoblit",1996,129,12,7.0
"2025-02-01 13:00:00","The Goonies",ADVENTURE,"Richard Donner",1985,114,0,7.5
"2025-02-01 15:30:00","Au revoir les enfants",DRAMA,"Louis Malle",1987,104,0,8.5
"2025-02-01 18:00:00","Amélie",COMEDY,"Jean-Pierre Jeunet",2001,122,0,9.0
"2025-02-02 10:30:00","Strangers on a Train",CRIME,"Alfred Hitchcock",1951,101,12,7.5
"2025-02-02 13:00:00","Dog Day Afternoon",BIOGRAPHY,"Sidney Lumet",1975,125,0,7.0
"2025-02-02 16:00:00","Training Day",CRIME,"Antoine Fuqua",2001,122,12,6.5
"2025-02-03 10:00:00","Shin seiki Evangelion Gekijô-ban: Air/Magokoro wo, kimi ni",ANIMATION,"Hideaki Anno",1997,87,12,8.5
"2025-02-03 12:30:00","Home Alone",COMEDY,"Chris Columbus",1990,103,0,8.5
"2025-02-03 15:00:00","Clerks",COMEDY,"Kevin Smith",1994,92,16,8.5
"2025-02-04 10:00:00","It Happened One Night",COMEDY,"Frank Capra",1934,105,12,7.0
"2025-02-04 12:30:00","Strangers on a Train",CRIME,"Alfred Hitchcock",1951,101,12,6.5
"2025-02-04 15:00:00","Kind Hearts and Coronets",COMEDY,"Robert Hamer",1949,106,0,7.5
"2025-02-05 10:00:00","Au revoir les enfants",DRAMA,"Louis Malle",1987,104,0,7.5
"2025-02-06 10:30:00","Les choristes",DRAMA,"Christophe Barratier",2004,97,12,6.5
"2025-02-06 13:00:00","Das Cabinet des Dr. Caligari",FANTASY,"Robert Wiene",1920,76,12,7.0
"2025-02-06 15:00:00","Rashômon",CRIME,"Akira Kurosawa",1950,88,12,8.5
"2025-02-07 10:00:00","The Magnificent Seven",ACTION,"John Sturges",1960,128,12,6.5
"2025-02-07 13:00:00","Back to the Future",ADVENTURE,"Robert Zemeckis",1985,116,0,6.5
"2025-02-07 16:00:00","Twelve Monkeys",MYSTERY,"Terry Gilliam",1995,129,12,7.5
"2025-02-08 10:30:00","Les choristes",DRAMA,"Christophe Barratier",2004,97,12,8.5
"2025-02-08 13:00:00","It Happened One Night",COMEDY,"Frank Capra",1934,105,12,8.0
"2025-02-08 15:30:00","Platoon",DRAMA,"Oliver Stone",1986,120,12,7.0
"2025-02-09 10:00:00","Clerks",COMEDY,"Kevin Smith",1994,92,16,8.0
"2025-02-09 12:30:00","Clerks",COMEDY,"Kevin Smith",1994,92,16,6.5
"2025-02-09 15:00:00","Kind Hearts and Coronets",COMEDY,"Robert Hamer",1949,106,0,8.0
"2025-02-09 17:30:00","Aladdin",ANIMATION,"Ron Clements",1992,90,0,6.5
"2025-02-10 10:30:00","Rosemary's Baby",DRAMA,"Roman Polanski",1968,137,12,7.0
"2025-02-11 10:30:00","Amélie",COMEDY,"Jean-Pierre Jeunet",2001,122,0,8.5
"2025-02-12 10:00:00","Die Hard",ACTION,"John McTiernan",1988,132,12,8.0
"2025-02-12 13:00:00","Aladdin",ANIMATION,"Ron Clements",1992,90,0,7.5
"2025-02-12 15:30:00","Das Cabinet des Dr. Caligari",FANTASY,"Robert Wiene",1920,76,12,8.5
"2025-02-13 10:30:00","Fa yeung nin wah",DRAMA,"Kar-Wai Wong",2000,98,0,8.0
"2025-02-13 13:00:00","Network",DRAMA,"Sidney Lumet",1976,121,12,7.5
"2025-02-14 10:00:00","Training Day",CRIME,"Antoine Fuqua",2001,122,12,8.0
"2025-02-15 10:30:00","In the Name of the Father",BIOGRAPHY,"Jim Sheridan",1993,133,12,6.5
"2025-02-15 13:30:00","Mad Max 2",ACTION,"George Miller",1981,96,12,7.5
"2025-02-15 16:00:00","Halloween",HORROR,"John Carpenter",1978,91,12,7.0
"2025-02-15 18:30:00","Bound by Honor",CRIME,"Taylor Hackford",1993,180,16,10.0
"2025-02-16 10:00:00","The Lady Vanishes",MYSTERY,"Alfred Hitchcock",1938,96,12,8.0
"2025-02-16 12:30:00","Arsenic and Old Lace",COMEDY,"Frank Capra",1942,118,12,6.5
"2025-02-16 15:30:00","The Wizard of Oz",ADVENTURE,"Victor Fleming",1939,102,0,8.5
"2025-02-16 18:00:00","Platoon",DRAMA,"Oliver Stone",1986,120,12,9.0
"2025-02-17 10:30:00","Network",DRAMA,"Sidney Lumet",1976,121,12,7.5
"2025-02-17 13:30:00","Rosemary's Baby",DRAMA,"Roman Polanski",1968,137,12,6.5
"2025-02-18 10:00:00","The Wild Bunch",ACTION,"Sam Peckinpah",1969,145,12,8.5
"2025-02-18 13:30:00","Barry Lyndon",ADVENTURE,"Stanley Kubrick",1975,185,6,7.0
"2025-02-18 17:30:00","Primal Fear",CRIME,"Gregory Hoblit",1996,129,12,7.5
"2025-02-19 10:00:00","Ben-Hur",ADVENTURE,"William Wyler",1959,212,0,8.5
"2025-02-19 14:30:00","Rosemary's Baby",DRAMA,"Roman Polanski",1968,137,12,7.5
"2025-02-20 10:00:00","Pink Floyd: The Wall",DRAMA,"Alan Parker",1982,95,12,8.5
"2025-02-20 12:30:00","The Wild Bunch",ACTION,"Sam Peckinpah",1969,145,12,6.5
"2025-02-20 16:00:00","The King of Comedy",COMEDY,"Martin Scorsese",1982,109,0,7.5
"2025-02-21 10:30:00","The Lady Vanishes",MYSTERY,"Alfred Hitchcock",1938,96,12,7.5
"2025-02-22 10:00:00","One Flew Over the Cuckoo's Nest",DRAMA,"Milos Forman",1975,133,12,6.5
"2025-02-22 13:00:00","Halloween",HORROR,"John Carpenter",1978,91,12,8.0
"2025-02-22 15:30:00","Sleepers",CRIME,"Barry Levinson",1996,147,12,8.5
"2025-02-22 19:00:00","Paper Moon",COMEDY,"Peter Bogdanovich",1973,102,0,9.0
"2025-02-23 10:30:00","One Flew Over the Cuckoo's Nest",DRAMA,"Milos Forman",1975,133,12,6.5
"2025-02-23 13:30:00","Viskningar och rop",DRAMA,"Ingmar Bergman",1972,91,12,7.0
"2025-02-23 16:00:00","Les choristes",DRAMA,"Christophe Barratier",2004,97,12,7.0
"2025-02-24 10:30:00","Fa yeung nin wah",DRAMA,"Kar-Wai Wong",2000,98,0,8.0
"2025-02-25 10:30:00","One Flew Over the Cuckoo's Nest",DRAMA,"Milos Forman",1975,133,12,8.5
"2025-02-26 10:00:00","Red River",ACTION,"Howard Hawks",1948,133,12,7.0
"2025-02-27 10:00:00","The Wild Bunch",ACTION,"Sam Peckinpah",1969,145,12,7.5
"2025-02-28 10:00:00","Pink Floyd: The Wall",DRAMA,"Alan Parker",1982,95,12,6.5
"2025-02-28 12:30:00","Once Were Warriors",CRIME,"Lee Tamahori",1994,102,12,8.0
"2025-02-28 15:00:00","Paper Moon",COMEDY,"Peter Bogdanovich",1973,102,0,7.0
"2025-03-01 10:30:00","Once Were Warriors",CRIME,"Lee Tamahori",1994,102,12,8.0
"2025-03-01 13:00:00","The Lady Vanishes",MYSTERY,"Alfred Hitchcock",1938,96,12,8.5
"2025-03-01 15:30:00","One Flew Over the Cuckoo's Nest",DRAMA,"Milos Forman",1975,133,12,7.5
"2025-03-01 18:30:00","Lilja 4-ever",CRIME,"Lukas Moodysson",2002,109,16,10.0
"2025-03-02 10:00:00","Lilja 4-ever",CRIME,"Lukas Moodysson",2002,109,16,7.0
"2025-03-02 12:30:00","Halloween",HORROR,"John Carpenter",1978,91,12,8.0
"2025-03-02 15:00:00","Sleepers",CRIME,"Barry Levinson",1996,147,12,7.0
"2025-03-03 10:00:00","The Wizard of Oz",ADVENTURE,"Victor Fleming",1939,102,0,6.5
"2025-03-03 12:30:00","Home Alone",COMEDY,"Chris Columbus",1990,103,0,6.5
"2025-03-03 15:00:00","Back to the Future",ADVENTURE,"Robert Zemeckis",1985,116,0,7.5
"2025-03-04 10:30:00","Pink Floyd: The Wall",DRAMA,"Alan Parker",1982,95,12,6.5
"2025-03-05 10:00:00","Die Hard",ACTION,"John McTiernan",1988,132,12,7.0
"2025-03-06 10:00:00","True Romance",CRIME,"Tony Scott",1993,119,16,7.5
"2025-03-06 13:00:00","One Flew Over the Cuckoo's Nest",DRAMA,"Milos Forman",1975,133,12,7.0
"2025-03-07 10:00:00","Schindler's List",BIOGRAPHY,"Steven Spielberg",1993,195,12,6.5
"2025-03-07 14:00:00","Aladdin",ANIMATION,"Ron Clements",1992,90,0,8.5
"2025-03-08 10:30:00","The King of Comedy",COMEDY,"Martin Scorsese",1982,109,0,8.5
"2025-03-08 13:00:00","Lilja 4-ever",CRIME,"Lukas Moodysson",2002,109,16,7.5
"2025-03-08 15:30:00","The Incredibles",ANIMATION,"Brad Bird",2004,115,0,8.0
"2025-03-09 10:00:00","Kind Hearts and Coronets",COMEDY,"Robert Hamer",1949,106,0,7.5
"2025-03-09 12:30:00","Paper Moon",COMEDY,"Peter Bogdanovich",1973,102,0,6.5
"2025-03-09 15:00:00","Das Cabinet des Dr. Caligari",FANTASY,"Robert Wiene",1920,76,12,6.5
"2025-03-09 17:00:00","Viskningar och rop",DRAMA,"Ingmar Bergman",1972,91,12,8.0
"2025-03-10 10:30:00","Back to the Future",ADVENTURE,"Robert Zemeckis",1985,116,0,6.5
"2025-03-10 13:30:00","Network",DRAMA,"Sidney Lumet",1976,121,12,6.5
"2025-03-10 16:30:00","Les choristes",DRAMA,"Christophe Barratier",2004,97,12,7.0
"2025-03-11 10:00:00","It Happened One Night",COMEDY,"Frank Capra",1934,105,12,7.5
"2025-03-12 10:30:00","Network",DRAMA,"Sidney Lumet",1976,121,12,8.0
"2025-03-12 13:30:00","Cat on a Hot Tin Roof",DRAMA,"Richard Brooks",1958,108,12,6.5
"2025-03-13 10:00:00","Les choristes",DRAMA,"Christophe Barratier",2004,97,12,8.5
"2025-03-14 10:00:00","Rosemary's Baby",DRAMA,"Roman Polanski",1968,137,12,8.5
"2025-03-14 13:00:00","Aladdin",ANIMATION,"Ron Clements",1992,90,0,6.5
"2025-03-15 10:30:00","Schindler's List",BIOGRAPHY,"Steven Spielberg",1993,195,12,8.0
"2025-03-15 14:30:00","Belle de jour",DRAMA,"Luis Buñuel",1967,100,12,6.5
"2025-03-15 17:00:00","Le locataire",DRAMA,"Roman Polanski",1976,126,16,8.5
"2025-03-15 20:00:00","Once Were Warriors",CRIME,"Lee Tamahori",1994,102,12,8.5
"2025-03-16 10:30:00","Fried Green Tomatoes",DRAMA,"Jon Avnet",1991,130,12,6.5
"2025-03-16 13:30:00","The Incredibles",ANIMATION,"Brad Bird",2004,115,0,8.0
"2025-03-16 16:30:00","The Shining",DRAMA,"Stanley Kubrick",1980,146,12,7.5
"2025-03-16 20:00:00","Die Hard",ACTION,"John McTiernan",1988,132,12,8.5
"2025-03-17 10:00:00","Back to the Future",ADVENTURE,"Robert Zemeckis",1985,116,0,6.5
"2025-03-17 13:00:00","Schindler's List",BIOGRAPHY,"Steven Spielberg",1993,195,12,7.5
"2025-03-18 10:00:00","Cat on a Hot Tin Roof",DRAMA,"Richard Brooks",1958,108,12,7.5
"2025-03-18 12:30:00","The King of Comedy",COMEDY,"Martin Scorsese",1982,109,0,8.0
"2025-03-18 15:30:00","Les choristes",DRAMA,"Christophe Barratier",2004,97,12,8.5
"2025-03-19 10:00:00","Pink Floyd: The Wall",DRAMA,"Alan Parker",1982,95,12,6.5
"2025-03-19 12:30:00","Tengoku to jigoku",CRIME,"Akira Kurosawa",1963,143,12,8.5
"2025-03-19 16:00:00","Breaking the Waves",DRAMA,"Lars von Trier",1996,159,16,6.5
"2025-03-20 10:30:00","The Odd Couple",COMEDY,"Gene Saks",1968,105,0,7.5
"2025-03-20 13:00:00","Fried Green Tomatoes",DRAMA,"Jon Avnet",1991,130,12,8.5
"2025-03-20 16:00:00","Once Were Warriors",CRIME,"Lee Tamahori",1994,102,12,7.0
"2025-03-21 10:30:00","Mary Poppins",COMEDY,"Robert Stevenson",1964,139,0,7.0
"2025-03-21 13:30:00","Cat on a Hot Tin Roof",DRAMA,"Richard Brooks",1958,108,12,7.5
"2025-03-22 10:30:00","Who Framed Roger Rabbit",ANIMATION,"Robert Zemeckis",1988,104,0,7.0
"2025-03-22 13:00:00","The Incredibles",ANIMATION,"Brad Bird",2004,115,0,8.0
"2025-03-22 16:00:00","Pink Floyd: The Wall",DRAMA,"Alan Parker",1982,95,12,6.5
"2025-03-22 18:30:00","Indiana Jones and the Last Crusade",ACTION,"Steven Spielberg",1989,127,0,9.5
"2025-03-23 10:30:00","Judgment at Nuremberg",DRAMA,"Stanley Kramer",1961,179,12,6.5
"2025-03-23 14:30:00","The Incredibles",ANIMATION,"Brad Bird",2004,115,0,7.5
"2025-03-23 17:30:00","Fried Green Tomatoes",DRAMA,"Jon Avnet",1991,130,12,8.5
"2025-03-23 20:30:00","Network",DRAMA,"Sidney Lumet",1976,121,12,9.5
"2025-03-24 10:00:00","Pink Floyd: The Wall",DRAMA,"Alan Parker",1982,95,12,8.5
"2025-03-24 12:30:00","The Odd Couple",COMEDY,"Gene Saks",1968,105,0,8.5
"2025-03-25 10:30:00","The Wild Bunch",ACTION,"Sam Peckinpah",1969,145,12,7.0
"2025-03-25 14:00:00","Kelly's Heroes",ADVENTURE,"Brian G. Hutton",1970,144,12,7.0
"2025-03-26 10:00:00","Full Metal Jacket",DRAMA,"Stanley Kubrick",1987,116,12,6.5
"2025-03-26 13:00:00","Indiana Jones and the Last Crusade",ACTION,"Steven Spielberg",1989,127,0,6.5
"2025-03-27 10:00:00","Breaking the Waves",DRAMA,"Lars von Trier",1996,159,16,6.5
"2025-03-27 13:30:00","The Sting",COMEDY,"George Roy Hill",1973,129,0,7.5
"2025-03-27 16:30:00","The Odd Couple",COMEDY,"Gene Saks",1968,105,0,7.0
"2025-03-28 10:30:00","Forrest Gump",DRAMA,"Robert Zemeckis",1994,142,12,6.5
"2025-03-29 10:30:00","Le locataire",DRAMA,"Roman Polanski",1976,126,16,8.5
"2025-03-29 13:30:00","Who Framed Roger Rabbit",ANIMATION,"Robert Zemeckis",1988,104,0,7.5
"2025-03-29 16:00:00","Kelly's Heroes",ADVENTURE,"Brian G. Hutton",1970,144,12,6.5
"2025-03-30 10:30:00","Sleepers",CRIME,"Barry Levinson",1996,147,12,8.0
"2025-03-30 14:00:00","The Odd Couple",COMEDY,"Gene Saks",1968,105,0,8.0
"2025-03-30 16:30:00","Fried Green Tomatoes",DRAMA,"Jon Avnet",1991,130,12,7.0
"2025-03-31 10:30:00","Aladdin",ANIMATION,"Ron Clements",1992,90,0,7.5
"2025-04-01 10:30:00","Pink Floyd: The Wall",DRAMA,"Alan Parker",1982,95,12,7.5
"2025-04-02 10:30:00","The Odd Couple",COMEDY,"Gene Saks",1968,105,0,7.5
"2025-04-03 10:00:00","Kelly's Heroes",ADVENTURE,"Brian G. Hutton",1970,144,12,7.0
"2025-04-04 10:30:00","Airplane!",COMEDY,"Jim Abrahams",1980,88,0,8.5
"2025-04-04 13:00:00","The 39 Steps",CRIME,"Alfred Hitchcock",1935,86,12,6.5
"2025-04-05 10:00:00","Who Framed Roger Rabbit",ANIMATION,"Robert Zemeckis",1988,104,0,7.0
"2025-04-05 12:30:00","Cinderella Man",BIOGRAPHY,"Ron Howard",2005,144,12,6.5
"2025-04-05 16:00:00","In America",DRAMA,"Jim Sheridan",2002,105,12,8.5
"2025-04-05 18:30:00","The Purple Rose of Cairo",COMEDY,"Woody Allen",1985,82,0,8.5
"2025-04-06 10:30:00","The Purple Rose of Cairo",COMEDY,"Woody Allen",1985,82,0,8.5
"2025-04-06 12:30:00","Predator",ACTION,"John McTiernan",1987,107,12,8.0
"2025-04-06 15:00:00","The Purple Rose of Cairo",COMEDY,"Woody Allen",1985,82,0,8.0
"2025-04-07 10:00:00","The Incredibles",ANIMATION,"Brad Bird",2004,115,0,8.5
"2025-04-07 13:00:00","Short Cuts",COMEDY,"Robert Altman",1993,188,16,7.0
"2025-04-08 10:30:00","Judgment at Nuremberg",DRAMA,"Stanley Kramer",1961,179,12,7.0
"2025-04-09 10:30:00","Pink Floyd: The Wall",DRAMA,"Alan Parker",1982,95,12,8.5
"2025-04-09 13:00:00","In America",DRAMA,"Jim Sheridan",2002,105,12,8.5
"2025-04-10 10:30:00","The Breakfast Club",COMEDY,"John Hughes",1985,97,12,8.0
"2025-04-11 10:30:00","Paper Moon",COMEDY,"Peter Bogdanovich",1973,102,0,8.5
"2025-04-11 13:00:00","Home Alone",COMEDY,"Chris Columbus",1990,103,0,6.5
"2025-04-12 10:00:00","In America",DRAMA,"Jim Sheridan",2002,105,12,7.5
"2025-04-12 12:30:00","In America",DRAMA,"Jim Sheridan",2002,105,12,6.5
"2025-04-12 15:00:00","Tengoku to jigoku",CRIME,"Akira Kurosawa",1963,143,12,6.5
"2025-04-12 18:00:00","Les choristes",DRAMA,"Christophe Barratier",2004,97,12,9.5
"2025-04-13 10:00:00","Le locataire",DRAMA,"Roman Polanski",1976,126,16,8.0
"2025-04-13 13:00:00","Un long dimanche de fiançailles",DRAMA,"Jean-Pierre Jeunet",2004,133,0,8.5
"2025-04-13 16:00:00","Mary Poppins",COMEDY,"Robert Stevenson",1964,139,0,7.0
"2025-04-13 19:30:00","Full Metal Jacket",DRAMA,"Stanley Kubrick",1987,116,12,10.0
"2025-04-14 10:30:00","Who Framed Roger Rabbit",ANIMATION,"Robert Zemeckis",1988,104,0,6.5
"2025-04-14 13:00:00","The Muppet Christmas Carol",COMEDY,"Brian Henson",1992,85,0,7.0
"2025-04-15 10:30:00","Breaking the Waves",DRAMA,"Lars von Trier",1996,159,16,8.0
"2025-04-15 14:00:00","Le locataire",DRAMA,"Roman Polanski",1976,126,16,8.5
"2025-04-16 10:00:00","In America",DRAMA,"Jim Sheridan",2002,105,12,7.5
"2025-04-17 10:00:00","My Cousin Vinny",COMEDY,"Jonathan Lynn",1992,120,12,8.5
"2025-04-17 12:30:00","The Last of the Mohicans",ACTION,"Michael Mann",1992,112,12,6.5
"2025-04-17 15:30:00","The Bridges of Madison County",DRAMA,"Clint Eastwood",1995,135,12,7.0
"2025-04-18 10:30:00","Amélie",COMEDY,"Jean-Pierre Jeunet",2001,122,0,8.5
"2025-04-19 10:00:00","Paper Moon",COMEDY,"Peter Bogdanovich",1973,102,0,7.0
"2025-04-19 12:30:00","The Bridges of Madison County",DRAMA,"Clint Eastwood",1995,135,12,8.5
"2025-04-19 15:30:00","The Sting",COMEDY,"George Roy Hill",1973,129,0,8.5
"2025-04-19 18:30:00","Deliverance",ADVENTURE,"John Boorman",1972,109,0,9.0
"2025-04-20 10:00:00","Pink Floyd: The Wall",DRAMA,"Alan Parker",1982,95,12,8.5
"2025-04-20 12:30:00","Miracle on 34th Street",COMEDY,"George Seaton",1947,96,12,7.5
"2025-04-20 15:00:00","My Cousin Vinny",COMEDY,"Jonathan Lynn",1992,120,12,7.5
"2025-04-20 18:00:00","Full Metal Jacket",DRAMA,"Stanley Kubrick",1987,116,12,9.5
"2025-04-21 10:00:00","Who Framed Roger Rabbit",ANIMATION,"Robert Zemeckis",1988,104,0,8.0
"2025-04-21 12:30:00","Forrest Gump",DRAMA,"Robert Zemeckis",1994,142,12,8.5
"2025-04-22 10:00:00","Deliverance",ADVENTURE,"John Boorman",1972,109,0,6.5
"2025-04-22 12:30:00","Breaking the Waves",DRAMA,"Lars von Trier",1996,159,16,7.5
"2025-04-22 16:00:00","Pink Floyd: The Wall",DRAMA,"Alan Parker",1982,95,12,7.5
"2025-04-23 10:30:00","Giù la testa",DRAMA,"Sergio Leone",1971,157,6,6.5
"2025-04-24 10:30:00","My Cousin Vinny",COMEDY,"Jonathan Lynn",1992,120,12,6.5
"2025-04-24 13:00:00","Trois couleurs: Blanc",COMEDY,"Krzysztof Kieslowski",1994,92,0,6.5
"2025-04-24 15:30:00","Mary Poppins",COMEDY,"Robert Stevenson",1964,139,0,8.5
"2025-04-25 10:30:00","Airplane!",COMEDY,"Jim Abrahams",1980,88,0,7.0
"2025-04-25 12:30:00","The Sting",COMEDY,"George Roy Hill",1973,129,0,8.0
"2025-04-25 15:30:00","Kelly's Heroes",ADVENTURE,"Brian G. Hutton",1970,144,12,6.5
"2025-04-26 10:30:00","The Breakfast Club",COMEDY,"John Hughes",1985,97,12,6.5
"2025-04-26 13:00:00","Airplane!",COMEDY,"Jim Abrahams",1980,88,0,8.5
"2025-04-26 15:30:00","Amélie",COMEDY,"Jean-Pierre Jeunet",2001,122,0,7.5
"2025-04-26 18:30:00","Mononoke-hime",ANIMATION,"Hayao Miyazaki",1997,134,0,8.5
"2025-04-27 10:30:00","The Last of the Mohicans",ACTION,"Michael Mann",1992,112,12,7.5
"2025-04-27 13:00:00","Pride & Prejudice",DRAMA,"Joe Wright",2005,129,6,8.0
"2025-04-27 16:00:00","The Breakfast Club",COMEDY,"John Hughes",1985,97,12,6.5
"2025-04-27 18:30:00","Mononoke-hime",ANIMATION,"Hayao Miyazaki",1997,134,0,9.0
"2025-04-28 10:00:00","Night on Earth",COMEDY,"Jim Jarmusch",1991,129,16,7.5
"2025-04-28 13:00:00","Fried Green Tomatoes",DRAMA,"Jon Avnet",1991,130,12,7.5
"2025-04-29 10:30:00","Pride & Prejudice",DRAMA,"Joe Wright",2005,129,6,8.5
"2025-04-29 13:30:00","The Last of the Mohicans",ACTION,"Michael Mann",1992,112,12,6.5
"2025-04-29 16:00:00","Forrest Gump",DRAMA,"Robert Zemeckis",1994,142,12,7.5
"2025-04-30 10:30:00","Giù la testa",DRAMA,"Sergio Leone",1971,157,6,7.5
"2025-04-30 14:00:00","Lilja 4-ever",CRIME,"Lukas Moodysson",2002,109,16,8.5
"2025-04-30 16:30:00","In America",DRAMA,"Jim Sheridan",2002,105,12,8.0
"2025-05-01 10:00:00","Night on Earth",COMEDY,"Jim Jarmusch",1991,129,16,6.5
"2025-05-01 13:00:00","Happiness",COMEDY,"Todd Solondz",1998,134,12,7.5
"2025-05-01 16:00:00","Amélie",COMEDY,"Jean-Pierre Jeunet",2001,122,0,7.0
"2025-05-02 10:00:00","The Bridges of Madison County",DRAMA,"Clint Eastwood",1995,135,12,8.0
"2025-05-02 13:00:00","Wait Until Dark",THRILLER,"Terence Young",1967,108,12,8.0
"2025-05-02 15:30:00","Nuovo Cinema Paradiso",DRAMA,"Giuseppe Tornatore",1988,155,0,6.5
"2025-05-03 10:30:00","Amélie",COMEDY,"Jean-Pierre Jeunet",2001,122,0,8.5
"2025-05-03 13:30:00","Un long dimanche de fiançailles",DRAMA,"Jean-Pierre Jeunet",2004,133,0,8.5
"2025-05-03 16:30:00","Gandhi",BIOGRAPHY,"Richard Attenborough",1982,191,0,6.5
"2025-05-03 20:30:00","Deliverance",ADVENTURE,"John Boorman",1972,109,0,9.5
"2025-05-04 10:30:00","Forrest Gump",DRAMA,"Robert Zemeckis",1994,142,12,8.5
"2025-05-04 13:30:00","Un long dimanche de fiançailles",DRAMA,"Jean-Pierre Jeunet",2004,133,0,8.0
"2025-05-04 16:30:00","The Sting",COMEDY,"George Roy Hill",1973,129,0,6.5
"2025-05-05 10:30:00","Mononoke-hime",ANIMATION,"Hayao Miyazaki",1997,134,0,8.0
"2025-05-06 10:30:00","Deliverance",ADVENTURE,"John Boorman",1972,109,0,8.0
"2025-05-07 10:30:00","My Cousin Vinny",COMEDY,"Jonathan Lynn",1992,120,12,8.0
"2025-05-08 10:30:00","Amélie",COMEDY,"Jean-Pierre Jeunet",2001,122,0,8.5
"2025-05-08 13:30:00","Trois couleurs: Bleu",DRAMA,"Krzysztof Kieslowski",1993,94,0,8.5
"2025-05-09 10:00:00","Mononoke-hime",ANIMATION,"Hayao Miyazaki",1997,134,0,7.5
"2025-05-10 10:00:00","Giù la testa",DRAMA,"Sergio Leone",1971,157,6,7.0
"2025-05-10 13:30:00","Deliverance",ADVENTURE,"John Boorman",1972,109,0,7.0
"2025-05-10 16:00:00","Giù la testa",DRAMA,"Sergio Leone",1971,157,6,8.0
"2025-05-10 19:30:00","21 Grams",CRIME,"Alejandro G. Iñárritu",2003,124,12,10.0
"2025-05-11 10:30:00","21 Grams",CRIME,"Alejandro G. Iñárritu",2003,124,12,8.5
"2025-05-11 13:30:00","In America",DRAMA,"Jim Sheridan",2002,105,12,8.5
"2025-05-11 16:00:00","Night on Earth",COMEDY,"Jim Jarmusch",1991,129,16,6.5
"2025-05-12 10:00:00","The Breakfast Club",COMEDY,"John Hughes",1985,97,12,8.5
"2025-05-12 12:30:00","The Bridges of Madison County",DRAMA,"Clint Eastwood",1995,135,12,6.5
"2025-05-12 15:30:00","Edward Scissorhands",DRAMA,"Tim Burton",1990,105,0,7.0
"2025-05-13 10:30:00","Forrest Gump",DRAMA,"Robert Zemeckis",1994,142,12,6.5
"2025-05-13 13:30:00","Miracle on 34th Street",COMEDY,"George Seaton",1947,96,12,7.0
"2025-05-13 16:00:00","Night on Earth",COMEDY,"Jim Jarmusch",1991,129,16,6.5
"2025-05-14 10:00:00","The General",ACTION,"Clyde Bruckman",1926,67,12,8.0
"2025-05-14 12:00:00","Clerks",COMEDY,"Kevin Smith",1994,92,16,8.5
"2025-05-14 14:30:00","The Last of the Mohicans",ACTION,"Michael Mann",1992,112,12,8.0
"2025-05-15 10:30:00","My Cousin Vinny",COMEDY,"Jonathan Lynn",1992,120,12,7.5
"2025-05-16 10:00:00","A Little Princess",DRAMA,"Alfonso Cuarón",1995,97,0,8.5
"2025-05-17 10:00:00","Happiness",COMEDY,"Todd Solondz",1998,134,12,8.5
"2025-05-17 13:00:00","Ladri di biciclette",DRAMA,"Vittorio De Sica",1948,89,12,8.5
"2025-05-17 15:30:00","Secrets & Lies",COMEDY,"Mike Leigh",1996,136,0,7.0
"2025-05-18 10:00:00","The General",ACTION,"Clyde Bruckman",1926,67,12,8.0
"2025-05-18 12:00:00","21 Grams",CRIME,"Alejandro G. Iñárritu",2003,124,12,7.0
"2025-05-18 15:00:00","Bin-jip",CRIME,"Ki-duk Kim",2004,88,0,8.0
"2025-05-19 10:00:00","Bin-jip",CRIME,"Ki-duk Kim",2004,88,0,8.0
"2025-05-19 12:30:00","Le samouraï",CRIME,"Jean-Pierre Melville",1967,105,12,6.5
"2025-05-20 10:00:00","Edward Scissorhands",DRAMA,"Tim Burton",1990,105,0,7.5
"2025-05-21 10:30:00","The General",ACTION,"Clyde Bruckman",1926,67,12,6.5
"2025-05-21 12:30:00","The Verdict",DRAMA,"Sidney Lumet",1982,129,0,7.0
"2025-05-22 10:00:00","Happiness",COMEDY,"Todd Solondz",1998,134,12,7.5
"2025-05-22 13:00:00","The General",ACTION,"Clyde Bruckman",1926,67,12,6.5
"2025-05-23 10:00:00","Andaz Apna Apna",ACTION,"Rajkumar Santoshi",1994,160,0,8.5
"2025-05-23 13:30:00","The Jungle Book",ANIMATION,"Wolfgang Reitherman",1967,78,0,6.5
"2025-05-23 15:30:00","Le samouraï",CRIME,"Jean-Pierre Melville",1967,105,12,7.5
"2025-05-24 10:00:00","G.O.R.A.",ADVENTURE,"Ömer Faruk Sorak",2004,127,12,8.5
"2025-05-24 13:00:00","Fitzcarraldo",ADVENTURE,"Werner Herzog",1982,158,16,7.5
"2025-05-24 16:30:00","The General",ACTION,"Clyde Bruckman",1926,67,12,7.0
"2025-05-24 18:30:00","The Iron Giant",ANIMATION,"Brad Bird",1999,86,6,10.0
"2025-05-25 10:00:00","Les triplettes de Belleville",ANIMATION,"Sylvain Chomet",2003,80,12,8.5
"2025-05-25 12:00:00","Night on Earth",COMEDY,"Jim Jarmusch",1991,129,16,7.0
"2025-05-25 15:00:00","O Brother, Where Art Thou?",ADVENTURE,"Joel Coen",2000,107,0,8.5
"2025-05-25 17:30:00","Clerks",COMEDY,"Kevin Smith",1994,92,16,7.0
"2025-05-26 10:30:00","Fitzcarraldo",ADVENTURE,"Werner Herzog",1982,158,16,7.5
"2025-05-26 14:00:00","21 Grams",CRIME,"Alejandro G. Iñárritu",2003,124,12,7.5
"2025-05-27 10:00:00","Taxi Driver",CRIME,"Martin Scorsese",1976,114,12,8.5
"2025-05-28 10:30:00","Les triplettes de Belleville",ANIMATION,"Sylvain Chomet",2003,80,12,8.5
"2025-05-28 12:30:00","Edward Scissorhands",DRAMA,"Tim Burton",1990,105,0,8.0
"2025-05-29 10:00:00","Gandhi",BIOGRAPHY,"Richard Attenborough",1982,191,0,8.0
"2025-05-29 14:00:00","The Iron Giant",ANIMATION,"Brad Bird",1999,86,6,8.0
"2025-05-30 10:00:00","21 Grams",CRIME,"Alejandro G. Iñárritu",2003,124,12,8.5
"2025-05-31 10:30:00","Secrets & Lies",COMEDY,"Mike Leigh",1996,136,0,6.5
"2025-05-31 13:30:00","High Noon",DRAMA,"Fred Zinnemann",1952,85,6,8.0
"2025-05-31 15:30:00","The Verdict",DRAMA,"Sidney Lumet",1982,129,0,8.5
"2025-06-01 10:00:00","Le samouraï",CRIME,"Jean-Pierre Melville",1967,105,12,8.5
"2025-06-01 12:30:00","The Untouchables",CRIME,"Brian De Palma",1987,119,12,8.0
"2025-06-01 15:30:00","A Little Princess",DRAMA,"Alfonso Cuarón",1995,97,0,7.0
"2025-06-01 18:00:00","Le samouraï",CRIME,"Jean-Pierre Melville",1967,105,12,9.0
"2025-06-02 10:30:00","Ladri di biciclette",DRAMA,"Vittorio De Sica",1948,89,12,6.5
"2025-06-02 13:00:00","High Noon",DRAMA,"Fred Zinnemann",1952,85,6,6.5
"2025-06-03 10:00:00","O Brother, Where Art Thou?",ADVENTURE,"Joel Coen",2000,107,0,6.5
"2025-06-04 10:00:00","Edward Scissorhands",DRAMA,"Tim Burton",1990,105,0,8.0
"2025-06-05 10:00:00","O Brother, Where Art Thou?",ADVENTURE,"Joel Coen",2000,107,0,6.5
"2025-06-06 10:00:00","Ladri di biciclette",DRAMA,"Vittorio De Sica",1948,89,12,6.5
"2025-06-07 10:00:00","O Brother, Where Art Thou?",ADVENTURE,"Joel Coen",2000,107,0,8.0
"2025-06-07 12:30:00","Ying xiong",ACTION,"Yimou Zhang",2002,120,12,8.5
"2025-06-07 15:30:00","Fitzcarraldo",ADVENTURE,"Werner Herzog",1982,158,16,8.0
"2025-06-07 19:00:00","High Noon",DRAMA,"Fred Zinnemann",1952,85,6,9.0
"2025-06-08 10:30:00","The General",ACTION,"Clyde Bruckman",1926,67,12,8.0
"2025-06-08 12:30:00","G.O.R.A.",ADVENTURE,"Ömer Faruk Sorak",2004,127,12,7.0
"2025-06-08 15:30:00","High Noon",DRAMA,"Fred Zinnemann",1952,85,6,7.5
"2025-06-08 18:00:00","Eskiya",CRIME,"Yavuz Turgul",1996,128,12,8.5
"2025-06-09 10:00:00","The Verdict",DRAMA,"Sidney Lumet",1982,129,0,8.5
"2025-06-09 13:00:00","O Brother, Where Art Thou?",ADVENTURE,"Joel Coen",2000,107,0,7.5
"2025-06-10 10:30:00","Andaz Apna Apna",ACTION,"Rajkumar Santoshi",1994,160,0,8.5
"2025-06-10 14:00:00","Ladri di biciclette",DRAMA,"Vittorio De Sica",1948,89,12,8.5
"2025-06-11 10:30:00","Airplane!",COMEDY,"Jim Abrahams",1980,88,0,8.5
"2025-06-11 12:30:00","Andaz Apna Apna",ACTION,"Rajkumar Santoshi",1994,160,0,7.0
"2025-06-11 16:00:00","Ying xiong",ACTION,"Yimou Zhang",2002,120,12,7.5
"2025-06-12 10:00:00","Les triplettes de Belleville",ANIMATION,"Sylvain Chomet",2003,80,12,8.0
"2025-06-13 10:00:00","Ladri di biciclette",DRAMA,"Vittorio De Sica",1948,89,12,7.5
"2025-06-14 10:30:00","Where Eagles Dare",ACTION,"Brian G. Hutton",1968,158,0,7.0
"2025-06-14 14:00:00","The Jungle Book",ANIMATION,"Wolfgang Reitherman",1967,78,0,6.5
"2025-06-14 16:00:00","Ordinary People",DRAMA,"Robert Redford",1980,124,0,7.5
"2025-06-14 19:00:00","Andaz Apna Apna",ACTION,"Rajkumar Santoshi",1994,160,0,9.0
"2025-06-15 10:00:00","Bin-jip",CRIME,"Ki-duk Kim",2004,88,0,8.0
"2025-06-15 12:30:00","Fitzcarraldo",ADVENTURE,"Werner Herzog",1982,158,16,7.0
"2025-06-15 16:00:00","Fitzcarraldo",ADVENTURE,"Werner Herzog",1982,158,16,7.5
"2025-06-16 10:00:00","The Iron Giant",ANIMATION,"Brad Bird",1999,86,6,7.0
"2025-06-16 12:00:00","The Untouchables",CRIME,"Brian De Palma",1987,119,12,8.0
"2025-06-17 10:30:00","Ladri di biciclette",DRAMA,"Vittorio De Sica",1948,89,12,7.5
"2025-06-17 13:00:00","Toy Story 2",ANIMATION,"John Lasseter",1999,92,0,6.5
"2025-06-18 10:30:00","The Iron Giant",ANIMATION,"Brad Bird",1999,86,6,7.5
"2025-06-19 10:00:00","Akira",ANIMATION,"Katsuhiro Ôtomo",1988,124,12,7.5
"2025-06-20 10:00:00","It's a Wonderful Life",DRAMA,"Frank Capra",1946,130,6,8.0
"2025-06-20 13:00:00","Akira",ANIMATION,"Katsuhiro Ôtomo",1988,124,12,6.5
"2025-06-21 10:30:00","The Count of Monte Cristo",ACTION,"Kevin Reynolds",2002,131,12,6.5
"2025-06-21 13:30:00","Les triplettes de Belleville",ANIMATION,"Sylvain Chomet",2003,80,12,8.0
"2025-06-21 15:30:00","Roman Holiday",COMEDY,"William Wyler",1953,118,12,6.5
"2025-06-22 10:30:00","The Iron Giant",ANIMATION,"Brad Bird",1999,86,6,6.5
"2025-06-22 12:30:00","High Noon",DRAMA,"Fred Zinnemann",1952,85,6,6.5
"2025-06-22 15:00:00","The Count of Monte Cristo",ACTION,"Kevin Reynolds",2002,131,12,7.0
"2025-06-23 10:00:00","It's a Wonderful Life",DRAMA,"Frank Capra",1946,130,6,7.5
"2025-06-23 13:00:00","Ordinary People",DRAMA,"Robert Redford",1980,124,0,7.5
"2025-06-23 16:00:00","Andaz Apna Apna",ACTION,"Rajkumar Santoshi",1994,160,0,6.5
"2025-06-24 10:30:00","Ben-Hur",ADVENTURE,"William Wyler",1959,212,0,8.0
"2025-06-24 15:00:00","Where Eagles Dare",ACTION,"Brian G. Hutton",1968,158,0,7.5
"2025-06-25 10:00:00","The Untouchables",CRIME,"Brian De Palma",1987,119,12,8.5
"2025-06-25 13:00:00","Akira",ANIMATION,"Katsuhiro Ôtomo",1988,124,12,6.5
"2025-06-26 10:00:00","Where Eagles Dare",ACTION,"Brian G. Hutton",1968,158,0,7.0
"2025-06-27 10:00:00","Vozvrashchenie",DRAMA,"Andrey Zvyagintsev",2003,110,12,6.5
"2025-06-28 10:30:00","The General",ACTION,"Clyde Bruckman",1926,67,12,6.5
"2025-06-28 12:30:00","The Quiet Man",COMEDY,"John Ford",1952,129,12,7.0
"2025-06-28 15:30:00","Toy Story 2",ANIMATION,"John Lasseter",1999,92,0,6.5
"2025-06-29 10:00:00","Ladri di biciclette",DRAMA,"Vittorio De Sica",1948,89,12,7.5
"2025-06-29 12:30:00","The General",ACTION,"Clyde Bruckman",1926,67,12,8.0
"2025-06-29 14:30:00","Kelly's Heroes",ADVENTURE,"Brian G. Hutton",1970,144,12,6.5
"2025-06-30 10:00:00","Eskiya",CRIME,"Yavuz Turgul",1996,128,12,7.0
"2025-06-30 13:00:00","Akira",ANIMATION,"Katsuhiro Ôtomo",1988,124,12,8.5
"2025-07-01 10:30:00","Requiem for a Dream",DRAMA,"Darren Aronofsky",2000,102,12,6.5
"2025-07-02 10:30:00","Match Point",DRAMA,"Woody Allen",2005,124,16,6.5
"2025-07-02 13:30:00","The Fifth Element",ACTION,"Luc Besson",1997,126,12,6.5
"2025-07-02 16:30:00","Match Point",DRAMA,"Woody Allen",2005,124,16,7.5
"2025-07-03 10:00:00","Akira",ANIMATION,"Katsuhiro Ôtomo",1988,124,12,6.5
"2025-07-04 10:00:00","The Untouchables",CRIME,"Brian De Palma",1987,119,12,7.0
"2025-07-04 13:00:00","Match Point",DRAMA,"Woody Allen",2005,124,16,7.0
"2025-07-05 10:30:00","Back to the Future",ADVENTURE,"Robert Zemeckis",1985,116,0,7.5
"2025-07-05 13:30:00","Back to the Future",ADVENTURE,"Robert Zemeckis",1985,116,0,7.5
"2025-07-05 16:30:00","Vozvrashchenie",DRAMA,"Andrey Zvyagintsev",2003,110,12,7.5
"2025-07-05 19:00:00","O Brother, Where Art Thou?",ADVENTURE,"Joel Coen",2000,107,0,10.0
"2025-07-06 10:00:00","The Verdict",DRAMA,"Sidney Lumet",1982,129,0,6.5
"2025-07-06 13:00:00","The Jungle Book",ANIMATION,"Wolfgang Reitherman",1967,78,0,8.5
"2025-07-06 15:00:00","The Bourne Supremacy",ACTION,"Paul Greengrass",2004,108,12,7.5
"2025-07-06 17:30:00","Ben-Hur",ADVENTURE,"William Wyler",1959,212,0,6.5
"2025-07-07 10:30:00","Akira",ANIMATION,"Katsuhiro Ôtomo",1988,124,12,6.5
"2025-07-07 13:30:00","The Fifth Element",ACTION,"Luc Besson",1997,126,12,8.5
"2025-07-07 16:30:00","The Fifth Element",ACTION,"Luc Besson",1997,126,12,8.5
"2025-07-08 10:30:00","Solaris",DRAMA,"Andrei Tarkovsky",1972,167,6,7.0
"2025-07-09 10:00:00","Mulan",ANIMATION,"Tony Bancroft",1998,88,0,8.0
"2025-07-10 10:30:00","Eskiya",CRIME,"Yavuz Turgul",1996,128,12,8.0
"2025-07-10 13:30:00","The Bourne Supremacy",ACTION,"Paul Greengrass",2004,108,12,6.5
"2025-07-11 10:30:00","Lost in Translation",COMEDY,"Sofia Coppola",2003,102,12,8.5
"2025-07-12 10:30:00","The Fifth Element",ACTION,"Luc Besson",1997,126,12,6.5
"2025-07-12 13:30:00","It's a Wonderful Life",DRAMA,"Frank Capra",1946,130,6,6.5
"2025-07-12 16:30:00","Match Point",DRAMA,"Woody Allen",2005,124,16,8.5
"2025-07-13 10:30:00","Un long dimanche de fiançailles",DRAMA,"Jean-Pierre Jeunet",2004,133,0,6.5
"2025-07-13 13:30:00","Kelly's Heroes",ADVENTURE,"Brian G. Hutton",1970,144,12,8.0
"2025-07-13 17:00:00","Solaris",DRAMA,"Andrei Tarkovsky",1972,167,6,8.5
"2025-07-14 10:30:00","The Best Years of Our Lives",DRAMA,"William Wyler",1946,170,12,8.5
"2025-07-14 14:00:00","Charade",COMEDY,"Stanley Donen",1963,113,0,8.0
"2025-07-14 17:00:00","The Best Years of Our Lives",DRAMA,"William Wyler",1946,170,12,8.5
"2025-07-15 10:30:00","Ben-Hur",ADVENTURE,"William Wyler",1959,212,0,7.0
"2025-07-16 10:00:00","The Fifth Element",ACTION,"Luc Besson",1997,126,12,8.0
"2025-07-16 13:00:00","Boogie Nights",DRAMA,"Paul Thomas Anderson",1997,155,16,8.5
"2025-07-16 16:30:00","Anand",DRAMA,"Hrishikesh Mukherjee",1971,122,0,6.5
"2025-07-17 10:00:00","The Day of the Jackal",CRIME,"Fred Zinnemann",1973,143,12,8.0
"2025-07-17 13:00:00","Mr. Smith Goes to Washington",COMEDY,"Frank Capra",1939,129,12,8.0
"2025-07-18 10:00:00","Match Point",DRAMA,"Woody Allen",2005,124,16,7.0
"2025-07-18 13:00:00","Toy Story 2",ANIMATION,"John Lasseter",1999,92,0,7.0
"2025-07-19 10:00:00","Lord of War",ACTION,"Andrew Niccol",2005,122,16,7.5
"2025-07-19 13:00:00","The Bourne Supremacy",ACTION,"Paul Greengrass",2004,108,12,6.5
"2025-07-19 15:30:00","Kelly's Heroes",ADVENTURE,"Brian G. Hutton",1970,144,12,6.5
"2025-07-20 10:30:00","Days of Heaven",DRAMA,"Terrence Malick",1978,94,6,7.0
"2025-07-20 13:00:00","The Straight Story",BIOGRAPHY,"David Lynch",1999,112,0,8.0
"2025-07-20 15:30:00","Roman Holiday",COMEDY,"William Wyler",1953,118,12,8.5
"2025-07-20 18:30:00","Interstate 60: Episodes of the Road",ADVENTURE,"Bob Gale",2002,116,16,9.0
"2025-07-21 10:30:00","The Best Years of Our Lives",DRAMA,"William Wyler",1946,170,12,6.5
"2025-07-21 14:00:00","The Straight Story",BIOGRAPHY,"David Lynch",1999,112,0,7.0
"2025-07-21 17:00:00","The Fifth Element",ACTION,"Luc Besson",1997,126,12,7.5
"2025-07-22 10:30:00","Ordinary People",DRAMA,"Robert Redford",1980,124,0,7.5
"2025-07-22 13:30:00","Mr. Smith Goes to Washington",COMEDY,"Frank Capra",1939,129,12,8.0
"2025-07-23 10:00:00","The Best Years of Our Lives",DRAMA,"William Wyler",1946,170,12,7.5
"2025-07-24 10:00:00","Du rififi chez les hommes",CRIME,"Jules Dassin",1955,118,12,8.5
"2025-07-25 10:30:00","Anand",DRAMA,"Hrishikesh Mukherjee",1971,122,0,8.5
"2025-07-25 13:30:00","Days of Heaven",DRAMA,"Terrence Malick",1978,94,6,8.0
"2025-07-26 10:00:00","Du rififi chez les hommes",CRIME,"Jules Dassin",1955,118,12,7.0
"2025-07-26 13:00:00","Interstate 60: Episodes of the Road",ADVENTURE,"Bob Gale",2002,116,16,8.5
"2025-07-26 15:30:00","Days of Heaven",DRAMA,"Terrence Malick",1978,94,6,8.0
"2025-07-27 10:30:00","Höstsonaten",DRAMA,"Ingmar Bergman",1978,99,0,8.0
"2025-07-27 13:00:00","Days of Heaven",DRAMA,"Terrence Malick",1978,94,6,7.5
"2025-07-27 15:30:00","One Flew Over the Cuckoo's Nest",DRAMA,"Milos Forman",1975,133,12,8.0
"2025-07-28 10:30:00","Match Point",DRAMA,"Woody Allen",2005,124,16,6.5
"2025-07-28 13:30:00","Black",DRAMA,"Sanjay Leela Bhansali",2005,122,0,8.5
"2025-07-29 10:30:00","Some Like It Hot",COMEDY,"Billy Wilder",1959,121,0,7.5
"2025-07-29 13:30:00","The Straight Story",BIOGRAPHY,"David Lynch",1999,112,0,8.0
"2025-07-30 10:00:00","G.O.R.A.",ADVENTURE,"Ömer Faruk Sorak",2004,127,12,7.0
"2025-07-31 10:30:00","American Beauty",DRAMA,"Sam Mendes",1999,122,12,8.0
"2025-07-31 13:30:00","Seppuku",ACTION,"Masaki Kobayashi",1962,133,12,6.5
"2025-08-01 10:30:00","Central do Brasil",DRAMA,"Walter Salles",1998,110,16,7.5
"2025-08-01 13:00:00","Du rififi chez les hommes",CRIME,"Jules Dassin",1955,118,12,7.5
"2025-08-01 15:30:00","Bonnie and Clyde",ACTION,"Arthur Penn",1967,111,12,8.5
"2025-08-02 10:00:00","Lord of War",ACTION,"Andrew Niccol",2005,122,16,7.5
"2025-08-02 13:00:00","The Outlaw Josey Wales",WESTERN,"Clint Eastwood",1976,135,12,6.5
"2025-08-02 16:00:00","Naked",COMEDY,"Mike Leigh",1993,132,12,7.0
"2025-08-02 19:00:00","Du rififi chez les hommes",CRIME,"Jules Dassin",1955,118,12,8.5
"2025-08-03 10:00:00","The Bourne Supremacy",ACTION,"Paul Greengrass",2004,108,12,7.0
"2025-08-03 12:30:00","Höstsonaten",DRAMA,"Ingmar Bergman",1978,99,0,7.0
"2025-08-03 15:00:00","The Day of the Jackal",CRIME,"Fred Zinnemann",1973,143,12,6.5
"2025-08-04 10:00:00","American Beauty",DRAMA,"Sam Mendes",1999,122,12,7.5
"2025-08-04 13:00:00","The Day of the Jackal",CRIME,"Fred Zinnemann",1973,143,12,8.5
"2025-08-05 10:00:00","American Beauty",DRAMA,"Sam Mendes",1999,122,12,7.5
"2025-08-06 10:30:00","A Streetcar Named Desire",DRAMA,"Elia Kazan",1951,122,12,7.0
"2025-08-07 10:30:00","Black",DRAMA,"Sanjay Leela Bhansali",2005,122,0,8.5
"2025-08-07 13:30:00","The Best Years of Our Lives",DRAMA,"William Wyler",1946,170,12,7.0
"2025-08-08 10:00:00","Fiddler on the Roof",DRAMA,"Norman Jewison",1971,181,0,8.0
"2025-08-08 14:00:00","Spartacus",ADVENTURE,"Stanley Kubrick",1960,197,12,6.5
"2025-08-09 10:30:00","Spartacus",ADVENTURE,"Stanley Kubrick",1960,197,12,8.5
"2025-08-09 14:30:00","Spartacus",ADVENTURE,"Stanley Kubrick",1960,197,12,7.5
"2025-08-09 18:30:00","The Day of the Jackal",CRIME,"Fred Zinnemann",1973,143,12,10.0
"2025-08-10 10:00:00","American Beauty",DRAMA,"Sam Mendes",1999,122,12,7.0
"2025-08-10 13:00:00","One Flew Over the Cuckoo's Nest",DRAMA,"Milos Forman",1975,133,12,8.0
"2025-08-10 16:00:00","Watership Down",ANIMATION,"Martin Rosen",1978,91,0,8.0
"2025-08-10 18:30:00","Mr. Smith Goes to Washington",COMEDY,"Frank Capra",1939,129,12,9.5
"2025-08-11 10:30:00","Full Metal Jacket",DRAMA,"Stanley Kubrick",1987,116,12,7.0
"2025-08-11 13:30:00","Kaze no tani no Naushika",ANIMATION,"Hayao Miyazaki",1984,117,0,7.0
"2025-08-12 10:00:00","Black Hawk Down",DRAMA,"Ridley Scott",2001,144,12,7.5
"2025-08-12 13:00:00","Black Hawk Down",DRAMA,"Ridley Scott",2001,144,12,8.0
"2025-08-13 10:00:00","Spartacus",ADVENTURE,"Stanley Kubrick",1960,197,12,8.5
"2025-08-14 10:30:00","Requiem for a Dream",DRAMA,"Darren Aronofsky",2000,102,12,7.5
"2025-08-14 13:00:00","The Outlaw Josey Wales",WESTERN,"Clint Eastwood",1976,135,12,7.5
"2025-08-15 10:30:00","Lord of War",ACTION,"Andrew Niccol",2005,122,16,7.5
"2025-08-15 13:30:00","American Beauty",DRAMA,"Sam Mendes",1999,122,12,7.0
"2025-08-16 10:30:00","The Bourne Supremacy",ACTION,"Paul Greengrass",2004,108,12,8.0
"2025-08-16 13:30:00","Watership Down",ANIMATION,"Martin Rosen",1978,91,0,8.0
"2025-08-16 16:00:00","Some Like It Hot",COMEDY,"Billy Wilder",1959,121,0,7.5
"2025-08-16 19:00:00","The Day of the Jackal",CRIME,"Fred Zinnemann",1973,143,12,8.5
"2025-08-17 10:00:00","Naked",COMEDY,"Mike Leigh",1993,132,12,6.5
"2025-08-17 13:00:00","Breakfast at Tiffany's",COMEDY,"Blake Edwards",1961,115,12,8.0
"2025-08-17 16:00:00","Interstate 60: Episodes of the Road",ADVENTURE,"Bob Gale",2002,116,16,7.5
"2025-08-17 19:00:00","Kaze no tani no Naushika",ANIMATION,"Hayao Miyazaki",1984,117,0,10.0
"2025-08-18 10:00:00","Watership Down",ANIMATION,"Martin Rosen",1978,91,0,6.5
"2025-08-18 12:30:00","The Outlaw Josey Wales",WESTERN,"Clint Eastwood",1976,135,12,7.0
"2025-08-18 15:30:00","Ordinary People",DRAMA,"Robert Redford",1980,124,0,6.5
"2025-08-19 10:00:00","Mr. Smith Goes to Washington",COMEDY,"Frank Capra",1939,129,12,8.0
"2025-08-20 10:30:00","Black",DRAMA,"Sanjay Leela Bhansali",2005,122,0,8.0
"2025-08-20 13:30:00","One Flew Over the Cuckoo's Nest",DRAMA,"Milos Forman",1975,133,12,7.5
"2025-08-20 16:30:00","G.O.R.A.",ADVENTURE,"Ömer Faruk Sorak",2004,127,12,6.5
"2025-08-21 10:00:00","American Beauty",DRAMA,"Sam Mendes",1999,122,12,7.5
"2025-08-22 10:00:00","Full Metal Jacket",DRAMA,"Stanley Kubrick",1987,116,12,7.0
"2025-08-23 10:00:00","Withnail & I",COMEDY,"Bruce Robinson",1987,107,16,6.5
"2025-08-23 12:30:00","Mr. Smith Goes to Washington",COMEDY,"Frank Capra",1939,129,12,8.0
"2025-08-23 15:30:00","Withnail & I",COMEDY,"Bruce Robinson",1987,107,16,6.5
"2025-08-23 18:30:00","Days of Heaven",DRAMA,"Terrence Malick",1978,94,6,9.5
"2025-08-24 10:00:00","Eskiya",CRIME,"Yavuz Turgul",1996,128,12,7.5
"2025-08-24 13:00:00","Spartacus",ADVENTURE,"Stanley Kubrick",1960,197,12,6.5
"2025-08-24 17:00:00","The Outlaw Josey Wales",WESTERN,"Clint Eastwood",1976,135,12,8.0
"2025-08-24 20:00:00","The Green Mile",CRIME,"Frank Darabont",1999,189,12,9.0
"2025-08-25 10:30:00","Harvey",COMEDY,"Henry Koster",1950,104,12,7.0
"2025-08-25 13:00:00","All Quiet on the Western Front",DRAMA,"Lewis Milestone",1930,152,0,7.5
"2025-08-26 10:00:00","Jungfrukällan",DRAMA,"Ingmar Bergman",1960,89,12,6.5
"2025-08-26 12:30:00","Kaze no tani no Naushika",ANIMATION,"Hayao Miyazaki",1984,117,0,7.5
"2025-08-26 15:30:00","The Green Mile",CRIME,"Frank Darabont",1999,189,12,7.5
"2025-08-27 10:30:00","Black Hawk Down",DRAMA,"Ridley Scott",2001,144,12,6.5
"2025-08-27 13:30:00","Breakfast at Tiffany's",COMEDY,"Blake Edwards",1961,115,12,6.5
"2025-08-27 16:30:00","Les yeux sans visage",DRAMA,"Georges Franju",1960,90,12,8.5
"2025-08-28 10:30:00","Naked",COMEDY,"Mike Leigh",1993,132,12,8.0
"2025-08-29 10:30:00","Full Metal Jacket",DRAMA,"Stanley Kubrick",1987,116,12,8.0
"2025-08-29 13:30:00","Boksuneun naui geot",CRIME,"Chan-wook Park",2002,129,16,6.5
"2025-08-30 10:30:00","Naked",COMEDY,"Mike Leigh",1993,132,12,6.5
"2025-08-30 13:30:00","All Quiet on the Western Front",DRAMA,"Lewis Milestone",1930,152,0,7.0
"2025-08-30 17:00:00","The Count of Monte Cristo",ACTION,"Kevin Reynolds",2002,131,12,7.0
"2025-08-31 10:30:00","Per un pugno di dollari",ACTION,"Sergio Leone",1964,99,12,8.0
"2025-08-31 13:00:00","Good Will Hunting",DRAMA,"Gus Van Sant",1997,126,0,8.0
"2025-08-31 16:00:00","Full Metal Jacket",DRAMA,"Stanley Kubrick",1987,116,12,6.5
"2025-08-31 19:00:00","Harvey",COMEDY,"Henry Koster",1950,104,12,9.5
"2025-09-01 10:30:00","Per un pugno di dollari",ACTION,"Sergio Leone",1964,99,12,7.0
"2025-09-01 13:00:00","Dà hóng denglong gaogao guà",DRAMA,"Yimou Zhang",1991,125,6,7.0
"2025-09-01 16:00:00","Fiddler on the Roof",DRAMA,"Norman Jewison",1971,181,0,6.5
"2025-09-02 10:30:00","Kaze no tani no Naushika",ANIMATION,"Hayao Miyazaki",1984,117,0,8.5
"2025-09-03 10:00:00","Metropolis",DRAMA,"Fritz Lang",1927,153,12,8.5
"2025-09-04 10:00:00","Love and Death",COMEDY,"Woody Allen",1975,85,6,8.0
"2025-09-05 10:30:00","Metropolis",DRAMA,"Fritz Lang",1927,153,12,8.0
"2025-09-05 14:00:00","The Right Stuff",ADVENTURE,"Philip Kaufman",1983,193,6,7.5
"2025-09-06 10:30:00","Seppuku",ACTION,"Masaki Kobayashi",1962,133,12,6.5
"2025-09-06 13:30:00","The Conversation",DRAMA,"Francis Ford Coppola",1974,113,0,8.5
"2025-09-06 16:00:00","Mr. Smith Goes to Washington",COMEDY,"Frank Capra",1939,129,12,7.0
"2025-09-06 19:00:00","The Count of Monte Cristo",ACTION,"Kevin Reynolds",2002,131,12,10.0
"2025-09-07 10:00:00","Breakfast at Tiffany's",COMEDY,"Blake Edwards",1961,115,12,8.5
"2025-09-07 13:00:00","Bonnie and Clyde",ACTION,"Arthur Penn",1967,111,12,8.0
"2025-09-07 15:30:00","Donnie Darko",DRAMA,"Richard Kelly",2001,113,16,8.5
"2025-09-08 10:30:00","Spartacus",ADVENTURE,"Stanley Kubrick",1960,197,12,7.0
"2025-09-09 10:00:00","Ying xiong",ACTION,"Yimou Zhang",2002,120,12,8.0
"2025-09-10 10:30:00","Spartacus",ADVENTURE,"Stanley Kubrick",1960,197,12,8.5
"2025-09-10 15:00:00","Les yeux sans visage",DRAMA,"Georges Franju",1960,90,12,8.5
"2025-09-10 17:30:00","The Count of Monte Cristo",ACTION,"Kevin Reynolds",2002,131,12,7.5
"2025-09-11 10:30:00","Withnail & I",COMEDY,"Bruce Robinson",1987,107,16,7.0
"2025-09-12 10:30:00","Bronenosets Potemkin",DRAMA,"Sergei M. Eisenstein",1925,75,12,6.5
"2025-09-12 12:30:00","The Wizard of Oz",ADVENTURE,"Victor Fleming",1939,102,0,8.0
"2025-09-13 10:30:00","Boksuneun naui geot",CRIME,"Chan-wook Park",2002,129,16,8.5
"2025-09-13 13:30:00","Cidade de Deus",CRIME,"Fernando Meirelles",2002,130,12,8.0
"2025-09-13 16:30:00","Withnail & I",COMEDY,"Bruce Robinson",1987,107,16,6.5
"2025-09-13 19:00:00","A Streetcar Named Desire",DRAMA,"Elia Kazan",1951,122,12,9.5
"2025-09-14 10:00:00","La double vie de Véronique",DRAMA,"Krzysztof Kieslowski",1991,98,16,7.5
"2025-09-14 12:30:00","The Wizard of Oz",ADVENTURE,"Victor Fleming",1939,102,0,8.0
"2025-09-14 15:00:00","A Streetcar Named Desire",DRAMA,"Elia Kazan",1951,122,12,6.5
"2025-09-15 10:00:00","Kelly's Heroes",ADVENTURE,"Brian G. Hutton",1970,144,12,7.5
"2025-09-16 10:00:00","The Lady Vanishes",MYSTERY,"Alfred Hitchcock",1938,96,12,7.0
"2025-09-17 10:30:00","Dà hóng denglong gaogao guà",DRAMA,"Yimou Zhang",1991,125,6,7.0
"2025-09-17 13:30:00","Per un pugno di dollari",ACTION,"Sergio Leone",1964,99,12,7.0
"2025-09-17 16:00:00","Kelly's Heroes",ADVENTURE,"Brian G. Hutton",1970,144,12,7.0
"2025-09-18 10:00:00","Cidade de Deus",CRIME,"Fernando Meirelles",2002,130,12,7.0
"2025-09-18 13:00:00","Black Hawk Down",DRAMA,"Ridley Scott",2001,144,12,7.0
"2025-09-19 10:00:00","The Wizard of Oz",ADVENTURE,"Victor Fleming",1939,102,0,7.0
"2025-09-19 12:30:00","Ladri di biciclette",DRAMA,"Vittorio De Sica",1948,89,12,8.0
"2025-09-20 10:30:00","Ying xiong",ACTION,"Yimou Zhang",2002,120,12,7.0
"2025-09-20 13:30:00","The Wizard of Oz",ADVENTURE,"Victor Fleming",1939,102,0,7.0
"2025-09-20 16:00:00","Philadelphia",DRAMA,"Jonathan Demme",1993,125,12,8.5
"2025-09-20 19:00:00","Kaze no tani no Naushika",ANIMATION,"Hayao Miyazaki",1984,117,0,10.0
"2025-09-21 10:30:00","L'avventura",DRAMA,"Michelangelo Antonioni",1960,144,0,6.5
"2025-09-21 13:30:00","Per un pugno di dollari",ACTION,"Sergio Leone",1964,99,12,7.0
"2025-09-21 16:00:00","L'avventura",DRAMA,"Michelangelo Antonioni",1960,144,0,7.0
"2025-09-21 19:30:00","The Right Stuff",ADVENTURE,"Philip Kaufman",1983,193,6,10.0
"2025-09-22 10:30:00","Wo hu cang long",ACTION,"Ang Lee",2000,120,12,6.5
"2025-09-22 13:30:00","La double vie de Véronique",DRAMA,"Krzysztof Kieslowski",1991,98,16,6.5
"2025-09-22 16:00:00","Withnail & I",COMEDY,"Bruce Robinson",1987,107,16,8.0
"2025-09-23 10:30:00","The Conversation",DRAMA,"Francis Ford Coppola",1974,113,0,8.5
"2025-09-23 13:30:00","Dà hóng denglong gaogao guà",DRAMA,"Yimou Zhang",1991,125,6,7.5
"2025-09-24 10:30:00","The Lady Vanishes",MYSTERY,"Alfred Hitchcock",1938,96,12,7.0
"2025-09-24 13:00:00","The Wizard of Oz",ADVENTURE,"Victor Fleming",1939,102,0,8.0
"2025-09-25 10:30:00","Withnail & I",COMEDY,"Bruce Robinson",1987,107,16,8.0
"2025-09-25 13:00:00","Ying xiong",ACTION,"Yimou Zhang",2002,120,12,7.5
"2025-09-25 16:00:00","The Wizard of Oz",ADVENTURE,"Victor Fleming",1939,102,0,6.5
"2025-09-26 10:00:00","Midnight Express",BIOGRAPHY,"Alan Parker",1978,121,12,8.5
"2025-09-27 10:00:00","The Right Stuff",ADVENTURE,"Philip Kaufman",1983,193,6,8.5
"2025-09-27 14:00:00","Kelly's Heroes",ADVENTURE,"Brian G. Hutton",1970,144,12,8.0
"2025-09-27 17:00:00","Philadelphia",DRAMA,"Jonathan Demme",1993,125,12,7.0
"2025-09-27 20:00:00","Cidade de Deus",CRIME,"Fernando Meirelles",2002,130,12,8.5
"2025-09-28 10:30:00","The Conversation",DRAMA,"Francis Ford Coppola",1974,113,0,7.5
"2025-09-28 13:00:00","Ying xiong",ACTION,"Yimou Zhang",2002,120,12,6.5
"2025-09-28 16:00:00","Bronenosets Potemkin",DRAMA,"Sergei M. Eisenstein",1925,75,12,8.0
"2025-09-29 10:00:00","Pirates of the Caribbean: The Curse of the Black Pearl",ACTION,"Gore Verbinski",2003,143,12,7.0
"2025-09-30 10:30:00","Bronenosets Potemkin",DRAMA,"Sergei M. Eisenstein",1925,75,12,7.5
"2025-10-01 10:00:00","Per qualche dollaro in più",WESTERN,"Sergio Leone",1965,132,0,6.5
"2025-10-01 13:00:00","Pirates of the Caribbean: The Curse of the Black Pearl",ACTION,"Gore Verbinski",2003,143,12,6.5
"2025-10-02 10:00:00","Withnail & I",COMEDY,"Bruce Robinson",1987,107,16,8.5
"2025-10-02 13:00:00","Ying xiong",ACTION,"Yimou Zhang",2002,120,12,7.0
"2025-10-03 10:30:00","Manhattan",COMEDY,"Woody Allen",1979,96,16,8.0
"2025-10-04 10:00:00","Kelly's Heroes",ADVENTURE,"Brian G. Hutton",1970,144,12,8.0
"2025-10-04 13:00:00","Midnight Express",BIOGRAPHY,"Alan Parker",1978,121,12,7.5
"2025-10-04 16:00:00","A Streetcar Named Desire",DRAMA,"Elia Kazan",1951,122,12,7.0
"2025-10-04 19:00:00","Manhattan",COMEDY,"Woody Allen",1979,96,16,9.5
"2025-10-05 10:00:00","The Goonies",ADVENTURE,"Richard Donner",1985,114,0,7.0
"2025-10-05 13:00:00","Donnie Darko",DRAMA,"Richard Kelly",2001,113,16,8.0
"2025-10-05 16:00:00","Rushmore",COMEDY,"Wes Anderson",1998,93,12,7.5
"2025-10-05 18:30:00","The Sound of Music",BIOGRAPHY,"Robert Wise",1965,172,0,9.0
"2025-10-06 10:00:00","The Lady Vanishes",MYSTERY,"Alfred Hitchcock",1938,96,12,8.5
"2025-10-06 12:30:00","Philadelphia",DRAMA,"Jonathan Demme",1993,125,12,6.5
"2025-10-07 10:30:00","The Sound of Music",BIOGRAPHY,"Robert Wise",1965,172,0,8.5
"2025-10-07 14:00:00","Rushmore",COMEDY,"Wes Anderson",1998,93,12,8.0
"2025-10-08 10:00:00","Paper Moon",COMEDY,"Peter Bogdanovich",1973,102,0,8.5
"2025-10-08 12:30:00","Halloween",HORROR,"John Carpenter",1978,91,12,8.0
"2025-10-09 10:00:00","Enter the Dragon",ACTION,"Robert Clouse",1973,102,12,8.0
"2025-10-09 12:30:00","The Godfather: Part II",CRIME,"Francis Ford Coppola",1974,202,12,7.5
"2025-10-09 16:30:00","The Goonies",ADVENTURE,"Richard Donner",1985,114,0,8.0
"2025-10-10 10:00:00","The Godfather: Part II",CRIME,"Francis Ford Coppola",1974,202,12,6.5
"2025-10-10 14:00:00","Manhattan",COMEDY,"Woody Allen",1979,96,16,8.5
"2025-10-10 16:30:00","The Sound of Music",BIOGRAPHY,"Robert Wise",1965,172,0,8.0
"2025-10-11 10:00:00","Titanic",DRAMA,"James Cameron",1997,194,12,7.5
"2025-10-11 14:00:00","Enter the Dragon",ACTION,"Robert Clouse",1973,102,12,7.0
"2025-10-11 16:30:00","Rushmore",COMEDY,"Wes Anderson",1998,93,12,8.0
"2025-10-11 19:00:00","Rushmore",COMEDY,"Wes Anderson",1998,93,12,8.5
"2025-10-12 10:00:00","Pirates of the Caribbean: The Curse of the Black Pearl",ACTION,"Gore Verbinski",2003,143,12,8.0
"2025-10-12 13:30:00","The Goonies",ADVENTURE,"Richard Donner",1985,114,0,8.0
"2025-10-12 16:00:00","The Lady Vanishes",MYSTERY,"Alfred Hitchcock",1938,96,12,8.5
"2025-10-12 18:30:00","Kelly's Heroes",ADVENTURE,"Brian G. Hutton",1970,144,12,9.5
"2025-10-13 10:00:00","Halloween",HORROR,"John Carpenter",1978,91,12,8.5
"2025-10-13 12:30:00","Pirates of the Caribbean: The Curse of the Black Pearl",ACTION,"Gore Verbinski",2003,143,12,7.5
"2025-10-14 10:30:00","Ray",BIOGRAPHY,"Taylor Hackford",2004,152,12,7.5
"2025-10-14 14:00:00","King Kong",ADVENTURE,"Merian C. Cooper",1933,100,12,7.0
"2025-10-15 10:30:00","Rushmore",COMEDY,"Wes Anderson",1998,93,12,8.5
"2025-10-15 13:00:00","Vizontele",COMEDY,"Yilmaz Erdogan",2001,110,12,6.5
"2025-10-15 16:00:00","Ray",BIOGRAPHY,"Taylor Hackford",2004,152,12,7.0
"2025-10-16 10:30:00","A Streetcar Named Desire",DRAMA,"Elia Kazan",1951,122,12,7.5
"2025-10-16 13:30:00","L'avventura",DRAMA,"Michelangelo Antonioni",1960,144,0,8.0
"2025-10-16 16:30:00","Harry Potter and the Goblet of Fire",ADVENTURE,"Mike Newell",2005,157,12,7.5
"2025-10-17 10:00:00","The Sound of Music",BIOGRAPHY,"Robert Wise",1965,172,0,8.5
"2025-10-18 10:30:00","Kelly's Heroes",ADVENTURE,"Brian G. Hutton",1970,144,12,6.5
"2025-10-18 13:30:00","Zerkalo",BIOGRAPHY,"Andrei Tarkovsky",1975,107,0,6.5
"2025-10-18 16:00:00","Harry Potter and the Goblet of Fire",ADVENTURE,"Mike Newell",2005,157,12,7.0
"2025-10-19 10:00:00","Enter the Dragon",ACTION,"Robert Clouse",1973,102,12,6.5
"2025-10-19 12:30:00","Midnight Express",BIOGRAPHY,"Alan Parker",1978,121,12,6.5
"2025-10-19 15:30:00","Kelly's Heroes",ADVENTURE,"Brian G. Hutton",1970,144,12,8.5
"2025-10-19 18:30:00","Indiana Jones and the Last Crusade",ACTION,"Steven Spielberg",1989,127,0,10.0
"2025-10-20 10:00:00","Manhattan",COMEDY,"Woody Allen",1979,96,16,7.5
"2025-10-21 10:30:00","On Golden Pond",DRAMA,"Mark Rydell",1981,109,12,7.5
"2025-10-21 13:00:00","The Lady Vanishes",MYSTERY,"Alfred Hitchcock",1938,96,12,8.0
"2025-10-21 15:30:00","Ray",BIOGRAPHY,"Taylor Hackford",2004,152,12,8.5
"2025-10-22 10:00:00","The Sound of Music",BIOGRAPHY,"Robert Wise",1965,172,0,6.5
"2025-10-23 10:00:00","Tengoku to jigoku",CRIME,"Akira Kurosawa",1963,143,12,8.5
"2025-10-23 13:00:00","On Golden Pond",DRAMA,"Mark Rydell",1981,109,12,7.0
"2025-10-23 15:30:00","Rushmore",COMEDY,"Wes Anderson",1998,93,12,7.0
"2025-10-24 10:30:00","A Streetcar Named Desire",DRAMA,"Elia Kazan",1951,122,12,8.0
"2025-10-25 10:00:00","Kelly's Heroes",ADVENTURE,"Brian G. Hutton",1970,144,12,8.5
"2025-10-25 13:30:00","Ray",BIOGRAPHY,"Taylor Hackford",2004,152,12,6.5
"2025-10-25 17:00:00","Vizontele",COMEDY,"Yilmaz Erdogan",2001,110,12,6.5
"2025-10-26 10:30:00","Harry Potter and the Goblet of Fire",ADVENTURE,"Mike Newell",2005,157,12,8.0
"2025-10-26 14:00:00","Das Boot",ADVENTURE,"Wolfgang Petersen",1981,149,16,6.5
"2025-10-26 17:30:00","Harry Potter and the Goblet of Fire",ADVENTURE,"Mike Newell",2005,157,12,7.5
"2025-10-27 10:30:00","The Sound of Music",BIOGRAPHY,"Robert Wise",1965,172,0,8.0
"2025-10-28 10:30:00","Harry Potter and the Goblet of Fire",ADVENTURE,"Mike Newell",2005,157,12,7.5
"2025-10-28 14:00:00","Rosemary's Baby",DRAMA,"Roman Polanski",1968,137,12,7.5
"2025-10-29 10:30:00","Tengoku to jigoku",CRIME,"Akira Kurosawa",1963,143,12,8.0
"2025-10-29 14:00:00","Enter the Dragon",ACTION,"Robert Clouse",1973,102,12,7.5
"2025-10-30 10:00:00","Enter the Dragon",ACTION,"Robert Clouse",1973,102,12,8.0
"2025-10-31 10:00:00","The Philadelphia Story",COMEDY,"George Cukor",1940,112,12,8.5
"2025-10-31 13:00:00","The Goonies",ADVENTURE,"Richard Donner",1985,114,0,8.0
"2025-10-31 15:30:00","On Golden Pond",DRAMA,"Mark Rydell",1981,109,12,6.5
"2025-11-01 10:00:00","Tengoku to jigoku",CRIME,"Akira Kurosawa",1963,143,12,7.0
"2025-11-01 13:30:00","Indiana Jones and the Last Crusade",ACTION,"Steven Spielberg",1989,127,0,7.5
"2025-11-01 16:30:00","East of Eden",DRAMA,"Elia Kazan",1955,118,0,6.5
"2025-11-01 19:30:00","The Sound of Music",BIOGRAPHY,"Robert Wise",1965,172,0,8.5
"2025-11-02 10:30:00","King Kong",ADVENTURE,"Merian C. Cooper",1933,100,12,6.5
"2025-11-02 13:00:00","Indiana Jones and the Last Crusade",ACTION,"Steven Spielberg",1989,127,0,7.0
"2025-11-02 16:00:00","Ray",BIOGRAPHY,"Taylor Hackford",2004,152,12,6.5
"2025-11-02 19:30:00","Harry Potter and the Goblet of Fire",ADVENTURE,"Mike Newell",2005,157,12,8.5
"2025-11-03 10:30:00","Per qualche dollaro in più",WESTERN,"Sergio Leone",1965,132,0,8.0
"2025-11-03 13:30:00","Indiana Jones and the Last Crusade",ACTION,"Steven Spielberg",1989,127,0,8.5
"2025-11-04 10:30:00","The Machinist",DRAMA,"Brad Anderson",2004,101,16,6.5
"2025-11-04 13:00:00","Das Boot",ADVENTURE,"Wolfgang Petersen",1981,149,16,7.0
"2025-11-05 10:30:00","When Harry Met Sally...",COMEDY,"Rob Reiner",1989,95,12,7.0
"2025-11-06 10:00:00","Sleuth",MYSTERY,"Joseph L. Mankiewicz",1972,138,6,7.5
"2025-11-06 13:00:00","Harry Potter and the Goblet of Fire",ADVENTURE,"Mike Newell",2005,157,12,8.5
"2025-11-07 10:30:00","A Streetcar Named Desire",DRAMA,"Elia Kazan",1951,122,12,8.0
"2025-11-08 10:00:00","Indiana Jones and the Last Crusade",ACTION,"Steven Spielberg",1989,127,0,8.5
"2025-11-08 13:00:00","When Harry Met Sally...",COMEDY,"Rob Reiner",1989,95,12,8.0
"2025-11-08 15:30:00","Tengoku to jigoku",CRIME,"Akira Kurosawa",1963,143,12,8.0
"2025-11-09 10:00:00","28 Days Later...",DRAMA,"Danny Boyle",2002,113,12,8.0
"2025-11-09 13:00:00","28 Days Later...",DRAMA,"Danny Boyle",2002,113,12,8.5
"2025-11-09 16:00:00","Titanic",DRAMA,"James Cameron",1997,194,12,7.0
"2025-11-09 20:00:00","Ray",BIOGRAPHY,"Taylor Hackford",2004,152,12,9.5
"2025-11-10 10:00:00","King Kong",ADVENTURE,"Merian C. Cooper",1933,100,12,7.5
"2025-11-10 12:30:00","Crash",CRIME,"Paul Haggis",2004,112,12,7.5
"2025-11-10 15:00:00","Minority Report",ACTION,"Steven Spielberg",2002,145,12,7.0
"2025-11-11 10:00:00","Stalker",DRAMA,"Andrei Tarkovsky",1979,162,0,7.0
"2025-11-11 13:30:00","Malcolm X",BIOGRAPHY,"Spike Lee",1992,202,0,8.0
"2025-11-12 10:00:00","King Kong",ADVENTURE,"Merian C. Cooper",1933,100,12,8.5
"2025-11-13 10:30:00","The Machinist",DRAMA,"Brad Anderson",2004,101,16,8.0
"2025-11-14 10:00:00","The Machinist",DRAMA,"Brad Anderson",2004,101,16,6.5
"2025-11-14 12:30:00","American Psycho",COMEDY,"Mary Harron",2000,101,12,6.5
"2025-11-14 15:00:00","American Psycho",COMEDY,"Mary Harron",2000,101,12,7.0
"2025-11-15 10:30:00","Crash",CRIME,"Paul Haggis",2004,112,12,7.5
"2025-11-15 13:30:00","Stalker",DRAMA,"Andrei Tarkovsky",1979,162,0,8.0
"2025-11-15 17:00:00","Harry Potter and the Goblet of Fire",ADVENTURE,"Mike Newell",2005,157,12,7.5
"2025-11-15 20:30:00","American Psycho",COMEDY,"Mary Harron",2000,101,12,9.0
"2025-11-16 10:00:00","Minority Report",ACTION,"Steven Spielberg",2002,145,12,6.5
"2025-11-16 13:30:00","Stalker",DRAMA,"Andrei Tarkovsky",1979,162,0,7.5
"2025-11-16 17:00:00","Rosemary's Baby",DRAMA,"Roman Polanski",1968,137,12,7.5
"2025-11-17 10:00:00","Enter the Dragon",ACTION,"Robert Clouse",1973,102,12,8.5
"2025-11-17 12:30:00","Ray",BIOGRAPHY,"Taylor Hackford",2004,152,12,8.0
"2025-11-17 16:00:00","Das Boot",ADVENTURE,"Wolfgang Petersen",1981,149,16,8.0
"2025-11-18 10:30:00","Das Boot",ADVENTURE,"Wolfgang Petersen",1981,149,16,7.5
"2025-11-18 13:30:00","Stalker",DRAMA,"Andrei Tarkovsky",1979,162,0,8.5
"2025-11-19 10:00:00","28 Days Later...",DRAMA,"Danny Boyle",2002,113,12,8.5
"2025-11-19 12:30:00","When Harry Met Sally...",COMEDY,"Rob Reiner",1989,95,12,7.5
"2025-11-20 10:00:00","La planète sauvage",ANIMATION,"René Laloux",1973,72,0,8.0
"2025-11-20 12:00:00","Minority Report",ACTION,"Steven Spielberg",2002,145,12,6.5
"2025-11-21 10:00:00","Minority Report",ACTION,"Steven Spielberg",2002,145,12,7.0
"2025-11-22 10:30:00","American Psycho",COMEDY,"Mary Harron",2000,101,12,6.5
"2025-11-22 13:00:00","Sleuth",MYSTERY,"Joseph L. Mankiewicz",1972,138,6,6.5
"2025-11-22 16:00:00","The Sandlot",COMEDY,"David Mickey Evans",1993,101,0,8.0
"2025-11-22 18:30:00","Das Boot",ADVENTURE,"Wolfgang Petersen",1981,149,16,8.5
"2025-11-23 10:00:00","Trois couleurs: Bleu",DRAMA,"Krzysztof Kieslowski",1993,94,0,6.5
"2025-11-23 12:30:00","Trois couleurs: Bleu",DRAMA,"Krzysztof Kieslowski",1993,94,0,8.5
"2025-11-23 15:00:00","Lock, Stock and Two Smoking Barrels",ACTION,"Guy Ritchie",1998,107,12,8.0
"2025-11-23 18:00:00","The Machinist",DRAMA,"Brad Anderson",2004,101,16,8.5
"2025-11-24 10:30:00","Minority Report",ACTION,"Steven Spielberg",2002,145,12,7.0
"2025-11-24 14:00:00","East of Eden",DRAMA,"Elia Kazan",1955,118,0,8.0
"2025-11-25 10:00:00","28 Days Later...",DRAMA,"Danny Boyle",2002,113,12,8.0
"2025-11-26 10:30:00","La planète sauvage",ANIMATION,"René Laloux",1973,72,0,7.5
"2025-11-26 12:30:00","Stalker",DRAMA,"Andrei Tarkovsky",1979,162,0,8.5
"2025-11-26 16:00:00","Rupan sansei: Kariosutoro no shiro",ANIMATION,"Hayao Miyazaki",1979,100,0,8.5
"2025-11-27 10:30:00","Malcolm X",BIOGRAPHY,"Spike Lee",1992,202,0,8.5
"2025-11-27 14:30:00","American Psycho",COMEDY,"Mary Harron",2000,101,12,7.0
"2025-11-27 17:00:00","My Left Foot: The Story of Christy Brown",BIOGRAPHY,"Jim Sheridan",1989,103,0,8.5
"2025-11-28 10:00:00","East of Eden",DRAMA,"Elia Kazan",1955,118,0,8.5
"2025-11-29 10:00:00","Lock, Stock and Two Smoking Barrels",ACTION,"Guy Ritchie",1998,107,12,7.5
"2025-11-29 13:00:00","Bom Yeoareum Gaeul Gyeoul Geurigo Bom",DRAMA,"Ki-duk Kim",2003,103,16,7.5
"2025-11-29 15:30:00","Scarface",CRIME,"Brian De Palma",1983,170,12,8.0
"2025-11-29 19:00:00","La planète sauvage",ANIMATION,"René Laloux",1973,72,0,10.0
"2025-11-30 10:00:00","Stalker",DRAMA,"Andrei Tarkovsky",1979,162,0,8.5
"2025-11-30 13:30:00","La battaglia di Algeri",DRAMA,"Gillo Pontecorvo",1966,121,12,7.5
"2025-11-30 16:30:00","Malcolm X",BIOGRAPHY,"Spike Lee",1992,202,0,6.5
"2025-11-30 21:00:00","Lock, Stock and Two Smoking Barrels",ACTION,"Guy Ritchie",1998,107,12,10.0
"2025-12-01 10:00:00","The Wild Bunch",ACTION,"Sam Peckinpah",1969,145,12,7.5
"2025-12-02 10:00:00","When Harry Met Sally...",COMEDY,"Rob Reiner",1989,95,12,6.5
"2025-12-02 12:30:00","Papillon",BIOGRAPHY,"Franklin J. Schaffner",1973,151,16,8.0
"2025-12-02 16:00:00","Dilwale Dulhania Le Jayenge",DRAMA,"Aditya Chopra",1995,189,0,6.5
"2025-12-03 10:00:00","My Left Foot: The Story of Christy Brown",BIOGRAPHY,"Jim Sheridan",1989,103,0,7.0
"2025-12-03 12:30:00","The Fugitive",ACTION,"Andrew Davis",1993,130,0,7.5
"2025-12-03 15:30:00","Minority Report",ACTION,"Steven Spielberg",2002,145,12,6.5
"2025-12-04 10:30:00","Once Were Warriors",CRIME,"Lee Tamahori",1994,102,12,8.0
"2025-12-04 13:00:00","Gone with the Wind",DRAMA,"Victor Fleming",1939,238,0,6.5
"2025-12-04 18:00:00","Minority Report",ACTION,"Steven Spielberg",2002,145,12,9.5
"2025-12-05 10:30:00","Gone with the Wind",DRAMA,"Victor Fleming",1939,238,0,7.0
"2025-12-05 15:30:00","Kumonosu-jô",DRAMA,"Akira Kurosawa",1957,110,12,7.5
"2025-12-05 18:00:00","Dilwale Dulhania Le Jayenge",DRAMA,"Aditya Chopra",1995,189,0,9.5
"2025-12-06 10:30:00","Once Were Warriors",CRIME,"Lee Tamahori",1994,102,12,8.0
"2025-12-06 13:00:00","Bom Yeoareum Gaeul Gyeoul Geurigo Bom",DRAMA,"Ki-duk Kim",2003,103,16,6.5
"2025-12-06 15:30:00","Dilwale Dulhania Le Jayenge",DRAMA,"Aditya Chopra",1995,189,0,6.5
"2025-12-07 10:00:00","La montaña sagrada",ADVENTURE,"Alejandro Jodorowsky",1973,114,16,8.0
"2025-12-07 13:00:00","Trois couleurs: Bleu",DRAMA,"Krzysztof Kieslowski",1993,94,0,8.5
"2025-12-07 15:30:00","Once Were Warriors",CRIME,"Lee Tamahori",1994,102,12,7.0
"2025-12-08 10:00:00","The Great Escape",ADVENTURE,"John Sturges",1963,172,0,6.5
"2025-12-08 13:30:00","La montaña sagrada",ADVENTURE,"Alejandro Jodorowsky",1973,114,16,7.5
"2025-12-08 16:00:00","The Great Escape",ADVENTURE,"John Sturges",1963,172,0,7.5
"2025-12-09 10:30:00","Once Were Warriors",CRIME,"Lee Tamahori",1994,102,12,7.5
"2025-12-10 10:00:00","Trois couleurs: Bleu",DRAMA,"Krzysztof Kieslowski",1993,94,0,7.5
"2025-12-10 12:30:00","The Wild Bunch",ACTION,"Sam Peckinpah",1969,145,12,7.5
"2025-12-11 10:30:00","Scarface",CRIME,"Brian De Palma",1983,170,12,8.0
"2025-12-12 10:00:00","La battaglia di Algeri",DRAMA,"Gillo Pontecorvo",1966,121,12,8.0
"2025-12-13 10:00:00","The Great Escape",ADVENTURE,"John Sturges",1963,172,0,8.0
"2025-12-13 14:00:00","Fa yeung nin wah",DRAMA,"Kar-Wai Wong",2000,98,0,6.5
"2025-12-13 16:30:00","Bom Yeoareum Gaeul Gyeoul Geurigo Bom",DRAMA,"Ki-duk Kim",2003,103,16,7.5
"2025-12-14 10:30:00","Dip huet seung hung",ACTION,"John Woo",1989,111,16,6.5
"2025-12-14 13:00:00","Rupan sansei: Kariosutoro no shiro",ANIMATION,"Hayao Miyazaki",1979,100,0,8.0
"2025-12-14 15:30:00","Kumonosu-jô",DRAMA,"Akira Kurosawa",1957,110,12,7.0
"2025-12-15 10:00:00","The Fugitive",ACTION,"Andrew Davis",1993,130,0,6.5
"2025-12-15 13:00:00","Papillon",BIOGRAPHY,"Franklin J. Schaffner",1973,151,16,8.5
"2025-12-16 10:30:00","28 Days Later...",DRAMA,"Danny Boyle",2002,113,12,8.0
"2025-12-16 13:00:00","High Noon",DRAMA,"Fred Zinnemann",1952,85,6,7.0
"2025-12-17 10:30:00","Predator",ACTION,"John McTiernan",1987,107,12,8.5
"2025-12-17 13:30:00","All That Jazz",DRAMA,"Bob Fosse",1979,123,12,8.0
"2025-12-17 16:30:00","Yôjinbô",ACTION,"Akira Kurosawa",1961,110,12,8.5
"2025-12-18 10:00:00","Bom Yeoareum Gaeul Gyeoul Geurigo Bom",DRAMA,"Ki-duk Kim",2003,103,16,8.0
"2025-12-18 12:30:00","All That Jazz",DRAMA,"Bob Fosse",1979,123,12,8.0
"2025-12-18 15:30:00","La montaña sagrada",ADVENTURE,"Alejandro Jodorowsky",1973,114,16,8.0
"2025-12-19 10:30:00","Fa yeung nin wah",DRAMA,"Kar-Wai Wong",2000,98,0,8.0
"2025-12-19 13:00:00","Love and Death",COMEDY,"Woody Allen",1975,85,6,8.0
"2025-12-19 15:30:00","Predator",ACTION,"John McTiernan",1987,107,12,8.5
"2025-12-20 10:00:00","Kumonosu-jô",DRAMA,"Akira Kurosawa",1957,110,12,7.5
"2025-12-20 12:30:00","All That Jazz",DRAMA,"Bob Fosse",1979,123,12,7.5
"2025-12-20 15:30:00","Midnight Express",BIOGRAPHY,"Alan Parker",1978,121,12,7.5
"2025-12-21 10:00:00","Trois couleurs: Bleu",DRAMA,"Krzysztof Kieslowski",1993,94,0,8.5
"2025-12-21 12:30:00","Pink Floyd: The Wall",DRAMA,"Alan Parker",1982,95,12,8.0
"2025-12-21 15:00:00","Yôjinbô",ACTION,"Akira Kurosawa",1961,110,12,8.5
"2025-12-22 10:30:00","Midnight Express",BIOGRAPHY,"Alan Parker",1978,121,12,7.5
"2025-12-22 13:30:00","When Harry Met Sally...",COMEDY,"Rob Reiner",1989,95,12,6.5
"2025-12-22 16:00:00","The Wild Bunch",ACTION,"Sam Peckinpah",1969,145,12,8.0
"2025-12-23 10:00:00","Papillon",BIOGRAPHY,"Franklin J. Schaffner",1973,151,16,7.0
"2025-12-23 13:30:00","The Fugitive",ACTION,"Andrew Davis",1993,130,0,7.0
"2025-12-23 16:30:00","Office Space",COMEDY,"Mike Judge",1999,89,16,6.5
"2025-12-24 10:00:00","When Harry Met Sally...",COMEDY,"Rob Reiner",1989,95,12,7.0
"2025-12-24 12:30:00","American Psycho",COMEDY,"Mary Harron",2000,101,12,7.5
"2025-12-25 10:30:00","Predator",ACTION,"John McTiernan",1987,107,12,6.5
"2025-12-25 13:00:00","Minority Report",ACTION,"Steven Spielberg",2002,145,12,8.5
"2025-12-25 16:00:00","L.A. Confidential",CRIME,"Curtis Hanson",1997,138,12,7.0
"2025-12-26 10:30:00","My Left Foot: The Story of Christy Brown",BIOGRAPHY,"Jim Sheridan",1989,103,0,8.5
"2025-12-27 10:30:00","High Noon",DRAMA,"Fred Zinnemann",1952,85,6,8.0
"2025-12-27 13:00:00","When Harry Met Sally...",COMEDY,"Rob Reiner",1989,95,12,8.5
"2025-12-27 15:30:00","American Psycho",COMEDY,"Mary Harron",2000,101,12,7.0
"2025-12-28 10:30:00","The Great Escape",ADVENTURE,"John Sturges",1963,172,0,8.5
"2025-12-28 14:00:00","Yôjinbô",ACTION,"Akira Kurosawa",1961,110,12,8.0
"2025-12-28 16:30:00","La planète sauvage",ANIMATION,"René Laloux",1973,72,0,8.5
"2025-12-29 10:00:00","Chung Hing sam lam",COMEDY,"Kar-Wai Wong",1994,102,0,7.5
"2025-12-29 12:30:00","Papillon",BIOGRAPHY,"Franklin J. Schaffner",1973,151,16,8.0
"2025-12-30 10:00:00","Office Space",COMEDY,"Mike Judge",1999,89,16,7.5
"2025-12-31 10:30:00","The Wild Bunch",ACTION,"Sam Peckinpah",1969,145,12,6.5
"2026-01-01 10:30:00","The Departed",CRIME,"Martin Scorsese",2006,151,12,8.0
"2026-01-01 14:00:00","Midnight Express",BIOGRAPHY,"Alan Parker",1978,121,12,8.5
"2026-01-01 17:00:00","Love and Death",COMEDY,"Woody Allen",1975,85,6,8.0
"2026-01-02 10:00:00","The Third Man",FILM_NOIR,"Carol Reed",1949,104,12,6.5
"2026-01-03 10:30:00","Fargo",CRIME,"Joel Coen",1996,98,12,7.0
"2026-01-03 13:00:00","The Last Samurai",ACTION,"Edward Zwick",2003,154,12,7.5
"2026-01-03 16:30:00","Predator",ACTION,"John McTiernan",1987,107,12,7.5
"2026-01-03 19:00:00","Mississippi Burning",CRIME,"Alan Parker",1988,128,12,10.0
"2026-01-04 10:30:00","Chung Hing sam lam",COMEDY,"Kar-Wai Wong",1994,102,0,8.5
"2026-01-04 13:00:00","L.A. Confidential",CRIME,"Curtis Hanson",1997,138,12,7.5
"2026-01-04 16:00:00","The Remains of the Day",DRAMA,"James Ivory",1993,134,0,8.0
"2026-01-04 19:00:00","Fargo",CRIME,"Joel Coen",1996,98,12,9.0
"2026-01-05 10:30:00","Office Space",COMEDY,"Mike Judge",1999,89,16,7.0
"2026-01-05 13:00:00","Papillon",BIOGRAPHY,"Franklin J. Schaffner",1973,151,16,7.0
"2026-01-05 16:30:00","The Last Samurai",ACTION,"Edward Zwick",2003,154,12,6.5
"2026-01-06 10:30:00","Hannah and Her Sisters",COMEDY,"Woody Allen",1986,107,12,6.5
"2026-01-06 13:30:00","Hannah and Her Sisters",COMEDY,"Woody Allen",1986,107,12,6.5
"2026-01-07 10:00:00","Taegukgi hwinalrimyeo",ACTION,"Je-kyu Kang",2004,140,16,7.5
"2026-01-08 10:00:00","Taegukgi hwinalrimyeo",ACTION,"Je-kyu Kang",2004,140,16,7.5
"2026-01-08 13:30:00","Double Indemnity",CRIME,"Billy Wilder",1944,107,12,7.5
"2026-01-08 16:00:00","Harvey",COMEDY,"Henry Koster",1950,104,12,8.5
"2026-01-09 10:00:00","Kôkaku Kidôtai",ANIMATION,"Mamoru Oshii",1995,83,12,7.0
"2026-01-10 10:00:00","Office Space",COMEDY,"Mike Judge",1999,89,16,7.5
"2026-01-10 12:30:00","Papillon",BIOGRAPHY,"Franklin J. Schaffner",1973,151,16,7.5
"2026-01-10 16:00:00","High Noon",DRAMA,"Fred Zinnemann",1952,85,6,7.5
"2026-01-10 18:30:00","Dirty Harry",ACTION,"Don Siegel",1971,102,12,9.5
"2026-01-11 10:00:00","Ray",BIOGRAPHY,"Taylor Hackford",2004,152,12,8.5
"2026-01-11 13:30:00","Dirty Harry",ACTION,"Don Siegel",1971,102,12,8.0
"2026-01-11 16:00:00","Fargo",CRIME,"Joel Coen",1996,98,12,8.5
"2026-01-11 18:30:00","Taegukgi hwinalrimyeo",ACTION,"Je-kyu Kang",2004,140,16,9.0
"2026-01-12 10:00:00","Predator",ACTION,"John McTiernan",1987,107,12,8.5
"2026-01-12 12:30:00","When Harry Met Sally...",COMEDY,"Rob Reiner",1989,95,12,8.5
"2026-01-13 10:30:00","Dirty Harry",ACTION,"Don Siegel",1971,102,12,6.5
"2026-01-14 10:30:00","Midnight Express",BIOGRAPHY,"Alan Parker",1978,121,12,8.5
"2026-01-15 10:00:00","Ray",BIOGRAPHY,"Taylor Hackford",2004,152,12,8.0
"2026-01-15 13:30:00","No Man's Land",COMEDY,"Danis Tanovic",2001,98,16,7.5
"2026-01-15 16:00:00","Office Space",COMEDY,"Mike Judge",1999,89,16,8.5
"2026-01-16 10:30:00","Zerkalo",BIOGRAPHY,"Andrei Tarkovsky",1975,107,0,7.0
"2026-01-16 13:00:00","Withnail & I",COMEDY,"Bruce Robinson",1987,107,16,8.0
"2026-01-17 10:30:00","Forrest Gump",DRAMA,"Robert Zemeckis",1994,142,12,8.5
"2026-01-17 13:30:00","The Last Samurai",ACTION,"Edward Zwick",2003,154,12,8.5
"2026-01-17 17:00:00","To Kill a Mockingbird",CRIME,"Robert Mulligan",1962,129,0,8.0
"2026-01-17 20:00:00","Taegukgi hwinalrimyeo",ACTION,"Je-kyu Kang",2004,140,16,10.0
"2026-01-18 10:30:00","The Remains of the Day",DRAMA,"James Ivory",1993,134,0,8.5
"2026-01-18 13:30:00","High Noon",DRAMA,"Fred Zinnemann",1952,85,6,6.5
"2026-01-18 16:00:00","Amadeus",BIOGRAPHY,"Milos Forman",1984,160,16,8.0
"2026-01-18 19:30:00","The Remains of the Day",DRAMA,"James Ivory",1993,134,0,9.0
"2026-01-19 10:30:00","Withnail & I",COMEDY,"Bruce Robinson",1987,107,16,7.0
"2026-01-19 13:00:00","Forrest Gump",DRAMA,"Robert Zemeckis",1994,142,12,7.5
"2026-01-19 16:00:00","The Third Man",FILM_NOIR,"Carol Reed",1949,104,12,7.5
"2026-01-20 10:30:00","Mississippi Burning",CRIME,"Alan Parker",1988,128,12,6.5
"2026-01-20 13:30:00","Dirty Harry",ACTION,"Don Siegel",1971,102,12,8.0
"2026-01-21 10:00:00","Fargo",CRIME,"Joel Coen",1996,98,12,8.0
"2026-01-22 10:30:00","Barry Lyndon",ADVENTURE,"Stanley Kubrick",1975,185,6,6.5
"2026-01-23 10:30:00","Predator",ACTION,"John McTiernan",1987,107,12,8.5
"2026-01-24 10:30:00","Gongdong gyeongbi guyeok JSA",ACTION,"Chan-wook Park",2000,110,12,8.0
"2026-01-24 13:30:00","Taegukgi hwinalrimyeo",ACTION,"Je-kyu Kang",2004,140,16,7.5
"2026-01-24 17:00:00","Ray",BIOGRAPHY,"Taylor Hackford",2004,152,12,7.0
"2026-01-25 10:30:00","Fargo",CRIME,"Joel Coen",1996,98,12,8.0
"2026-01-25 13:00:00","Forrest Gump",DRAMA,"Robert Zemeckis",1994,142,12,7.0
"2026-01-25 16:30:00","The 39 Steps",CRIME,"Alfred Hitchcock",1935,86,12,7.5
"2026-01-26 10:00:00","No Man's Land",COMEDY,"Danis Tanovic",2001,98,16,7.5
"2026-01-26 12:30:00","Wait Until Dark",THRILLER,"Terence Young",1967,108,12,7.5
"2026-01-26 15:30:00","To Have and Have Not",ADVENTURE,"Howard Hawks",1944,100,6,6.5
"2026-01-27 10:30:00","Au revoir les enfants",DRAMA,"Louis Malle",1987,104,0,7.5
"2026-01-27 13:00:00","Blade Runner",ACTION,"Ridley Scott",1982,117,12,8.5
"2026-01-28 10:30:00","Au revoir les enfants",DRAMA,"Louis Malle",1987,104,0,8.5
"2026-01-28 13:00:00","The Usual Suspects",CRIME,"Bryan Singer",1995,106,12,8.0
"2026-01-29 10:00:00","Dirty Harry",ACTION,"Don Siegel",1971,102,12,7.0
"2026-01-29 12:30:00","Viskningar och rop",DRAMA,"Ingmar Bergman",1972,91,12,7.5
"2026-01-29 15:00:00","Withnail & I",COMEDY,"Bruce Robinson",1987,107,16,7.0
"2026-01-30 10:30:00","Midnight Express",BIOGRAPHY,"Alan Parker",1978,121,12,7.5
"2026-01-31 10:00:00","Wait Until Dark",THRILLER,"Terence Young",1967,108,12,7.5
"2026-01-31 12:30:00","No Man's Land",COMEDY,"Danis Tanovic",2001,98,16,8.5
"2026-01-31 15:00:00","Brokeback Mountain",DRAMA,"Ang Lee",2005,134,12,8.0
"2026-02-01 10:00:00","Forrest Gump",DRAMA,"Robert Zemeckis",1994,142,12,8.5
"2026-02-01 13:30:00","Les yeux sans visage",DRAMA,"Georges Franju",1960,90,12,7.5
"2026-02-01 16:00:00","Blade Runner",ACTION,"Ridley Scott",1982,117,12,8.0
"2026-02-02 10:30:00","The 39 Steps",CRIME,"Alfred Hitchcock",1935,86,12,6.5
"2026-02-02 13:00:00","Children of Men",ADVENTURE,"Alfonso Cuarón",2006,109,12,6.5
"2026-02-02 15:30:00","Les yeux sans visage",DRAMA,"Georges Franju",1960,90,12,8.0
"2026-02-03 10:00:00","Withnail & I",COMEDY,"Bruce Robinson",1987,107,16,7.5
"2026-02-03 12:30:00","The Remains of the Day",DRAMA,"James Ivory",1993,134,0,7.5
"2026-02-03 15:30:00","Gongdong gyeongbi guyeok JSA",ACTION,"Chan-wook Park",2000,110,12,6.5
"2026-02-04 10:30:00","Dirty Harry",ACTION,"Don Siegel",1971,102,12,8.0
"2026-02-05 10:00:00","Billy Elliot",DRAMA,"Stephen Daldry",2000,110,16,6.5
"2026-02-06 10:30:00","Les yeux sans visage",DRAMA,"Georges Franju",1960,90,12,8.5
"2026-02-06 13:00:00","Minority Report",ACTION,"Steven Spielberg",2002,145,12,7.0
"2026-02-07 10:00:00","Zerkalo",BIOGRAPHY,"Andrei Tarkovsky",1975,107,0,6.5
"2026-02-07 12:30:00","The Usual Suspects",CRIME,"Bryan Singer",1995,106,12,8.5
"2026-02-07 15:00:00","Blade Runner",ACTION,"Ridley Scott",1982,117,12,7.0
"2026-02-08 10:00:00","Edward Scissorhands",DRAMA,"Tim Burton",1990,105,0,7.5
"2026-02-08 12:30:00","Billy Elliot",DRAMA,"Stephen Daldry",2000,110,16,8.5
"2026-02-08 15:00:00","Amadeus",BIOGRAPHY,"Milos Forman",1984,160,16,7.0
"2026-02-08 18:30:00","Mississippi Burning",CRIME,"Alan Parker",1988,128,12,9.0
"2026-02-09 10:00:00","Gongdong gyeongbi guyeok JSA",ACTION,"Chan-wook Park",2000,110,12,8.5
"2026-02-09 12:30:00","Viskningar och rop",DRAMA,"Ingmar Bergman",1972,91,12,8.0
"2026-02-10 10:30:00","Children of Men",ADVENTURE,"Alfonso Cuarón",2006,109,12,6.5
"2026-02-10 13:00:00","Nuovo Cinema Paradiso",DRAMA,"Giuseppe Tornatore",1988,155,0,8.0
"2026-02-10 16:30:00","No Man's Land",COMEDY,"Danis Tanovic",2001,98,16,8.0
"2026-02-11 10:30:00","Barton Fink",COMEDY,"Joel Coen",1991,116,0,7.5
"2026-02-11 13:30:00","The Usual Suspects",CRIME,"Bryan Singer",1995,106,12,8.0
"2026-02-12 10:00:00","Back to the Future Part II",ADVENTURE,"Robert Zemeckis",1989,108,0,6.5
"2026-02-13 10:00:00","Barry Lyndon",ADVENTURE,"Stanley Kubrick",1975,185,6,7.0
"2026-02-13 14:00:00","The Color Purple",DRAMA,"Steven Spielberg",1985,154,0,7.5
"2026-02-14 10:30:00","Viskningar och rop",DRAMA,"Ingmar Bergman",1972,91,12,8.5
"2026-02-14 13:00:00","Sherlock Jr.",ACTION,"Buster Keaton",1924,45,12,8.0
"2026-02-14 14:30:00","Citizen Kane",DRAMA,"Orson Welles",1941,119,12,7.5
"2026-02-15 10:30:00","No Man's Land",COMEDY,"Danis Tanovic",2001,98,16,8.0
"2026-02-15 13:00:00","Withnail & I",COMEDY,"Bruce Robinson",1987,107,16,7.0
"2026-02-15 15:30:00","The Blues Brothers",ACTION,"John Landis",1980,133,0,7.5
"2026-02-16 10:00:00","Barton Fink",COMEDY,"Joel Coen",1991,116,0,8.5
"2026-02-17 10:30:00","Stalker",DRAMA,"Andrei Tarkovsky",1979,162,0,7.0
"2026-02-18 10:00:00","Au revoir les enfants",DRAMA,"Louis Malle",1987,104,0,8.0
"2026-02-18 12:30:00","Dirty Harry",ACTION,"Don Siegel",1971,102,12,7.0
"2026-02-18 15:00:00","Sherlock Jr.",ACTION,"Buster Keaton",1924,45,12,8.0
"2026-02-19 10:30:00","The Last Picture Show",DRAMA,"Peter Bogdanovich",1971,118,16,7.0
"2026-02-20 10:00:00","Stalker",DRAMA,"Andrei Tarkovsky",1979,162,0,6.5
"2026-02-20 13:30:00","Gongdong gyeongbi guyeok JSA",ACTION,"Chan-wook Park",2000,110,12,6.5
"2026-02-20 16:00:00","La planète sauvage",ANIMATION,"René Laloux",1973,72,0,7.5
"2026-02-21 10:00:00","Sherlock Jr.",ACTION,"Buster Keaton",1924,45,12,6.5
"2026-02-21 11:30:00","High Noon",DRAMA,"Fred Zinnemann",1952,85,6,7.0
"2026-02-21 14:00:00","Badlands",ACTION,"Terrence Malick",1973,94,6,7.5
"2026-02-22 10:00:00","Minority Report",ACTION,"Steven Spielberg",2002,145,12,8.5
"2026-02-22 13:00:00","Au revoir les enfants",DRAMA,"Louis Malle",1987,104,0,7.0
"2026-02-22 15:30:00","The 39 Steps",CRIME,"Alfred Hitchcock",1935,86,12,8.5
"2026-02-22 17:30:00","Forrest Gump",DRAMA,"Robert Zemeckis",1994,142,12,7.0
"2026-02-23 10:00:00","Viskningar och rop",DRAMA,"Ingmar Bergman",1972,91,12,8.0
"2026-02-23 12:30:00","Viskningar och rop",DRAMA,"Ingmar Bergman",1972,91,12,6.5
"2026-02-24 10:00:00","Stalker",DRAMA,"Andrei Tarkovsky",1979,162,0,8.0
"2026-02-24 13:30:00","Do the Right Thing",COMEDY,"Spike Lee",1989,120,16,7.5
"2026-02-25 10:30:00","Stalker",DRAMA,"Andrei Tarkovsky",1979,162,0,7.5
"2026-02-26 10:30:00","The General",ACTION,"Clyde Bruckman",1926,67,12,6.5
"2026-02-26 12:30:00","Sholay",ACTION,"Ramesh Sippy",1975,204,0,8.0
"2026-02-27 10:30:00","The Blues Brothers",ACTION,"John Landis",1980,133,0,7.5
"2026-02-28 10:30:00","Road to Perdition",CRIME,"Sam Mendes",2002,117,12,6.5
"2026-02-28 13:30:00","The Blues Brothers",ACTION,"John Landis",1980,133,0,7.0
"2026-02-28 16:30:00","Edward Scissorhands",DRAMA,"Tim Burton",1990,105,0,6.5
"2026-02-28 19:00:00","Badlands",ACTION,"Terrence Malick",1973,94,6,9.5
"2026-03-01 10:00:00","Au revoir les enfants",DRAMA,"Louis Malle",1987,104,0,7.0
"2026-03-01 12:30:00","Sholay",ACTION,"Ramesh Sippy",1975,204,0,8.0
"2026-03-01 16:30:00","Nosferatu",FANTASY,"F.W. Murnau",1922,94,12,7.0
"2026-03-02 10:30:00","Nuovo Cinema Paradiso",DRAMA,"Giuseppe Tornatore",1988,155,0,8.0
"2026-03-03 10:00:00","Back to the Future Part II",ADVENTURE,"Robert Zemeckis",1989,108,0,7.0
"2026-03-03 12:30:00","Fitzcarraldo",ADVENTURE,"Werner Herzog",1982,158,16,8.0
"2026-03-04 10:00:00","Fitzcarraldo",ADVENTURE,"Werner Herzog",1982,158,16,6.5
"2026-03-04 13:30:00","Au revoir les enfants",DRAMA,"Louis Malle",1987,104,0,7.5
"2026-03-05 10:30:00","Nuovo Cinema Paradiso",DRAMA,"Giuseppe Tornatore",1988,155,0,7.0
"2026-03-05 14:00:00","Sholay",ACTION,"Ramesh Sippy",1975,204,0,7.0
"2026-03-05 18:00:00","Citizen Kane",DRAMA,"Orson Welles",1941,119,12,9.0
"2026-03-06 10:00:00","La planète sauvage",ANIMATION,"René Laloux",1973,72,0,8.0
"2026-03-06 12:00:00","Do the Right Thing",COMEDY,"Spike Lee",1989,120,16,6.5
"2026-03-06 15:00:00","Nuovo Cinema Paradiso",DRAMA,"Giuseppe Tornatore",1988,155,0,7.5
"2026-03-07 10:00:00","The Kid",COMEDY,"Charles Chaplin",1921,68,12,8.5
"2026-03-07 12:00:00","Badlands",ACTION,"Terrence Malick",1973,94,6,8.0
"2026-03-07 14:30:00","Road to Perdition",CRIME,"Sam Mendes",2002,117,12,6.5
"2026-03-08 10:00:00","The Lord of the Rings: The Return of the King",ACTION,"Peter Jackson",2003,201,0,8.5
"2026-03-08 14:00:00","Star Wars: Episode VI - Return of the Jedi",ACTION,"Richard Marquand",1983,131,0,8.5
"2026-03-08 17:00:00","Monsters, Inc.",ANIMATION,"Pete Docter",2001,92,0,6.5
"2026-03-09 10:30:00","Sholay",ACTION,"Ramesh Sippy",1975,204,0,6.5
"2026-03-10 10:00:00","Citizen Kane",DRAMA,"Orson Welles",1941,119,12,6.5
"2026-03-10 12:30:00","The Kid",COMEDY,"Charles Chaplin",1921,68,12,8.0
"2026-03-10 14:30:00","Mononoke-hime",ANIMATION,"Hayao Miyazaki",1997,134,0,7.5
"2026-03-11 10:00:00","Citizen Kane",DRAMA,"Orson Welles",1941,119,12,8.0
"2026-03-11 13:00:00","Manhattan",COMEDY,"Woody Allen",1979,96,16,7.5
"2026-03-12 10:30:00","La leggenda del pianista sull'oceano",DRAMA,"Giuseppe Tornatore",1998,169,0,6.5
"2026-03-13 10:30:00","The General",ACTION,"Clyde Bruckman",1926,67,12,6.5
"2026-03-14 10:30:00","Badlands",ACTION,"Terrence Malick",1973,94,6,6.5
"2026-03-14 13:00:00","The Lord of the Rings: The Return of the King",ACTION,"Peter Jackson",2003,201,0,8.5
"2026-03-14 17:00:00","Wait Until Dark",THRILLER,"Terence Young",1967,108,12,8.0
"2026-03-14 19:30:00","Do the Right Thing",COMEDY,"Spike Lee",1989,120,16,10.0
"2026-03-15 10:00:00","Tôkyô monogatari",DRAMA,"Yasujirô Ozu",1953,136,0,8.0
"2026-03-15 13:30:00","Ivanovo detstvo",DRAMA,"Andrei Tarkovsky",1962,95,12,7.0
"2026-03-15 16:00:00","Stalker",DRAMA,"Andrei Tarkovsky",1979,162,0,8.0
"2026-03-16 10:00:00","The Kid",COMEDY,"Charles Chaplin",1921,68,12,6.5
"2026-03-17 10:00:00","Road to Perdition",CRIME,"Sam Mendes",2002,117,12,8.5
"2026-03-18 10:30:00","Stalker",DRAMA,"Andrei Tarkovsky",1979,162,0,7.0
"2026-03-18 14:00:00","Star Wars: Episode VI - Return of the Jedi",ACTION,"Richard Marquand",1983,131,0,7.0
"2026-03-18 17:00:00","The Day the Earth Stood Still",DRAMA,"Robert Wise",1951,92,0,8.5
"2026-03-19 10:30:00","Stalker",DRAMA,"Andrei Tarkovsky",1979,162,0,8.5
"2026-03-19 14:00:00","Sen to Chihiro no kamikakushi",ANIMATION,"Hayao Miyazaki",2001,125,0,7.0
"2026-03-19 17:00:00","To Have and Have Not",ADVENTURE,"Howard Hawks",1944,100,6,7.5
"2026-03-20 10:30:00","The Bridges of Madison County",DRAMA,"Clint Eastwood",1995,135,12,6.5
"2026-03-21 10:00:00","The Conversation",DRAMA,"Francis Ford Coppola",1974,113,0,7.5
"2026-03-21 13:00:00","Ivanovo detstvo",DRAMA,"Andrei Tarkovsky",1962,95,12,8.0
"2026-03-21 15:30:00","Badlands",ACTION,"Terrence Malick",1973,94,6,7.5
"2026-03-22 10:30:00","Sherlock Jr.",ACTION,"Buster Keaton",1924,45,12,7.0
"2026-03-22 12:00:00","La leggenda del pianista sull'oceano",DRAMA,"Giuseppe Tornatore",1998,169,0,7.0
"2026-03-22 15:30:00","The Lord of the Rings: The Return of the King",ACTION,"Peter Jackson",2003,201,0,7.5
"2026-03-23 10:00:00","The Odd Couple",COMEDY,"Gene Saks",1968,105,0,7.5
"2026-03-24 10:30:00","Pride & Prejudice",DRAMA,"Joe Wright",2005,129,6,7.5
"2026-03-25 10:00:00","Nosferatu",FANTASY,"F.W. Murnau",1922,94,12,7.5
"2026-03-25 12:30:00","Pan's Labyrinth",DRAMA,"Guillermo del Toro",2006,118,12,6.5
"2026-03-25 15:30:00","Letters from Iwo Jima",ACTION,"Clint Eastwood",2006,141,12,8.5
"2026-03-26 10:30:00","The Bridges of Madison County",DRAMA,"Clint Eastwood",1995,135,12,7.0
"2026-03-26 13:30:00","Back to the Future Part II",ADVENTURE,"Robert Zemeckis",1989,108,0,6.5
"2026-03-26 16:00:00","Pan's Labyrinth",DRAMA,"Guillermo del Toro",2006,118,12,7.5
"2026-03-27 10:00:00","Taegukgi hwinalrimyeo",ACTION,"Je-kyu Kang",2004,140,16,8.0
"2026-03-27 13:30:00","Star Wars: Episode VI - Return of the Jedi",ACTION,"Richard Marquand",1983,131,0,8.5
"2026-03-28 10:30:00","The Wizard of Oz",ADVENTURE,"Victor Fleming",1939,102,0,7.5
"2026-03-28 13:00:00","The General",ACTION,"Clyde Bruckman",1926,67,12,8.0
"2026-03-28 15:00:00","Airplane!",COMEDY,"Jim Abrahams",1980,88,0,7.5
"2026-03-28 17:30:00","Letters from Iwo Jima",ACTION,"Clint Eastwood",2006,141,12,8.5
"2026-03-29 10:00:00","Death Note: Desu nôto",CRIME,"Shûsuke Kaneko",2006,126,12,8.0
"2026-03-29 13:00:00","Ivanovo detstvo",DRAMA,"Andrei Tarkovsky",1962,95,12,7.5
"2026-03-29 15:30:00","Billy Elliot",DRAMA,"Stephen Daldry",2000,110,16,8.0
"2026-03-30 10:00:00","Back to the Future Part II",ADVENTURE,"Robert Zemeckis",1989,108,0,7.0
"2026-03-30 12:30:00","Sholay",ACTION,"Ramesh Sippy",1975,204,0,6.5
"2026-03-31 10:00:00","Vertigo",MYSTERY,"Alfred Hitchcock",1958,128,12,8.0
"2026-04-01 10:00:00","Manhattan",COMEDY,"Woody Allen",1979,96,16,8.0
"2026-04-01 12:30:00","Tôkyô monogatari",DRAMA,"Yasujirô Ozu",1953,136,0,7.0
"2026-04-01 15:30:00","Wait Until Dark",THRILLER,"Terence Young",1967,108,12,8.0
"2026-04-02 10:30:00","The Big Lebowski",COMEDY,"Joel Coen",1998,117,16,8.0
"2026-04-03 10:00:00","Inside Man",CRIME,"Spike Lee",2006,129,16,8.0
"2026-04-04 10:30:00","Inherit the Wind",BIOGRAPHY,"Stanley Kramer",1960,128,12,7.5
"2026-04-04 13:30:00","The Big Lebowski",COMEDY,"Joel Coen",1998,117,16,8.0
"2026-04-04 16:30:00","Aliens",ACTION,"James Cameron",1986,137,0,7.5
"2026-04-05 10:00:00","Sen to Chihiro no kamikakushi",ANIMATION,"Hayao Miyazaki",2001,125,0,8.5
"2026-04-05 13:00:00","Aliens",ACTION,"James Cameron",1986,137,0,7.5
"2026-04-05 16:00:00","Mononoke-hime",ANIMATION,"Hayao Miyazaki",1997,134,0,8.5
"2026-04-06 10:00:00","Ivanovo detstvo",DRAMA,"Andrei Tarkovsky",1962,95,12,7.5
"2026-04-06 12:30:00","Taegukgi hwinalrimyeo",ACTION,"Je-kyu Kang",2004,140,16,8.5
"2026-04-06 15:30:00","Ivanovo detstvo",DRAMA,"Andrei Tarkovsky",1962,95,12,7.5
"2026-04-07 10:00:00","Hiroshima mon amour",DRAMA,"Alain Resnais",1959,90,12,8.0
"2026-04-07 12:30:00","Annie Hall",COMEDY,"Woody Allen",1977,93,12,7.5
"2026-04-07 15:00:00","Taegukgi hwinalrimyeo",ACTION,"Je-kyu Kang",2004,140,16,8.0
"2026-04-08 10:00:00","Hiroshima mon amour",DRAMA,"Alain Resnais",1959,90,12,8.5
"2026-04-08 12:30:00","Death Note: Desu nôto",CRIME,"Shûsuke Kaneko",2006,126,12,8.0
"2026-04-08 15:30:00","Airplane!",COMEDY,"Jim Abrahams",1980,88,0,6.5
"2026-04-09 10:30:00","The Odd Couple",COMEDY,"Gene Saks",1968,105,0,6.5
"2026-04-09 13:00:00","On Golden Pond",DRAMA,"Mark Rydell",1981,109,12,7.0
"2026-04-10 10:00:00","The Conversation",DRAMA,"Francis Ford Coppola",1974,113,0,6.5
"2026-04-10 12:30:00","Airplane!",COMEDY,"Jim Abrahams",1980,88,0,8.5
"2026-04-10 15:00:00","The Conversation",DRAMA,"Francis Ford Coppola",1974,113,0,8.0
"2026-04-11 10:30:00","À bout de souffle",CRIME,"Jean-Luc Godard",1960,90,0,8.0
"2026-04-11 13:00:00","The Lord of the Rings: The Return of the King",ACTION,"Peter Jackson",2003,201,0,7.5
"2026-04-11 17:00:00","Sabrina",COMEDY,"Billy Wilder",1954,113,12,6.5
"2026-04-12 10:00:00","The Conversation",DRAMA,"Francis Ford Coppola",1974,113,0,7.5
"2026-04-12 12:30:00","To Have and Have Not",ADVENTURE,"Howard Hawks",1944,100,6,7.5
"2026-04-12 15:00:00","Ivanovo detstvo",DRAMA,"Andrei Tarkovsky",1962,95,12,8.0
"2026-04-12 17:30:00","Inherit the Wind",BIOGRAPHY,"Stanley Kramer",1960,128,12,6.5
"2026-04-13 10:30:00","The African Queen",ADVENTURE,"John Huston",1951,105,6,7.5
"2026-04-14 10:30:00","Sabrina",COMEDY,"Billy Wilder",1954,113,12,8.0
"2026-04-14 13:30:00","Ivanovo detstvo",DRAMA,"Andrei Tarkovsky",1962,95,12,7.0
"2026-04-15 10:30:00","Taegukgi hwinalrimyeo",ACTION,"Je-kyu Kang",2004,140,16,8.5
"2026-04-15 14:00:00","Hotaru no haka",ANIMATION,"Isao Takahata",1988,89,0,7.0
"2026-04-15 16:30:00","Lethal Weapon",ACTION,"Richard Donner",1987,109,12,6.5
"2026-04-16 10:30:00","Fa yeung nin wah",DRAMA,"Kar-Wai Wong",2000,98,0,8.0
"2026-04-16 13:00:00","The African Queen",ADVENTURE,"John Huston",1951,105,6,8.0
"2026-04-16 15:30:00","Taegukgi hwinalrimyeo",ACTION,"Je-kyu Kang",2004,140,16,7.5
"2026-04-17 10:30:00","Ivanovo detstvo",DRAMA,"Andrei Tarkovsky",1962,95,12,8.0
"2026-04-17 13:00:00","The Godfather",CRIME,"Francis Ford Coppola",1972,175,12,7.0
"2026-04-17 16:30:00","On Golden Pond",DRAMA,"Mark Rydell",1981,109,12,6.5
"2026-04-18 10:00:00","Sen to Chihiro no kamikakushi",ANIMATION,"Hayao Miyazaki",2001,125,0,6.5
"2026-04-18 13:00:00","Sabrina",COMEDY,"Billy Wilder",1954,113,12,6.5
"2026-04-18 16:00:00","À bout de souffle",CRIME,"Jean-Luc Godard",1960,90,0,8.0
"2026-04-18 18:30:00","The Godfather",CRIME,"Francis Ford Coppola",1972,175,12,8.5
"2026-04-19 10:00:00","The Maltese Falcon",FILM_NOIR,"John Huston",1941,100,12,7.0
"2026-04-19 12:30:00","Kurenai no buta",ANIMATION,"Hayao Miyazaki",1992,94,0,8.0
"2026-04-19 15:00:00","Tôkyô goddofâzâzu",ANIMATION,"Satoshi Kon",2003,90,12,7.0
"2026-04-19 17:30:00","Aliens",ACTION,"James Cameron",1986,137,0,7.0
"2026-04-20 10:00:00","The Blues Brothers",ACTION,"John Landis",1980,133,0,7.0
"2026-04-21 10:30:00","The Godfather",CRIME,"Francis Ford Coppola",1972,175,12,6.5
"2026-04-21 14:30:00","The Incredibles",ANIMATION,"Brad Bird",2004,115,0,8.0
"2026-04-22 10:00:00","Hotaru no haka",ANIMATION,"Isao Takahata",1988,89,0,8.0
"2026-04-22 12:30:00","The African Queen",ADVENTURE,"John Huston",1951,105,6,7.0
"2026-04-23 10:30:00","The Treasure of the Sierra Madre",ADVENTURE,"John Huston",1948,126,12,6.5
"2026-04-24 10:00:00","Sabrina",COMEDY,"Billy Wilder",1954,113,12,8.0
"2026-04-24 13:00:00","Death Note: Desu nôto",CRIME,"Shûsuke Kaneko",2006,126,12,7.5
"2026-04-24 16:00:00","Kurenai no buta",ANIMATION,"Hayao Miyazaki",1992,94,0,7.0
"2026-04-25 10:00:00","Lethal Weapon",ACTION,"Richard Donner",1987,109,12,8.5
"2026-04-25 12:30:00","Letters from Iwo Jima",ACTION,"Clint Eastwood",2006,141,12,7.5
"2026-04-25 15:30:00","Inherit the Wind",BIOGRAPHY,"Stanley Kramer",1960,128,12,7.5
"2026-04-25 18:30:00","The Treasure of the Sierra Madre",ADVENTURE,"John Huston",1948,126,12,9.5
"2026-04-26 10:30:00","Taegukgi hwinalrimyeo",ACTION,"Je-kyu Kang",2004,140,16,6.5
"2026-04-26 13:30:00","Blood Simple",CRIME,"Joel Coen",1984,99,12,8.0
"2026-04-26 16:00:00","Letters from Iwo Jima",ACTION,"Clint Eastwood",2006,141,12,8.5
"2026-04-26 19:00:00","Trois couleurs: Rouge",DRAMA,"Krzysztof Kieslowski",1994,99,0,8.5
"2026-04-27 10:30:00","Cinderella Man",BIOGRAPHY,"Ron Howard",2005,144,12,7.0
"2026-04-28 10:00:00","Kurenai no buta",ANIMATION,"Hayao Miyazaki",1992,94,0,7.5
"2026-04-28 12:30:00","The Incredibles",ANIMATION,"Brad Bird",2004,115,0,6.5
"2026-04-28 15:00:00","The Blues Brothers",ACTION,"John Landis",1980,133,0,6.5
"2026-04-29 10:30:00","The African Queen",ADVENTURE,"John Huston",1951,105,6,6.5
"2026-04-30 10:00:00","The Maltese Falcon",FILM_NOIR,"John Huston",1941,100,12,6.5
"2026-04-30 12:30:00","The Treasure of the Sierra Madre",ADVENTURE,"John Huston",1948,126,12,8.5
"2026-04-30 15:30:00","Cinderella Man",BIOGRAPHY,"Ron Howard",2005,144,12,6.5
"2026-05-01 10:30:00","On Golden Pond",DRAMA,"Mark Rydell",1981,109,12,7.0
"2026-05-02 10:30:00","The Iron Giant",ANIMATION,"Brad Bird",1999,86,6,8.0
"2026-05-02 13:00:00","Pan's Labyrinth",DRAMA,"Guillermo del Toro",2006,118,12,8.0
"2026-05-02 16:00:00","Kurenai no buta",ANIMATION,"Hayao Miyazaki",1992,94,0,8.0
"2026-05-03 10:00:00","À bout de souffle",CRIME,"Jean-Luc Godard",1960,90,0,7.0
"2026-05-03 12:30:00","Charade",COMEDY,"Stanley Donen",1963,113,0,7.0
"2026-05-03 15:00:00","The Treasure of the Sierra Madre",ADVENTURE,"John Huston",1948,126,12,6.5
"2026-05-03 18:00:00","Before Sunrise",DRAMA,"Richard Linklater",1995,101,16,9.5
"2026-05-04 10:00:00","Ivanovo detstvo",DRAMA,"Andrei Tarkovsky",1962,95,12,6.5
"2026-05-04 12:30:00","The Incredibles",ANIMATION,"Brad Bird",2004,115,0,6.5
"2026-05-05 10:30:00","Omohide poro poro",ANIMATION,"Isao Takahata",1991,118,0,7.5
"2026-05-05 13:30:00","Cinderella Man",BIOGRAPHY,"Ron Howard",2005,144,12,7.0
"2026-05-06 10:00:00","Annie Hall",COMEDY,"Woody Allen",1977,93,12,6.5
"2026-05-06 12:30:00","300",ACTION,"Zack Snyder",2006,117,12,7.5
"2026-05-06 15:00:00","À bout de souffle",CRIME,"Jean-Luc Godard",1960,90,0,8.5
"2026-05-07 10:00:00","Boyz n the Hood",CRIME,"John Singleton",1991,112,12,7.0
"2026-05-07 13:00:00","Rashômon",CRIME,"Akira Kurosawa",1950,88,12,7.0
"2026-05-07 15:30:00","Sen to Chihiro no kamikakushi",ANIMATION,"Hayao Miyazaki",2001,125,0,7.5
"2026-05-08 10:00:00","Before Sunrise",DRAMA,"Richard Linklater",1995,101,16,7.5
"2026-05-09 10:30:00","Omohide poro poro",ANIMATION,"Isao Takahata",1991,118,0,8.0
"2026-05-09 13:30:00","Trois couleurs: Rouge",DRAMA,"Krzysztof Kieslowski",1994,99,0,8.5
"2026-05-09 16:00:00","Inside Man",CRIME,"Spike Lee",2006,129,16,7.0
"2026-05-09 19:00:00","300",ACTION,"Zack Snyder",2006,117,12,10.0
"2026-05-10 10:00:00","Blood Simple",CRIME,"Joel Coen",1984,99,12,7.0
"2026-05-10 12:30:00","The Graduate",COMEDY,"Mike Nichols",1967,106,12,7.0
"2026-05-10 15:00:00","Terminator 2: Judgment Day",ACTION,"James Cameron",1991,137,0,8.0
"2026-05-10 18:00:00","Sen to Chihiro no kamikakushi",ANIMATION,"Hayao Miyazaki",2001,125,0,9.0
"2026-05-11 10:30:00","Anand",DRAMA,"Hrishikesh Mukherjee",1971,122,0,8.5
"2026-05-11 13:30:00","Before Sunrise",DRAMA,"Richard Linklater",1995,101,16,7.0
"2026-05-12 10:30:00","The Graduate",COMEDY,"Mike Nichols",1967,106,12,7.5
"2026-05-12 13:00:00","Boyz n the Hood",CRIME,"John Singleton",1991,112,12,7.0
"2026-05-12 15:30:00","The Lost Weekend",DRAMA,"Billy Wilder",1945,101,12,7.5
"2026-05-13 10:30:00","Taegukgi hwinalrimyeo",ACTION,"Je-kyu Kang",2004,140,16,6.5
"2026-05-13 13:30:00","Ghostbusters",ACTION,"Ivan Reitman",1984,105,12,8.5
"2026-05-13 16:00:00","The Last King of Scotland",BIOGRAPHY,"Kevin Macdonald",2006,123,16,6.5
"2026-05-14 10:30:00","À bout de souffle",CRIME,"Jean-Luc Godard",1960,90,0,7.0
"2026-05-14 13:00:00","Fa yeung nin wah",DRAMA,"Kar-Wai Wong",2000,98,0,8.0
"2026-05-14 15:30:00","Before Sunrise",DRAMA,"Richard Linklater",1995,101,16,8.5
"2026-05-15 10:30:00","Aliens",ACTION,"James Cameron",1986,137,0,7.5
"2026-05-16 10:30:00","A Bronx Tale",CRIME,"Robert De Niro",1993,121,16,7.0
"2026-05-16 13:30:00","Trois couleurs: Rouge",DRAMA,"Krzysztof Kieslowski",1994,99,0,8.5
"2026-05-16 16:00:00","Blood Simple",CRIME,"Joel Coen",1984,99,12,7.5
"2026-05-16 18:30:00","The Last King of Scotland",BIOGRAPHY,"Kevin Macdonald",2006,123,16,8.5
"2026-05-17 10:00:00","Anand",DRAMA,"Hrishikesh Mukherjee",1971,122,0,8.0
"2026-05-17 13:00:00","The Blues Brothers",ACTION,"John Landis",1980,133,0,7.0
"2026-05-17 16:00:00","The Muppet Christmas Carol",COMEDY,"Brian Henson",1992,85,0,8.5
"2026-05-17 18:00:00","The Blues Brothers",ACTION,"John Landis",1980,133,0,8.5
"2026-05-18 10:00:00","Omohide poro poro",ANIMATION,"Isao Takahata",1991,118,0,7.5
"2026-05-18 13:00:00","Charade",COMEDY,"Stanley Donen",1963,113,0,8.5
"2026-05-18 16:00:00","The Terminator",ACTION,"James Cameron",1984,107,12,7.5
"2026-05-19 10:30:00","Mimi wo sumaseba",ANIMATION,"Yoshifumi Kondô",1995,111,0,7.0
"2026-05-19 13:30:00","Terminator 2: Judgment Day",ACTION,"James Cameron",1991,137,0,8.5
"2026-05-20 10:30:00","Star Wars",ACTION,"George Lucas",1977,121,12,7.5
"2026-05-20 13:30:00","The Iron Giant",ANIMATION,"Brad Bird",1999,86,6,6.5
"2026-05-20 16:00:00","The Graduate",COMEDY,"Mike Nichols",1967,106,12,8.0
"2026-05-21 10:30:00","Kal Ho Naa Ho",COMEDY,"Nikkhil Advani",2003,186,0,8.5
"2026-05-22 10:30:00","Before Sunrise",DRAMA,"Richard Linklater",1995,101,16,7.0
"2026-05-23 10:30:00","Strangers on a Train",CRIME,"Alfred Hitchcock",1951,101,12,8.0
"2026-05-23 13:00:00","Apocalypto",ACTION,"Mel Gibson",2006,139,12,6.5
"2026-05-23 16:00:00","Trois couleurs: Bleu",DRAMA,"Krzysztof Kieslowski",1993,94,0,8.5
"2026-05-24 10:30:00","À bout de souffle",CRIME,"Jean-Luc Godard",1960,90,0,6.5
"2026-05-24 13:00:00","What's Eating Gilbert Grape",DRAMA,"Lasse Hallström",1993,118,0,6.5
"2026-05-24 16:00:00","Anand",DRAMA,"Hrishikesh Mukherjee",1971,122,0,8.0
"2026-05-24 19:00:00","The Last King of Scotland",BIOGRAPHY,"Kevin Macdonald",2006,123,16,9.5
"2026-05-25 10:30:00","Tôkyô goddofâzâzu",ANIMATION,"Satoshi Kon",2003,90,12,7.5
"2026-05-25 13:00:00","The Muppet Christmas Carol",COMEDY,"Brian Henson",1992,85,0,7.0
"2026-05-26 10:00:00","Kal Ho Naa Ho",COMEDY,"Nikkhil Advani",2003,186,0,8.5
"2026-05-26 14:00:00","Mimi wo sumaseba",ANIMATION,"Yoshifumi Kondô",1995,111,0,7.0
"2026-05-26 16:30:00","The Treasure of the Sierra Madre",ADVENTURE,"John Huston",1948,126,12,8.0
"2026-05-27 10:30:00","The Silence of the Lambs",CRIME,"Jonathan Demme",1991,118,12,8.5
"2026-05-27 13:30:00","The Muppet Christmas Carol",COMEDY,"Brian Henson",1992,85,0,8.5
"2026-05-28 10:00:00","28 Days Later...",DRAMA,"Danny Boyle",2002,113,12,8.0
"2026-05-28 13:00:00","Jurassic Park",ACTION,"Steven Spielberg",1993,127,12,7.0
"2026-05-28 16:00:00","Star Wars",ACTION,"George Lucas",1977,121,12,7.5
"2026-05-29 10:00:00","The Lost Weekend",DRAMA,"Billy Wilder",1945,101,12,8.5
"2026-05-29 12:30:00","Apocalypto",ACTION,"Mel Gibson",2006,139,12,7.0
"2026-05-30 10:00:00","What's Eating Gilbert Grape",DRAMA,"Lasse Hallström",1993,118,0,8.5
"2026-05-30 12:30:00","Funny Games",CRIME,"Michael Haneke",1997,108,12,8.0
"2026-05-30 15:00:00","Mimi wo sumaseba",ANIMATION,"Yoshifumi Kondô",1995,111,0,6.5
"2026-05-31 10:00:00","Jurassic Park",ACTION,"Steven Spielberg",1993,127,12,7.5
"2026-05-31 13:00:00","Spoorloos",MYSTERY,"George Sluizer",1988,107,12,8.5
"2026-05-31 15:30:00","Funny Games",CRIME,"Michael Haneke",1997,108,12,7.5
"2026-06-01 10:30:00","Apocalypto",ACTION,"Mel Gibson",2006,139,12,8.0
"2026-06-01 14:00:00","The Incredibles",ANIMATION,"Brad Bird",2004,115,0,8.0
"2026-06-01 17:00:00","Trois couleurs: Blanc",COMEDY,"Krzysztof Kieslowski",1994,92,0,8.5
"2026-06-02 10:00:00","Giant",DRAMA,"George Stevens",1956,201,0,7.0
"2026-06-02 14:30:00","What's Eating Gilbert Grape",DRAMA,"Lasse Hallström",1993,118,0,8.5
"2026-06-02 17:30:00","The Graduate",COMEDY,"Mike Nichols",1967,106,12,8.5
"2026-06-03 10:30:00","Kal Ho Naa Ho",COMEDY,"Nikkhil Advani",2003,186,0,6.5
"2026-06-03 14:30:00","Funny Games",CRIME,"Michael Haneke",1997,108,12,8.0
"2026-06-04 10:30:00","Spoorloos",MYSTERY,"George Sluizer",1988,107,12,6.5
"2026-06-04 13:00:00","Omohide poro poro",ANIMATION,"Isao Takahata",1991,118,0,6.5
"2026-06-04 16:00:00","Before Sunrise",DRAMA,"Richard Linklater",1995,101,16,7.0
"2026-06-05 10:30:00","Strangers on a Train",CRIME,"Alfred Hitchcock",1951,101,12,7.5
"2026-06-05 13:00:00","Metropolis",DRAMA,"Fritz Lang",1927,153,12,7.0
"2026-06-06 10:30:00","Omohide poro poro",ANIMATION,"Isao Takahata",1991,118,0,8.0
"2026-06-06 13:30:00","Trois couleurs: Blanc",COMEDY,"Krzysztof Kieslowski",1994,92,0,7.5
"2026-06-06 16:00:00","The Muppet Christmas Carol",COMEDY,"Brian Henson",1992,85,0,8.5
"2026-06-07 10:00:00","Metropolis",DRAMA,"Fritz Lang",1927,153,12,8.0
"2026-06-07 13:30:00","Terminator 2: Judgment Day",ACTION,"James Cameron",1991,137,0,7.0
"2026-06-07 16:30:00","The Graduate",COMEDY,"Mike Nichols",1967,106,12,8.5
"2026-06-08 10:00:00","Empire of the Sun",ACTION,"Steven Spielberg",1987,153,0,8.5
"2026-06-08 13:30:00","Spoorloos",MYSTERY,"George Sluizer",1988,107,12,7.5
"2026-06-08 16:00:00","The Longest Day",ACTION,"Ken Annakin",1962,178,0,8.5
"2026-06-09 10:00:00","28 Days Later...",DRAMA,"Danny Boyle",2002,113,12,6.5
"2026-06-09 13:00:00","Terminator 2: Judgment Day",ACTION,"James Cameron",1991,137,0,6.5
"2026-06-09 16:30:00","Before Sunrise",DRAMA,"Richard Linklater",1995,101,16,7.5
"2026-06-10 10:00:00","28 Days Later...",DRAMA,"Danny Boyle",2002,113,12,8.0
"2026-06-10 12:30:00","Omohide poro poro",ANIMATION,"Isao Takahata",1991,118,0,7.0
"2026-06-11 10:00:00","Anand",DRAMA,"Hrishikesh Mukherjee",1971,122,0,7.5
"2026-06-11 13:00:00","Anand",DRAMA,"Hrishikesh Mukherjee",1971,122,0,7.5
"2026-06-11 16:00:00","Jurassic Park",ACTION,"Steven Spielberg",1993,127,12,7.5
"2026-06-12 10:00:00","Rebecca",DRAMA,"Alfred Hitchcock",1940,130,12,7.0
"2026-06-12 13:00:00","Empire of the Sun",ACTION,"Steven Spielberg",1987,153,0,8.5
"2026-06-13 10:30:00","Jurassic Park",ACTION,"Steven Spielberg",1993,127,12,8.0
"2026-06-13 13:30:00","The Graduate",COMEDY,"Mike Nichols",1967,106,12,7.5
"2026-06-13 16:00:00","Metropolis",DRAMA,"Fritz Lang",1927,153,12,8.0
"2026-06-13 19:30:00","The Longest Day",ACTION,"Ken Annakin",1962,178,0,8.5
"2026-06-14 10:30:00","Kal Ho Naa Ho",COMEDY,"Nikkhil Advani",2003,186,0,7.5
"2026-06-14 14:30:00","The Graduate",COMEDY,"Mike Nichols",1967,106,12,8.5
"2026-06-14 17:00:00","The Longest Day",ACTION,"Ken Annakin",1962,178,0,8.5
"2026-06-14 21:00:00","Kal Ho Naa Ho",COMEDY,"Nikkhil Advani",2003,186,0,8.5
"2026-06-15 10:30:00","Laura",DRAMA,"Otto Preminger",1944,88,12,7.5
"2026-06-16 10:30:00","Trois couleurs: Blanc",COMEDY,"Krzysztof Kieslowski",1994,92,0,7.0
"2026-06-17 10:30:00","Anand",DRAMA,"Hrishikesh Mukherjee",1971,122,0,7.0
"2026-06-18 10:30:00","The Longest Day",ACTION,"Ken Annakin",1962,178,0,7.5
"2026-06-18 14:00:00","Strangers on a Train",CRIME,"Alfred Hitchcock",1951,101,12,6.5
"2026-06-18 16:30:00","Jurassic Park",ACTION,"Steven Spielberg",1993,127,12,8.0
"2026-06-19 10:00:00","Trois couleurs: Blanc",COMEDY,"Krzysztof Kieslowski",1994,92,0,8.0
"2026-06-19 12:30:00","What's Eating Gilbert Grape",DRAMA,"Lasse Hallström",1993,118,0,7.0
"2026-06-20 10:30:00","Tôkyô goddofâzâzu",ANIMATION,"Satoshi Kon",2003,90,12,7.0
"2026-06-20 13:00:00","Trois couleurs: Blanc",COMEDY,"Krzysztof Kieslowski",1994,92,0,8.0
"2026-06-20 15:30:00","Sling Blade",DRAMA,"Billy Bob Thornton",1996,135,16,8.0
"2026-06-21 10:00:00","Laura",DRAMA,"Otto Preminger",1944,88,12,7.5
"2026-06-21 12:00:00","Before Sunrise",DRAMA,"Richard Linklater",1995,101,16,7.0
"2026-06-21 14:30:00","Rebecca",DRAMA,"Alfred Hitchcock",1940,130,12,8.0
"2026-06-21 17:30:00","Empire of the Sun",ACTION,"Steven Spielberg",1987,153,0,6.5
"2026-06-22 10:30:00","What's Eating Gilbert Grape",DRAMA,"Lasse Hallström",1993,118,0,8.5
"2026-06-22 13:30:00","The Silence of the Lambs",CRIME,"Jonathan Demme",1991,118,12,6.5
"2026-06-22 16:30:00","Laura",DRAMA,"Otto Preminger",1944,88,12,8.0
"2026-06-23 10:30:00","Anand",DRAMA,"Hrishikesh Mukherjee",1971,122,0,8.0
"2026-06-23 13:30:00","Unforgiven",DRAMA,"Clint Eastwood",1992,130,12,8.5
"2026-06-24 10:00:00","The Graduate",COMEDY,"Mike Nichols",1967,106,12,7.0
"2026-06-24 12:30:00","Trois couleurs: Blanc",COMEDY,"Krzysztof Kieslowski",1994,92,0,6.5
"2026-06-24 15:00:00","Vizontele",COMEDY,"Yilmaz Erdogan",2001,110,12,8.0
"2026-06-25 10:00:00","Laura",DRAMA,"Otto Preminger",1944,88,12,8.5
"2026-06-25 12:30:00","À bout de souffle",CRIME,"Jean-Luc Godard",1960,90,0,7.0
"2026-06-25 15:00:00","28 Days Later...",DRAMA,"Danny Boyle",2002,113,12,8.0
"2026-06-26 10:30:00","Heat",CRIME,"Michael Mann",1995,170,12,8.0
"2026-06-26 14:00:00","Giant",DRAMA,"George Stevens",1956,201,0,8.5
"2026-06-27 10:30:00","Unforgiven",DRAMA,"Clint Eastwood",1992,130,12,8.5
"2026-06-27 13:30:00","To Have and Have Not",ADVENTURE,"Howard Hawks",1944,100,6,8.0
"2026-06-27 16:00:00","To Have and Have Not",ADVENTURE,"Howard Hawks",1944,100,6,7.0
"2026-06-28 10:30:00","Tôkyô goddofâzâzu",ANIMATION,"Satoshi Kon",2003,90,12,8.5
"2026-06-28 13:00:00","In the Heat of the Night",CRIME,"Norman Jewison",1967,110,0,8.0
"2026-06-28 15:30:00","Fantasia",ANIMATION,"James Algar",1940,125,0,7.0
"2026-06-28 18:30:00","Apocalypto",ACTION,"Mel Gibson",2006,139,12,9.5
"2026-06-29 10:30:00","Omohide poro poro",ANIMATION,"Isao Takahata",1991,118,0,8.5
"2026-06-29 13:30:00","What's Eating Gilbert Grape",DRAMA,"Lasse Hallström",1993,118,0,7.5
"2026-06-30 10:00:00","Rebecca",DRAMA,"Alfred Hitchcock",1940,130,12,7.0
"2026-06-30 13:00:00","Funny Games",CRIME,"Michael Haneke",1997,108,12,8.5
"2026-06-30 16:00:00","Jungfrukällan",DRAMA,"Ingmar Bergman",1960,89,12,7.5
"2026-07-01 10:00:00","À bout de souffle",CRIME,"Jean-Luc Godard",1960,90,0,7.5
"2026-07-02 10:00:00","Kal Ho Naa Ho",COMEDY,"Nikkhil Advani",2003,186,0,8.5
"2026-07-03 10:30:00","The World's Fastest Indian",BIOGRAPHY,"Roger Donaldson",2005,127,0,6.5
"2026-07-04 10:30:00","Spoorloos",MYSTERY,"George Sluizer",1988,107,12,8.5
"2026-07-04 13:00:00","Apocalypto",ACTION,"Mel Gibson",2006,139,12,7.0
"2026-07-04 16:00:00","Cast Away",ADVENTURE,"Robert Zemeckis",2000,143,12,7.5
"2026-07-04 19:00:00","Spoorloos",MYSTERY,"George Sluizer",1988,107,12,9.0
"2026-07-05 10:00:00","La battaglia di Algeri",DRAMA,"Gillo Pontecorvo",1966,121,12,7.0
"2026-07-05 13:00:00","Fantasia",ANIMATION,"James Algar",1940,125,0,6.5
"2026-07-05 16:00:00","Empire of the Sun",ACTION,"Steven Spielberg",1987,153,0,8.0
"2026-07-06 10:30:00","À bout de souffle",CRIME,"Jean-Luc Godard",1960,90,0,8.0
"2026-07-07 10:30:00","Funny Games",CRIME,"Michael Haneke",1997,108,12,8.0
"2026-07-08 10:30:00","Vizontele",COMEDY,"Yilmaz Erdogan",2001,110,12,6.5
"2026-07-09 10:30:00","Kill Bill: Vol. 2",ACTION,"Quentin Tarantino",2004,137,12,6.5
"2026-07-09 13:30:00","Spoorloos",MYSTERY,"George Sluizer",1988,107,12,7.0
"2026-07-09 16:00:00","Manhattan",COMEDY,"Woody Allen",1979,96,16,7.0
"2026-07-10 10:30:00","The World's Fastest Indian",BIOGRAPHY,"Roger Donaldson",2005,127,0,8.5
"2026-07-10 13:30:00","Cast Away",ADVENTURE,"Robert Zemeckis",2000,143,12,8.5
"2026-07-11 10:30:00","La battaglia di Algeri",DRAMA,"Gillo Pontecorvo",1966,121,12,7.0
"2026-07-11 13:30:00","La battaglia di Algeri",DRAMA,"Gillo Pontecorvo",1966,121,12,6.5
"2026-07-11 16:30:00","Jungfrukällan",DRAMA,"Ingmar Bergman",1960,89,12,7.5
"2026-07-12 10:30:00","Trois couleurs: Blanc",COMEDY,"Krzysztof Kieslowski",1994,92,0,6.5
"2026-07-12 13:00:00","To Have and Have Not",ADVENTURE,"Howard Hawks",1944,100,6,7.0
"2026-07-12 15:30:00","Manhattan",COMEDY,"Woody Allen",1979,96,16,8.0
"2026-07-13 10:00:00","The Graduate",COMEDY,"Mike Nichols",1967,106,12,6.5
"2026-07-13 12:30:00","Giant",DRAMA,"George Stevens",1956,201,0,8.5
"2026-07-13 17:00:00","Heat",CRIME,"Michael Mann",1995,170,12,7.0
"2026-07-13 22:00:00","Chiedimi se sono felice",COMEDY,"Massimo Venier",2001,165,14,7.05
"2026-07-14 10:00:00","The Longest Day",ACTION,"Ken Annakin",1962,178,0,8.0
"2026-07-14 14:00:00","The World's Fastest Indian",BIOGRAPHY,"Roger Donaldson",2005,127,0,7.0
"2026-07-15 10:30:00","The Wild Bunch",ACTION,"Sam Peckinpah",1969,145,12,7.5
"2026-07-15 14:00:00","To Have and Have Not",ADVENTURE,"Howard Hawks",1944,100,6,7.5
"2026-07-15 16:30:00","Rebecca",DRAMA,"Alfred Hitchcock",1940,130,12,7.0
"2026-07-16 10:00:00","Spoorloos",MYSTERY,"George Sluizer",1988,107,12,7.0
"2026-07-16 12:30:00","Funny Games",CRIME,"Michael Haneke",1997,108,12,7.0
"2026-07-16 15:00:00","The World's Fastest Indian",BIOGRAPHY,"Roger Donaldson",2005,127,0,8.5
"2026-07-17 10:00:00","Badlands",ACTION,"Terrence Malick",1973,94,6,8.0
"2026-07-17 12:30:00","The World's Fastest Indian",BIOGRAPHY,"Roger Donaldson",2005,127,0,8.5
"2026-07-18 10:00:00","Tôkyô goddofâzâzu",ANIMATION,"Satoshi Kon",2003,90,12,7.0
"2026-07-18 12:30:00","Spoorloos",MYSTERY,"George Sluizer",1988,107,12,7.5
"2026-07-18 15:00:00","À bout de souffle",CRIME,"Jean-Luc Godard",1960,90,0,8.5
"2026-07-19 10:00:00","Tôkyô goddofâzâzu",ANIMATION,"Satoshi Kon",2003,90,12,8.0
"2026-07-19 12:30:00","Unforgiven",DRAMA,"Clint Eastwood",1992,130,12,6.5
"2026-07-19 15:30:00","The Circus",COMEDY,"Charles Chaplin",1928,72,12,6.5
"2026-07-20 10:00:00","Doctor Zhivago",DRAMA,"David Lean",1965,197,12,7.0
"2026-07-20 14:00:00","Delicatessen",COMEDY,"Marc Caro",1991,99,16,8.5
"2026-07-21 10:30:00","The World's Fastest Indian",BIOGRAPHY,"Roger Donaldson",2005,127,0,8.5
"2026-07-21 13:30:00","Giant",DRAMA,"George Stevens",1956,201,0,7.0
"2026-07-22 10:30:00","The Bridges of Madison County",DRAMA,"Clint Eastwood",1995,135,12,7.0
"2026-07-22 13:30:00","Miracle on 34th Street",COMEDY,"George Seaton",1947,96,12,8.5
"2026-07-23 10:30:00","The Adventures of Robin Hood",ACTION,"Michael Curtiz",1938,102,6,7.0
"2026-07-23 13:00:00","On the Waterfront",CRIME,"Elia Kazan",1954,108,12,6.5
"2026-07-24 10:00:00","Manhattan",COMEDY,"Woody Allen",1979,96,16,7.0
"2026-07-24 12:30:00","On the Waterfront",CRIME,"Elia Kazan",1954,108,12,6.5
"2026-07-25 10:00:00","Star Wars",ACTION,"George Lucas",1977,121,12,7.5
"2026-07-25 13:00:00","No Man's Land",COMEDY,"Danis Tanovic",2001,98,16,7.5
"2026-07-25 15:30:00","Rebecca",DRAMA,"Alfred Hitchcock",1940,130,12,8.5
"2026-07-26 10:30:00","Pride & Prejudice",DRAMA,"Joe Wright",2005,129,6,8.5
"2026-07-26 13:30:00","Badlands",ACTION,"Terrence Malick",1973,94,6,8.0
"2026-07-26 16:00:00","Awakenings",BIOGRAPHY,"Penny Marshall",1990,121,0,6.5
"2026-07-26 19:00:00","Star Wars",ACTION,"George Lucas",1977,121,12,8.5
"2026-07-27 10:30:00","The Wild Bunch",ACTION,"Sam Peckinpah",1969,145,12,8.0
"2026-07-28 10:00:00","Das Cabinet des Dr. Caligari",FANTASY,"Robert Wiene",1920,76,12,7.0
"2026-07-28 12:30:00","Being John Malkovich",COMEDY,"Spike Jonze",1999,113,16,7.5
"2026-07-28 15:30:00","The World's Fastest Indian",BIOGRAPHY,"Roger Donaldson",2005,127,0,6.5
"2026-07-29 10:00:00","The Bridges of Madison County",DRAMA,"Clint Eastwood",1995,135,12,7.5
"2026-07-30 10:00:00","On the Waterfront",CRIME,"Elia Kazan",1954,108,12,8.5
"2026-07-30 12:30:00","Miracle on 34th Street",COMEDY,"George Seaton",1947,96,12,7.5
"2026-07-31 10:00:00","Das Cabinet des Dr. Caligari",FANTASY,"Robert Wiene",1920,76,12,8.0
"2026-08-01 10:00:00","Doctor Zhivago",DRAMA,"David Lean",1965,197,12,7.0
"2026-08-01 14:00:00","Awakenings",BIOGRAPHY,"Penny Marshall",1990,121,0,7.0
"2026-08-01 17:00:00","Star Wars",ACTION,"George Lucas",1977,121,12,6.5
"2026-08-02 10:30:00","No Man's Land",COMEDY,"Danis Tanovic",2001,98,16,8.5
"2026-08-02 13:00:00","Awakenings",BIOGRAPHY,"Penny Marshall",1990,121,0,7.5
"2026-08-02 16:00:00","No Man's Land",COMEDY,"Danis Tanovic",2001,98,16,6.5
"2026-08-03 10:00:00","Midnight Cowboy",DRAMA,"John Schlesinger",1969,113,12,6.5
"2026-08-03 12:30:00","Roman Holiday",COMEDY,"William Wyler",1953,118,12,6.5
"2026-08-04 10:30:00","Pride & Prejudice",DRAMA,"Joe Wright",2005,129,6,8.5
"2026-08-05 10:00:00","The Station Agent",COMEDY,"Tom McCarthy",2003,89,16,8.5
"2026-08-05 12:30:00","À bout de souffle",CRIME,"Jean-Luc Godard",1960,90,0,7.5
"2026-08-05 15:00:00","Miracle on 34th Street",COMEDY,"George Seaton",1947,96,12,6.5
"2026-08-06 10:30:00","On the Waterfront",CRIME,"Elia Kazan",1954,108,12,8.0
"2026-08-06 13:00:00","Delicatessen",COMEDY,"Marc Caro",1991,99,16,7.0
"2026-08-07 10:30:00","Badlands",ACTION,"Terrence Malick",1973,94,6,8.5
"2026-08-08 10:00:00","Pride & Prejudice",DRAMA,"Joe Wright",2005,129,6,6.5
"2026-08-08 13:00:00","Glengarry Glen Ross",CRIME,"James Foley",1992,100,16,8.5
"2026-08-08 15:30:00","Being John Malkovich",COMEDY,"Spike Jonze",1999,113,16,7.5
"2026-08-08 18:00:00","Being John Malkovich",COMEDY,"Spike Jonze",1999,113,16,8.5
"2026-08-09 10:30:00","Das Cabinet des Dr. Caligari",FANTASY,"Robert Wiene",1920,76,12,8.0
"2026-08-09 12:30:00","Roman Holiday",COMEDY,"William Wyler",1953,118,12,8.0
"2026-08-09 15:30:00","Being John Malkovich",COMEDY,"Spike Jonze",1999,113,16,8.5
"2026-08-10 10:30:00","Shadow of a Doubt",FILM_NOIR,"Alfred Hitchcock",1943,108,6,7.5
"2026-08-11 10:00:00","The Wild Bunch",ACTION,"Sam Peckinpah",1969,145,12,6.5
"2026-08-11 13:30:00","Star Wars",ACTION,"George Lucas",1977,121,12,7.0
"2026-08-12 10:30:00","Sleuth",MYSTERY,"Joseph L. Mankiewicz",1972,138,6,7.0
"2026-08-12 13:30:00","Zwartboek",DRAMA,"Paul Verhoeven",2006,145,16,8.5
"2026-08-12 17:00:00","Blood Diamond",ADVENTURE,"Edward Zwick",2006,143,12,7.0
"2026-08-13 10:30:00","La battaglia di Algeri",DRAMA,"Gillo Pontecorvo",1966,121,12,8.5
"2026-08-13 13:30:00","Doctor Zhivago",DRAMA,"David Lean",1965,197,12,8.5
"2026-08-13 17:30:00","The Game",ACTION,"David Fincher",1997,129,12,7.5
"2026-08-14 10:30:00","Awakenings",BIOGRAPHY,"Penny Marshall",1990,121,0,8.0
"2026-08-14 13:30:00","Kumonosu-jô",DRAMA,"Akira Kurosawa",1957,110,12,8.0
"2026-08-15 10:30:00","Spoorloos",MYSTERY,"George Sluizer",1988,107,12,7.5
"2026-08-15 13:00:00","Mad Max 2",ACTION,"George Miller",1981,96,12,7.5
"2026-08-15 15:30:00","Miracle on 34th Street",COMEDY,"George Seaton",1947,96,12,6.5
"2026-08-16 10:30:00","Blood Diamond",ADVENTURE,"Edward Zwick",2006,143,12,7.0
"2026-08-16 13:30:00","Zwartboek",DRAMA,"Paul Verhoeven",2006,145,16,8.5
"2026-08-16 17:00:00","Roman Holiday",COMEDY,"William Wyler",1953,118,12,6.5
"2026-08-16 20:00:00","The Game",ACTION,"David Fincher",1997,129,12,9.0
"2026-08-17 10:00:00","The World's Fastest Indian",BIOGRAPHY,"Roger Donaldson",2005,127,0,8.0
"2026-08-17 13:00:00","The Circus",COMEDY,"Charles Chaplin",1928,72,12,8.0
"2026-08-17 15:00:00","Sleuth",MYSTERY,"Joseph L. Mankiewicz",1972,138,6,6.5
"2026-08-18 10:30:00","Sleuth",MYSTERY,"Joseph L. Mankiewicz",1972,138,6,7.0
"2026-08-18 13:30:00","The Game",ACTION,"David Fincher",1997,129,12,6.5
"2026-08-19 10:00:00","Harold and Maude",COMEDY,"Hal Ashby",1971,91,6,8.0
"2026-08-19 12:30:00","Spoorloos",MYSTERY,"George Sluizer",1988,107,12,7.0
"2026-08-20 10:00:00","The Color Purple",DRAMA,"Steven Spielberg",1985,154,0,7.5
"2026-08-21 10:30:00","Judgment at Nuremberg",DRAMA,"Stanley Kramer",1961,179,12,7.5
"2026-08-21 14:30:00","Glengarry Glen Ross",CRIME,"James Foley",1992,100,16,7.0
"2026-08-21 17:00:00","Stalag 17",COMEDY,"Billy Wilder",1953,120,12,7.0
"2026-08-22 10:30:00","The Color Purple",DRAMA,"Steven Spielberg",1985,154,0,8.5
"2026-08-22 14:00:00","The Truman Show",COMEDY,"Peter Weir",1998,103,0,8.0
"2026-08-22 16:30:00","On the Waterfront",CRIME,"Elia Kazan",1954,108,12,7.5
"2026-08-22 19:00:00","Pride & Prejudice",DRAMA,"Joe Wright",2005,129,6,9.0
"2026-08-23 10:30:00","The General",ACTION,"Clyde Bruckman",1926,67,12,8.0
"2026-08-23 12:30:00","Central do Brasil",DRAMA,"Walter Salles",1998,110,16,6.5
"2026-08-23 15:00:00","The Station Agent",COMEDY,"Tom McCarthy",2003,89,16,6.5
"2026-08-23 17:30:00","La Grande Illusion",DRAMA,"Jean Renoir",1937,113,12,7.0
"2026-08-24 10:00:00","Rope",CRIME,"Alfred Hitchcock",1948,80,12,8.5
"2026-08-25 10:30:00","Zelig",COMEDY,"Woody Allen",1983,79,6,8.5
"2026-08-25 12:30:00","Stalag 17",COMEDY,"Billy Wilder",1953,120,12,7.0
"2026-08-25 15:30:00","Rope",CRIME,"Alfred Hitchcock",1948,80,12,7.0
"2026-08-26 10:30:00","The Notebook",DRAMA,"Nick Cassavetes",2004,123,12,6.5
"2026-08-27 10:30:00","Lat sau san taam",ACTION,"John Woo",1992,128,16,8.0
"2026-08-27 13:30:00","The General",ACTION,"Clyde Bruckman",1926,67,12,6.5
"2026-08-27 15:30:00","Blood Diamond",ADVENTURE,"Edward Zwick",2006,143,12,6.5
"2026-08-28 10:30:00","The Color Purple",DRAMA,"Steven Spielberg",1985,154,0,8.5
"2026-08-29 10:00:00","The Right Stuff",ADVENTURE,"Philip Kaufman",1983,193,6,7.0
"2026-08-29 14:00:00","The Bourne Identity",ACTION,"Doug Liman",2002,119,12,7.5
"2026-08-29 17:00:00","Kumonosu-jô",DRAMA,"Akira Kurosawa",1957,110,12,8.0
"2026-08-30 10:00:00","Funny Games",CRIME,"Michael Haneke",1997,108,12,6.5
"2026-08-30 12:30:00","The Truman Show",COMEDY,"Peter Weir",1998,103,0,7.5
"2026-08-30 15:00:00","V for Vendetta",ACTION,"James McTeigue",2005,132,12,8.0
"2026-08-31 10:00:00","The Circus",COMEDY,"Charles Chaplin",1928,72,12,7.5
"2026-08-31 12:00:00","Stalker",DRAMA,"Andrei Tarkovsky",1979,162,0,7.5
"2026-09-01 10:00:00","Paris, Texas",DRAMA,"Wim Wenders",1984,145,0,8.5
"2026-09-02 10:00:00","Once Were Warriors",CRIME,"Lee Tamahori",1994,102,12,6.5
"2026-09-03 10:30:00","What Ever Happened to Baby Jane?",DRAMA,"Robert Aldrich",1962,134,12,8.0
"2026-09-04 10:00:00","Once Were Warriors",CRIME,"Lee Tamahori",1994,102,12,8.5
"2026-09-04 12:30:00","Efter brylluppet",DRAMA,"Susanne Bier",2006,120,16,8.0
"2026-09-05 10:00:00","Once Upon a Time in the West",WESTERN,"Sergio Leone",1968,165,0,7.5
"2026-09-05 13:30:00","Once Upon a Time in the West",WESTERN,"Sergio Leone",1968,165,0,7.0
"2026-09-05 17:00:00","La Grande Illusion",DRAMA,"Jean Renoir",1937,113,12,8.5
"2026-09-06 10:00:00","Rope",CRIME,"Alfred Hitchcock",1948,80,12,8.0
"2026-09-06 12:30:00","The Night of the Hunter",CRIME,"Charles Laughton",1955,92,12,6.5
"2026-09-06 15:00:00","Guess Who's Coming to Dinner",COMEDY,"Stanley Kramer",1967,108,12,7.0
"2026-09-07 10:00:00","Once Upon a Time in the West",WESTERN,"Sergio Leone",1968,165,0,8.5
"2026-09-07 13:30:00","Funny Games",CRIME,"Michael Haneke",1997,108,12,6.5
"2026-09-08 10:30:00","Guess Who's Coming to Dinner",COMEDY,"Stanley Kramer",1967,108,12,6.5
"2026-09-08 13:00:00","Yeopgijeogin geunyeo",COMEDY,"Jae-young Kwak",2001,137,12,6.5
"2026-09-08 16:30:00","Stalag 17",COMEDY,"Billy Wilder",1953,120,12,8.5
"2026-09-09 10:00:00","Lat sau san taam",ACTION,"John Woo",1992,128,16,7.5
"2026-09-09 13:00:00","O Brother, Where Art Thou?",ADVENTURE,"Joel Coen",2000,107,0,7.0
"2026-09-10 10:00:00","Once Upon a Time in the West",WESTERN,"Sergio Leone",1968,165,0,8.5
"2026-09-11 10:30:00","Star Trek II: The Wrath of Khan",ACTION,"Nicholas Meyer",1982,113,0,8.5
"2026-09-11 13:30:00","O Brother, Where Art Thou?",ADVENTURE,"Joel Coen",2000,107,0,7.0
"2026-09-11 16:00:00","The Exorcist",HORROR,"William Friedkin",1973,122,12,7.5
"2026-09-12 10:30:00","Funny Games",CRIME,"Michael Haneke",1997,108,12,7.0
"2026-09-12 13:00:00","The Station Agent",COMEDY,"Tom McCarthy",2003,89,16,8.5
"2026-09-12 15:30:00","Sleuth",MYSTERY,"Joseph L. Mankiewicz",1972,138,6,8.5
"2026-09-13 10:00:00","Blood Diamond",ADVENTURE,"Edward Zwick",2006,143,12,7.0
"2026-09-13 13:30:00","Blood Diamond",ADVENTURE,"Edward Zwick",2006,143,12,7.5
"2026-09-13 16:30:00","Once Upon a Time in the West",WESTERN,"Sergio Leone",1968,165,0,8.0
"2026-09-13 20:00:00","Star Trek II: The Wrath of Khan",ACTION,"Nicholas Meyer",1982,113,0,9.0
"2026-09-14 10:30:00","Efter brylluppet",DRAMA,"Susanne Bier",2006,120,16,7.0
"2026-09-14 13:30:00","Roman Holiday",COMEDY,"William Wyler",1953,118,12,7.0
"2026-09-14 16:00:00","Star Wars",ACTION,"George Lucas",1977,121,12,7.5
"2026-09-15 10:30:00","Witness for the Prosecution",CRIME,"Billy Wilder",1957,116,0,8.5
"2026-09-15 13:30:00","Kumonosu-jô",DRAMA,"Akira Kurosawa",1957,110,12,8.0
"2026-09-15 16:30:00","Yeopgijeogin geunyeo",COMEDY,"Jae-young Kwak",2001,137,12,7.5
"2026-09-16 10:00:00","Mad Max 2",ACTION,"George Miller",1981,96,12,7.5
"2026-09-16 12:30:00","Once Upon a Time in the West",WESTERN,"Sergio Leone",1968,165,0,7.5
"2026-09-16 16:00:00","Ed Wood",BIOGRAPHY,"Tim Burton",1994,127,0,8.0
"2026-09-17 10:30:00","No Man's Land",COMEDY,"Danis Tanovic",2001,98,16,6.5
"2026-09-17 13:00:00","Mad Max 2",ACTION,"George Miller",1981,96,12,7.0
"2026-09-18 10:00:00","A Christmas Story",COMEDY,"Bob Clark",1983,93,0,6.5
"2026-09-19 10:30:00","Stalker",DRAMA,"Andrei Tarkovsky",1979,162,0,6.5
"2026-09-19 14:00:00","Wo hu cang long",ACTION,"Ang Lee",2000,120,12,7.0
"2026-09-19 17:00:00","Anand",DRAMA,"Hrishikesh Mukherjee",1971,122,0,7.5
"2026-09-19 20:00:00","Ed Wood",BIOGRAPHY,"Tim Burton",1994,127,0,8.5
"2026-09-20 10:30:00","Efter brylluppet",DRAMA,"Susanne Bier",2006,120,16,7.0
"2026-09-20 13:30:00","Paris, Texas",DRAMA,"Wim Wenders",1984,145,0,8.5
"2026-09-20 17:00:00","The Night of the Hunter",CRIME,"Charles Laughton",1955,92,12,8.5
"2026-09-20 19:30:00","Funny Games",CRIME,"Michael Haneke",1997,108,12,10.0
"2026-09-21 10:00:00","A Christmas Story",COMEDY,"Bob Clark",1983,93,0,7.5
"2026-09-21 12:30:00","Wo hu cang long",ACTION,"Ang Lee",2000,120,12,7.0
"2026-09-22 10:30:00","Sholay",ACTION,"Ramesh Sippy",1975,204,0,8.5
"2026-09-23 10:00:00","V for Vendetta",ACTION,"James McTeigue",2005,132,12,6.5
"2026-09-23 13:00:00","Laura",DRAMA,"Otto Preminger",1944,88,12,6.5
"2026-09-24 10:30:00","Strangers on a Train",CRIME,"Alfred Hitchcock",1951,101,12,8.5
"2026-09-24 13:00:00","Star Trek II: The Wrath of Khan",ACTION,"Nicholas Meyer",1982,113,0,8.0
"2026-09-25 10:30:00","Donnie Darko",DRAMA,"Richard Kelly",2001,113,16,7.5
"2026-09-25 13:00:00","Brief Encounter",DRAMA,"David Lean",1945,86,0,7.0
"2026-09-25 15:30:00","Central do Brasil",DRAMA,"Walter Salles",1998,110,16,8.0
"2026-09-26 10:00:00","The Night of the Hunter",CRIME,"Charles Laughton",1955,92,12,7.0
"2026-09-26 12:30:00","To Be or Not to Be",COMEDY,"Ernst Lubitsch",1942,99,12,7.0
"2026-09-26 15:00:00","Witness for the Prosecution",CRIME,"Billy Wilder",1957,116,0,7.0
"2026-09-26 18:00:00","Dead Man",ADVENTURE,"Jim Jarmusch",1995,121,16,10.0
"2026-09-27 10:00:00","Brief Encounter",DRAMA,"David Lean",1945,86,0,8.0
"2026-09-27 12:30:00","Lola rennt",CRIME,"Tom Tykwer",1998,81,12,8.0
"2026-09-27 14:30:00","Laura",DRAMA,"Otto Preminger",1944,88,12,7.0
"2026-09-27 17:00:00","Once Were Warriors",CRIME,"Lee Tamahori",1994,102,12,8.0
"2026-09-28 10:30:00","O Brother, Where Art Thou?",ADVENTURE,"Joel Coen",2000,107,0,8.5
"2026-09-28 13:00:00","O Brother, Where Art Thou?",ADVENTURE,"Joel Coen",2000,107,0,6.5
"2026-09-29 10:00:00","Guess Who's Coming to Dinner",COMEDY,"Stanley Kramer",1967,108,12,7.0
"2026-09-29 13:00:00","Aguirre, der Zorn Gottes",ACTION,"Werner Herzog",1972,95,12,8.0
"2026-09-29 15:30:00","Die Hard",ACTION,"John McTiernan",1988,132,12,8.0
"2026-09-30 10:00:00","Annie Hall",COMEDY,"Woody Allen",1977,93,12,6.5
"2026-10-01 10:00:00","La leggenda del pianista sull'oceano",DRAMA,"Giuseppe Tornatore",1998,169,0,8.0
"2026-10-01 14:00:00","Die Hard: With a Vengeance",ACTION,"John McTiernan",1995,128,12,7.5
"2026-10-02 10:00:00","The Night of the Hunter",CRIME,"Charles Laughton",1955,92,12,8.5
"2026-10-02 12:30:00","Brokeback Mountain",DRAMA,"Ang Lee",2005,134,12,7.5
"2026-10-03 10:00:00","Kung fu",ACTION,"Stephen Chow",2004,99,12,7.0
"2026-10-03 12:30:00","O Brother, Where Art Thou?",ADVENTURE,"Joel Coen",2000,107,0,8.5
"2026-10-03 15:00:00","Ed Wood",BIOGRAPHY,"Tim Burton",1994,127,0,8.5
"2026-10-03 18:00:00","The Sting",COMEDY,"George Roy Hill",1973,129,0,9.0
"2026-10-04 10:30:00","To Be or Not to Be",COMEDY,"Ernst Lubitsch",1942,99,12,6.5
"2026-10-04 13:00:00","Die Hard",ACTION,"John McTiernan",1988,132,12,8.5
"2026-10-04 16:00:00","Awakenings",BIOGRAPHY,"Penny Marshall",1990,121,0,7.5
"2026-10-05 10:30:00","Funny Games",CRIME,"Michael Haneke",1997,108,12,8.0
"2026-10-06 10:00:00","Kung fu",ACTION,"Stephen Chow",2004,99,12,7.5
"2026-10-06 12:30:00","Lola rennt",CRIME,"Tom Tykwer",1998,81,12,7.0
"2026-10-06 14:30:00","Efter brylluppet",DRAMA,"Susanne Bier",2006,120,16,7.0
"2026-10-07 10:00:00","Secrets & Lies",COMEDY,"Mike Leigh",1996,136,0,6.5
"2026-10-07 13:00:00","Aguirre, der Zorn Gottes",ACTION,"Werner Herzog",1972,95,12,8.5
"2026-10-07 15:30:00","Secrets & Lies",COMEDY,"Mike Leigh",1996,136,0,8.5
"2026-10-08 10:00:00","Aguirre, der Zorn Gottes",ACTION,"Werner Herzog",1972,95,12,8.0
"2026-10-08 12:30:00","The Sting",COMEDY,"George Roy Hill",1973,129,0,8.0
"2026-10-09 10:00:00","Brokeback Mountain",DRAMA,"Ang Lee",2005,134,12,7.5
"2026-10-10 10:00:00","Annie Hall",COMEDY,"Woody Allen",1977,93,12,8.5
"2026-10-10 12:30:00","Bacheha-Ye aseman",DRAMA,"Majid Majidi",1997,89,6,6.5
"2026-10-10 15:00:00","Goodfellas",BIOGRAPHY,"Martin Scorsese",1990,146,12,8.0
"2026-10-10 18:00:00","The Station Agent",COMEDY,"Tom McCarthy",2003,89,16,9.0
"2026-10-11 10:00:00","Goodfellas",BIOGRAPHY,"Martin Scorsese",1990,146,12,8.5
"2026-10-11 13:30:00","To Be or Not to Be",COMEDY,"Ernst Lubitsch",1942,99,12,8.0
"2026-10-11 16:00:00","The Shop Around the Corner",COMEDY,"Ernst Lubitsch",1940,99,12,8.0
"2026-10-11 18:30:00","Efter brylluppet",DRAMA,"Susanne Bier",2006,120,16,8.5
"2026-10-12 10:30:00","Aguirre, der Zorn Gottes",ACTION,"Werner Herzog",1972,95,12,8.0
"2026-10-12 13:00:00","Dancer in the Dark",CRIME,"Lars von Trier",2000,140,0,6.5
"2026-10-12 16:00:00","What's Eating Gilbert Grape",DRAMA,"Lasse Hallström",1993,118,0,7.5
"2026-10-13 10:00:00","All About Eve",DRAMA,"Joseph L. Mankiewicz",1950,138,12,7.5
"2026-10-13 13:00:00","Before Sunrise",DRAMA,"Richard Linklater",1995,101,16,7.0
"2026-10-14 10:00:00","Efter brylluppet",DRAMA,"Susanne Bier",2006,120,16,8.0
"2026-10-14 13:00:00","Hana-bi",CRIME,"Takeshi Kitano",1997,103,12,7.0
"2026-10-14 15:30:00","Secrets & Lies",COMEDY,"Mike Leigh",1996,136,0,7.5
"2026-10-15 10:00:00","Bacheha-Ye aseman",DRAMA,"Majid Majidi",1997,89,6,7.5
"2026-10-16 10:00:00","Majo no takkyûbin",ANIMATION,"Hayao Miyazaki",1989,103,0,8.5
"2026-10-16 12:30:00","Donnie Darko",DRAMA,"Richard Kelly",2001,113,16,6.5
"2026-10-17 10:00:00","The Sting",COMEDY,"George Roy Hill",1973,129,0,8.5
"2026-10-17 13:00:00","8½",DRAMA,"Federico Fellini",1963,138,12,7.5
"2026-10-17 16:00:00","Dancer in the Dark",CRIME,"Lars von Trier",2000,140,0,7.5
"2026-10-17 19:00:00","Brazil",DRAMA,"Terry Gilliam",1985,132,0,8.5
"2026-10-18 10:00:00","Lola rennt",CRIME,"Tom Tykwer",1998,81,12,7.5
"2026-10-18 12:00:00","L.A. Confidential",CRIME,"Curtis Hanson",1997,138,12,8.0
"2026-10-18 15:00:00","Bacheha-Ye aseman",DRAMA,"Majid Majidi",1997,89,6,8.5
"2026-10-19 10:00:00","8½",DRAMA,"Federico Fellini",1963,138,12,8.0
"2026-10-20 10:00:00","The Station Agent",COMEDY,"Tom McCarthy",2003,89,16,8.0
"2026-10-21 10:00:00","The Day the Earth Stood Still",DRAMA,"Robert Wise",1951,92,0,8.5
"2026-10-22 10:30:00","To Be or Not to Be",COMEDY,"Ernst Lubitsch",1942,99,12,8.0
"2026-10-22 13:00:00","The King of Comedy",COMEDY,"Martin Scorsese",1982,109,0,7.5
"2026-10-23 10:00:00","La leggenda del pianista sull'oceano",DRAMA,"Giuseppe Tornatore",1998,169,0,7.5
"2026-10-24 10:00:00","Majo no takkyûbin",ANIMATION,"Hayao Miyazaki",1989,103,0,8.5
"2026-10-24 12:30:00","Notorious",DRAMA,"Alfred Hitchcock",1946,102,0,7.5
"2026-10-24 15:00:00","Star Trek II: The Wrath of Khan",ACTION,"Nicholas Meyer",1982,113,0,8.0
"2026-10-24 18:00:00","Notorious",DRAMA,"Alfred Hitchcock",1946,102,0,9.0
"2026-10-25 10:00:00","Bacheha-Ye aseman",DRAMA,"Majid Majidi",1997,89,6,8.0
"2026-10-25 12:30:00","Per un pugno di dollari",ACTION,"Sergio Leone",1964,99,12,6.5
"2026-10-25 15:00:00","Dancer in the Dark",CRIME,"Lars von Trier",2000,140,0,7.5
"2026-10-26 10:30:00","Brazil",DRAMA,"Terry Gilliam",1985,132,0,8.5
"2026-10-26 13:30:00","Blow",BIOGRAPHY,"Ted Demme",2001,124,16,8.0
"2026-10-26 16:30:00","Giù la testa",DRAMA,"Sergio Leone",1971,157,6,8.0
"2026-10-27 10:30:00","Dip huet seung hung",ACTION,"John Woo",1989,111,16,8.5
"2026-10-27 13:30:00","Toy Story 2",ANIMATION,"John Lasseter",1999,92,0,8.5
"2026-10-27 16:00:00","Dancer in the Dark",CRIME,"Lars von Trier",2000,140,0,7.5
"2026-10-28 10:30:00","Gilda",DRAMA,"Charles Vidor",1946,110,12,8.5
"2026-10-29 10:30:00","The Station Agent",COMEDY,"Tom McCarthy",2003,89,16,7.5
"2026-10-30 10:30:00","V for Vendetta",ACTION,"James McTeigue",2005,132,12,7.0
"2026-10-31 10:30:00","The Day the Earth Stood Still",DRAMA,"Robert Wise",1951,92,0,8.5
"2026-10-31 13:00:00","Hana-bi",CRIME,"Takeshi Kitano",1997,103,12,6.5
"2026-10-31 15:30:00","Toy Story 2",ANIMATION,"John Lasseter",1999,92,0,8.5
"2026-10-31 18:00:00","All About Eve",DRAMA,"Joseph L. Mankiewicz",1950,138,12,9.0
"2026-11-01 10:30:00","Shrek",ANIMATION,"Andrew Adamson",2001,90,0,8.0
"2026-11-01 13:00:00","Dead Man",ADVENTURE,"Jim Jarmusch",1995,121,16,8.5
"2026-11-01 16:00:00","Majo no takkyûbin",ANIMATION,"Hayao Miyazaki",1989,103,0,8.0
"2026-11-01 18:30:00","Brazil",DRAMA,"Terry Gilliam",1985,132,0,9.0
"2026-11-02 10:30:00","Shrek",ANIMATION,"Andrew Adamson",2001,90,0,8.5
"2026-11-02 13:00:00","Notorious",DRAMA,"Alfred Hitchcock",1946,102,0,6.5
"2026-11-03 10:00:00","Laura",DRAMA,"Otto Preminger",1944,88,12,7.0
"2026-11-04 10:00:00","Dead Man",ADVENTURE,"Jim Jarmusch",1995,121,16,8.5
"2026-11-05 10:00:00","Annie Hall",COMEDY,"Woody Allen",1977,93,12,8.5
"2026-11-06 10:30:00","The Kid",COMEDY,"Charles Chaplin",1921,68,12,7.0
"2026-11-06 12:30:00","The 39 Steps",CRIME,"Alfred Hitchcock",1935,86,12,8.0
"2026-11-06 15:00:00","Dancer in the Dark",CRIME,"Lars von Trier",2000,140,0,8.0
"2026-11-07 10:00:00","Dà hóng denglong gaogao guà",DRAMA,"Yimou Zhang",1991,125,6,7.5
"2026-11-07 13:00:00","Brazil",DRAMA,"Terry Gilliam",1985,132,0,7.5
"2026-11-07 16:00:00","V for Vendetta",ACTION,"James McTeigue",2005,132,12,7.5
"2026-11-07 19:00:00","The King of Comedy",COMEDY,"Martin Scorsese",1982,109,0,9.5
"2026-11-08 10:00:00","The 39 Steps",CRIME,"Alfred Hitchcock",1935,86,12,8.0
"2026-11-08 12:30:00","The 39 Steps",CRIME,"Alfred Hitchcock",1935,86,12,8.5
"2026-11-08 14:30:00","Giù la testa",DRAMA,"Sergio Leone",1971,157,6,6.5
"2026-11-08 18:00:00","Per un pugno di dollari",ACTION,"Sergio Leone",1964,99,12,9.5
"2026-11-09 10:30:00","Gilda",DRAMA,"Charles Vidor",1946,110,12,8.5
"2026-11-10 10:00:00","The Station Agent",COMEDY,"Tom McCarthy",2003,89,16,6.5
"2026-11-10 12:30:00","Dà hóng denglong gaogao guà",DRAMA,"Yimou Zhang",1991,125,6,7.5
"2026-11-11 10:30:00","Toy Story 2",ANIMATION,"John Lasseter",1999,92,0,7.0
"2026-11-12 10:00:00","Dà hóng denglong gaogao guà",DRAMA,"Yimou Zhang",1991,125,6,7.5
"2026-11-13 10:00:00","Smultronstället",DRAMA,"Ingmar Bergman",1957,91,0,6.5
"2026-11-13 12:30:00","Majo no takkyûbin",ANIMATION,"Hayao Miyazaki",1989,103,0,7.0
"2026-11-14 10:30:00","Majo no takkyûbin",ANIMATION,"Hayao Miyazaki",1989,103,0,6.5
"2026-11-14 13:00:00","Dogville",CRIME,"Lars von Trier",2003,178,16,7.5
"2026-11-14 17:00:00","Goodfellas",BIOGRAPHY,"Martin Scorsese",1990,146,12,8.5
"2026-11-15 10:00:00","Goodfellas",BIOGRAPHY,"Martin Scorsese",1990,146,12,6.5
"2026-11-15 13:00:00","Shrek",ANIMATION,"Andrew Adamson",2001,90,0,8.0
"2026-11-15 15:30:00","Hana-bi",CRIME,"Takeshi Kitano",1997,103,12,7.0
"2026-11-16 10:30:00","Stand by Me",ADVENTURE,"Rob Reiner",1986,89,0,7.5
"2026-11-16 12:30:00","Giù la testa",DRAMA,"Sergio Leone",1971,157,6,8.0
"2026-11-16 16:00:00","Shrek",ANIMATION,"Andrew Adamson",2001,90,0,8.5
"2026-11-17 10:30:00","Dancer in the Dark",CRIME,"Lars von Trier",2000,140,0,8.0
"2026-11-17 13:30:00","Trois couleurs: Bleu",DRAMA,"Krzysztof Kieslowski",1993,94,0,8.5
"2026-11-17 16:00:00","L.A. Confidential",CRIME,"Curtis Hanson",1997,138,12,7.5
"2026-11-18 10:00:00","Double Indemnity",CRIME,"Billy Wilder",1944,107,12,8.5
"2026-11-18 12:30:00","The 39 Steps",CRIME,"Alfred Hitchcock",1935,86,12,7.5
"2026-11-19 10:00:00","Gilda",DRAMA,"Charles Vidor",1946,110,12,7.5
"2026-11-20 10:30:00","Sanjuro",ACTION,"Akira Kurosawa",1962,96,0,6.5
"2026-11-20 13:00:00","Hana-bi",CRIME,"Takeshi Kitano",1997,103,12,7.0
"2026-11-20 15:30:00","Once Upon a Time in America",CRIME,"Sergio Leone",1984,229,12,8.0
"2026-11-21 10:30:00","Dead Man",ADVENTURE,"Jim Jarmusch",1995,121,16,7.0
"2026-11-21 13:30:00","L.A. Confidential",CRIME,"Curtis Hanson",1997,138,12,8.0
"2026-11-21 16:30:00","Rang De Basanti",COMEDY,"Rakeysh Omprakash Mehra",2006,167,12,7.0
"2026-11-22 10:00:00","Harry Potter and the Sorcerer's Stone",ADVENTURE,"Chris Columbus",2001,152,0,8.5
"2026-11-22 13:30:00","The Killing Fields",BIOGRAPHY,"Roland Joffé",1984,141,12,8.0
"2026-11-22 16:30:00","Salinui chueok",CRIME,"Bong Joon Ho",2003,131,12,8.5
"2026-11-23 10:30:00","The Kid",COMEDY,"Charles Chaplin",1921,68,12,7.0
"2026-11-24 10:00:00","The Day of the Jackal",CRIME,"Fred Zinnemann",1973,143,12,6.5
"2026-11-25 10:00:00","Sanjuro",ACTION,"Akira Kurosawa",1962,96,0,7.0
"2026-11-25 12:30:00","The Little Mermaid",ANIMATION,"Ron Clements",1989,83,0,8.5
"2026-11-26 10:30:00","Dogville",CRIME,"Lars von Trier",2003,178,16,7.5
"2026-11-27 10:00:00","Le charme discret de la bourgeoisie",COMEDY,"Luis Buñuel",1972,102,6,7.0
"2026-11-28 10:30:00","Breaking the Waves",DRAMA,"Lars von Trier",1996,159,16,8.5
"2026-11-28 14:00:00","Shrek",ANIMATION,"Andrew Adamson",2001,90,0,8.5
"2026-11-28 16:30:00","Shrek",ANIMATION,"Andrew Adamson",2001,90,0,7.0
"2026-11-28 19:00:00","The Exorcist",HORROR,"William Friedkin",1973,122,12,8.5
"2026-11-29 10:30:00","Office Space",COMEDY,"Mike Judge",1999,89,16,6.5
"2026-11-29 13:00:00","Le charme discret de la bourgeoisie",COMEDY,"Luis Buñuel",1972,102,6,7.5
"2026-11-29 15:30:00","The Lost Weekend",DRAMA,"Billy Wilder",1945,101,12,6.5
"2026-11-30 10:00:00","Planes, Trains & Automobiles",COMEDY,"John Hughes",1987,93,0,7.0
"2026-11-30 12:30:00","Dawn of the Dead",ACTION,"George A. Romero",1978,127,12,8.0
"2026-12-01 10:00:00","Psycho",HORROR,"Alfred Hitchcock",1960,109,12,6.5
"2026-12-01 12:30:00","Stand by Me",ADVENTURE,"Rob Reiner",1986,89,0,6.5
"2026-12-02 10:00:00","Aguirre, der Zorn Gottes",ACTION,"Werner Herzog",1972,95,12,7.5
"2026-12-02 12:30:00","The Exorcist",HORROR,"William Friedkin",1973,122,12,6.5
"2026-12-02 15:30:00","Notorious",DRAMA,"Alfred Hitchcock",1946,102,0,8.0
"2026-12-03 10:00:00","Smultronstället",DRAMA,"Ingmar Bergman",1957,91,0,7.0
"2026-12-04 10:00:00","Breaking the Waves",DRAMA,"Lars von Trier",1996,159,16,8.0
"2026-12-05 10:00:00","Once Upon a Time in America",CRIME,"Sergio Leone",1984,229,12,6.5
"2026-12-05 14:30:00","Le charme discret de la bourgeoisie",COMEDY,"Luis Buñuel",1972,102,6,7.0
"2026-12-05 17:00:00","Donnie Darko",DRAMA,"Richard Kelly",2001,113,16,6.5
"2026-12-06 10:00:00","Salinui chueok",CRIME,"Bong Joon Ho",2003,131,12,8.0
"2026-12-06 13:00:00","The Day of the Jackal",CRIME,"Fred Zinnemann",1973,143,12,6.5
"2026-12-06 16:30:00","Once Upon a Time in America",CRIME,"Sergio Leone",1984,229,12,7.0
"2026-12-07 10:00:00","Stand by Me",ADVENTURE,"Rob Reiner",1986,89,0,8.5
"2026-12-07 12:30:00","Bringing Up Baby",COMEDY,"Howard Hawks",1938,102,12,8.0
"2026-12-08 10:00:00","Psycho",HORROR,"Alfred Hitchcock",1960,109,12,7.5
"2026-12-08 13:00:00","Das Experiment",DRAMA,"Oliver Hirschbiegel",2001,120,16,7.5
"2026-12-08 15:30:00","Stalker",DRAMA,"Andrei Tarkovsky",1979,162,0,8.0
"2026-12-09 10:30:00","Hannah and Her Sisters",COMEDY,"Woody Allen",1986,107,12,7.5
"2026-12-09 13:00:00","The Lost Weekend",DRAMA,"Billy Wilder",1945,101,12,7.0
"2026-12-09 15:30:00","Harry Potter and the Sorcerer's Stone",ADVENTURE,"Chris Columbus",2001,152,0,7.0
"2026-12-10 10:00:00","Stalker",DRAMA,"Andrei Tarkovsky",1979,162,0,7.0
"2026-12-10 13:30:00","Das Experiment",DRAMA,"Oliver Hirschbiegel",2001,120,16,8.5
"2026-12-10 16:30:00","Blow",BIOGRAPHY,"Ted Demme",2001,124,16,8.5
"2026-12-11 10:00:00","The Little Mermaid",ANIMATION,"Ron Clements",1989,83,0,7.0
"2026-12-12 10:00:00","Psycho",HORROR,"Alfred Hitchcock",1960,109,12,8.0
"2026-12-12 12:30:00","Donnie Darko",DRAMA,"Richard Kelly",2001,113,16,6.5
"2026-12-12 15:30:00","The Little Mermaid",ANIMATION,"Ron Clements",1989,83,0,6.5
"2026-12-13 10:30:00","Once Upon a Time in America",CRIME,"Sergio Leone",1984,229,12,7.0
"2026-12-13 15:00:00","The Killing Fields",BIOGRAPHY,"Roland Joffé",1984,141,12,8.0
"2026-12-13 18:00:00","Pulp Fiction",CRIME,"Quentin Tarantino",1994,154,12,10.0
"2026-12-13 21:30:00","This Is England",CRIME,"Shane Meadows",2006,101,12,9.0
"2026-12-14 10:30:00","The Lives of Others",DRAMA,"Florian Henckel von Donnersmarck",2006,137,12,6.5
"2026-12-14 14:00:00","Sanjuro",ACTION,"Akira Kurosawa",1962,96,0,8.0
"2026-12-15 10:00:00","Toy Story",ANIMATION,"John Lasseter",1995,81,0,8.5
"2026-12-16 10:00:00","Det sjunde inseglet",DRAMA,"Ingmar Bergman",1957,96,12,8.0
"2026-12-16 12:30:00","Stand by Me",ADVENTURE,"Rob Reiner",1986,89,0,7.5
"2026-12-17 10:30:00","The Untouchables",CRIME,"Brian De Palma",1987,119,12,8.0
"2026-12-17 13:30:00","Rear Window",MYSTERY,"Alfred Hitchcock",1954,112,0,8.0
"2026-12-17 16:30:00","This Is England",CRIME,"Shane Meadows",2006,101,12,6.5
"2026-12-18 10:00:00","The Day of the Jackal",CRIME,"Fred Zinnemann",1973,143,12,8.5
"2026-12-18 13:30:00","Tôkyô monogatari",DRAMA,"Yasujirô Ozu",1953,136,0,7.0
"2026-12-18 16:30:00","Toy Story",ANIMATION,"John Lasseter",1995,81,0,6.5
"2026-12-19 10:30:00","Once Upon a Time in America",CRIME,"Sergio Leone",1984,229,12,7.0
"2026-12-19 15:00:00","The Little Mermaid",ANIMATION,"Ron Clements",1989,83,0,7.0
"2026-12-19 17:30:00","Giant",DRAMA,"George Stevens",1956,201,0,6.5
"2026-12-20 10:00:00","Giant",DRAMA,"George Stevens",1956,201,0,6.5
"2026-12-20 14:00:00","Le charme discret de la bourgeoisie",COMEDY,"Luis Buñuel",1972,102,6,8.5
"2026-12-20 16:30:00","The Untouchables",CRIME,"Brian De Palma",1987,119,12,7.0
"2026-12-21 10:00:00","The Untouchables",CRIME,"Brian De Palma",1987,119,12,8.5
"2026-12-21 13:00:00","The Princess Bride",ADVENTURE,"Rob Reiner",1987,98,0,7.5
"2026-12-21 15:30:00","Brazil",DRAMA,"Terry Gilliam",1985,132,0,8.0
"2026-12-22 10:30:00","The Princess Bride",ADVENTURE,"Rob Reiner",1987,98,0,6.5
"2026-12-23 10:30:00","Toy Story",ANIMATION,"John Lasseter",1995,81,0,7.5
"2026-12-24 10:00:00","The Little Mermaid",ANIMATION,"Ron Clements",1989,83,0,7.5
"2026-12-25 10:00:00","Planes, Trains & Automobiles",COMEDY,"John Hughes",1987,93,0,8.0
"2026-12-25 12:30:00","The Fifth Element",ACTION,"Luc Besson",1997,126,12,6.5
"2026-12-25 15:30:00","Aguirre, der Zorn Gottes",ACTION,"Werner Herzog",1972,95,12,7.0
"2026-12-26 10:30:00","Harold and Maude",COMEDY,"Hal Ashby",1971,91,6,7.0
"2026-12-26 13:00:00","Rear Window",MYSTERY,"Alfred Hitchcock",1954,112,0,8.5
"2026-12-26 16:00:00","Bringing Up Baby",COMEDY,"Howard Hawks",1938,102,12,8.5
"2026-12-27 10:30:00","His Girl Friday",COMEDY,"Howard Hawks",1940,92,12,7.0
"2026-12-27 13:00:00","Pirates of the Caribbean: The Curse of the Black Pearl",ACTION,"Gore Verbinski",2003,143,12,7.0
"2026-12-27 16:00:00","Kung fu",ACTION,"Stephen Chow",2004,99,12,8.0
"2026-12-28 10:00:00","Sanjuro",ACTION,"Akira Kurosawa",1962,96,0,6.5
"2026-12-28 12:30:00","Pirates of the Caribbean: The Curse of the Black Pearl",ACTION,"Gore Verbinski",2003,143,12,7.0
"2026-12-28 15:30:00","The Day of the Jackal",CRIME,"Fred Zinnemann",1973,143,12,8.5
"2026-12-29 10:30:00","Kung fu",ACTION,"Stephen Chow",2004,99,12,6.5
"2026-12-29 13:00:00","Stalker",DRAMA,"Andrei Tarkovsky",1979,162,0,8.0
"2026-12-30 10:30:00","Breaking the Waves",DRAMA,"Lars von Trier",1996,159,16,8.5
"2026-12-30 14:00:00","One Flew Over the Cuckoo's Nest",DRAMA,"Milos Forman",1975,133,12,8.5
"2026-12-30 17:00:00","Pulp Fiction",CRIME,"Quentin Tarantino",1994,154,12,7.5
"2026-12-31 10:00:00","Aguirre, der Zorn Gottes",ACTION,"Werner Herzog",1972,95,12,7.0
"2026-12-31 12:30:00","Pirates of the Caribbean: The Curse of the Black Pearl",ACTION,"Gore Verbinski",2003,143,12,8.0
"2026-12-31 15:30:00","The Killing Fields",BIOGRAPHY,"Roland Joffé",1984,141,12,8.5
"2027-01-01 10:30:00","Breaking the Waves",DRAMA,"Lars von Trier",1996,159,16,7.0
"2027-01-01 14:00:00","Nueve reinas",CRIME,"Fabián Bielinsky",2000,114,16,8.0
"2027-01-01 16:30:00","Adams æbler",COMEDY,"Anders Thomas Jensen",2005,94,16,7.5
"2027-01-02 10:30:00","Breaking the Waves",DRAMA,"Lars von Trier",1996,159,16,8.0
"2027-01-02 14:00:00","Ba wang bie ji",DRAMA,"Kaige Chen",1993,171,16,7.0
"2027-01-02 18:00:00","Eastern Promises",ACTION,"David Cronenberg",2007,100,16,8.5
"2027-01-02 20:30:00","Tôkyô monogatari",DRAMA,"Yasujirô Ozu",1953,136,0,9.5
"2027-01-03 10:00:00","Adams æbler",COMEDY,"Anders Thomas Jensen",2005,94,16,7.0
"2027-01-03 12:30:00","High Noon",DRAMA,"Fred Zinnemann",1952,85,6,8.0
"2027-01-03 15:00:00","Nueve reinas",CRIME,"Fabián Bielinsky",2000,114,16,7.5
"2027-01-03 18:00:00","Blow",BIOGRAPHY,"Ted Demme",2001,124,16,9.5
"2027-01-04 10:30:00","Pirates of the Caribbean: The Curse of the Black Pearl",ACTION,"Gore Verbinski",2003,143,12,8.0
"2027-01-05 10:30:00","Fantasia",ANIMATION,"James Algar",1940,125,0,6.5
"2027-01-06 10:30:00","Det sjunde inseglet",DRAMA,"Ingmar Bergman",1957,96,12,7.5
"2027-01-07 10:30:00","Aguirre, der Zorn Gottes",ACTION,"Werner Herzog",1972,95,12,8.0
"2027-01-07 13:00:00","Nueve reinas",CRIME,"Fabián Bielinsky",2000,114,16,8.5
"2027-01-07 15:30:00","The 39 Steps",CRIME,"Alfred Hitchcock",1935,86,12,7.0
"2027-01-08 10:00:00","Nueve reinas",CRIME,"Fabián Bielinsky",2000,114,16,7.0
"2027-01-09 10:30:00","Dark City",MYSTERY,"Alex Proyas",1998,100,12,8.0
"2027-01-09 13:00:00","Fantasia",ANIMATION,"James Algar",1940,125,0,7.0
"2027-01-09 16:00:00","Hamlet",DRAMA,"Kenneth Branagh",1996,242,12,7.0
"2027-01-10 10:30:00","Dark City",MYSTERY,"Alex Proyas",1998,100,12,7.0
"2027-01-10 13:00:00","Donnie Darko",DRAMA,"Richard Kelly",2001,113,16,8.0
"2027-01-10 15:30:00","Sunrise: A Song of Two Humans",DRAMA,"F.W. Murnau",1927,94,12,8.0
"2027-01-10 18:00:00","The Big Lebowski",COMEDY,"Joel Coen",1998,117,16,9.0
"2027-01-11 10:00:00","Donnie Darko",DRAMA,"Richard Kelly",2001,113,16,8.5
"2027-01-11 12:30:00","The Fifth Element",ACTION,"Luc Besson",1997,126,12,8.5
"2027-01-11 15:30:00","Pirates of the Caribbean: The Curse of the Black Pearl",ACTION,"Gore Verbinski",2003,143,12,8.0
"2027-01-12 10:30:00","A Hard Day's Night",COMEDY,"Richard Lester",1964,87,0,8.5
"2027-01-13 10:00:00","Pirates of the Caribbean: The Curse of the Black Pearl",ACTION,"Gore Verbinski",2003,143,12,6.5
"2027-01-13 13:00:00","His Girl Friday",COMEDY,"Howard Hawks",1940,92,12,7.5
"2027-01-14 10:30:00","The Notebook",DRAMA,"Nick Cassavetes",2004,123,12,6.5
"2027-01-14 13:30:00","Hamlet",DRAMA,"Kenneth Branagh",1996,242,12,8.5
"2027-01-15 10:00:00","One Flew Over the Cuckoo's Nest",DRAMA,"Milos Forman",1975,133,12,7.0
"2027-01-16 10:00:00","After Hours",COMEDY,"Martin Scorsese",1985,97,12,7.0
"2027-01-16 12:30:00","The Notebook",DRAMA,"Nick Cassavetes",2004,123,12,8.5
"2027-01-16 15:30:00","Dark City",MYSTERY,"Alex Proyas",1998,100,12,7.5
"2027-01-16 18:00:00","Night of the Living Dead",HORROR,"George A. Romero",1968,96,12,10.0
"2027-01-17 10:00:00","Donnie Darko",DRAMA,"Richard Kelly",2001,113,16,6.5
"2027-01-17 12:30:00","Hera Pheri",ACTION,"Priyadarshan",2000,156,0,8.5
"2027-01-17 16:00:00","Kung fu",ACTION,"Stephen Chow",2004,99,12,8.0
"2027-01-18 10:30:00","The Fifth Element",ACTION,"Luc Besson",1997,126,12,8.0
"2027-01-18 13:30:00","The Notebook",DRAMA,"Nick Cassavetes",2004,123,12,7.0
"2027-01-18 16:30:00","The Gold Rush",ADVENTURE,"Charles Chaplin",1925,95,12,6.5
"2027-01-19 10:00:00","The Notebook",DRAMA,"Nick Cassavetes",2004,123,12,7.0
"2027-01-19 13:00:00","Au revoir les enfants",DRAMA,"Louis Malle",1987,104,0,7.5
"2027-01-19 15:30:00","The Notebook",DRAMA,"Nick Cassavetes",2004,123,12,7.5
"2027-01-20 10:30:00","Sunrise: A Song of Two Humans",DRAMA,"F.W. Murnau",1927,94,12,6.5
"2027-01-20 13:00:00","Hamlet",DRAMA,"Kenneth Branagh",1996,242,12,6.5
"2027-01-21 10:00:00","Night of the Living Dead",HORROR,"George A. Romero",1968,96,12,6.5
"2027-01-22 10:00:00","The Gold Rush",ADVENTURE,"Charles Chaplin",1925,95,12,6.5
"2027-01-22 12:30:00","Kung fu",ACTION,"Stephen Chow",2004,99,12,8.0
"2027-01-23 10:30:00","The Jungle Book",ANIMATION,"Wolfgang Reitherman",1967,78,0,6.5
"2027-01-23 12:30:00","The Right Stuff",ADVENTURE,"Philip Kaufman",1983,193,6,7.5
"2027-01-23 16:30:00","Hera Pheri",ACTION,"Priyadarshan",2000,156,0,8.5
"2027-01-24 10:00:00","Toy Story",ANIMATION,"John Lasseter",1995,81,0,8.0
"2027-01-24 12:30:00","Inside Man",CRIME,"Spike Lee",2006,129,16,6.5
"2027-01-24 15:30:00","The Fifth Element",ACTION,"Luc Besson",1997,126,12,6.5
"2027-01-24 18:30:00","The Notebook",DRAMA,"Nick Cassavetes",2004,123,12,10.0
"2027-01-25 10:00:00","The Notebook",DRAMA,"Nick Cassavetes",2004,123,12,6.5
"2027-01-26 10:00:00","Toy Story",ANIMATION,"John Lasseter",1995,81,0,6.5
"2027-01-26 12:00:00","Walk the Line",BIOGRAPHY,"James Mangold",2005,136,12,8.0
"2027-01-27 10:00:00","Stalker",DRAMA,"Andrei Tarkovsky",1979,162,0,7.5
"2027-01-28 10:00:00","Le dîner de cons",COMEDY,"Francis Veber",1998,80,12,8.0
"2027-01-28 12:30:00","The Gold Rush",ADVENTURE,"Charles Chaplin",1925,95,12,6.5
"2027-01-28 15:00:00","Dial M for Murder",CRIME,"Alfred Hitchcock",1954,105,12,7.5
"2027-01-29 10:00:00","Dial M for Murder",CRIME,"Alfred Hitchcock",1954,105,12,8.5
"2027-01-29 12:30:00","Persona",DRAMA,"Ingmar Bergman",1966,85,12,7.0
"2027-01-30 10:00:00","Gegen die Wand",DRAMA,"Fatih Akin",2004,121,16,8.0
"2027-01-30 13:00:00","Chinatown",DRAMA,"Roman Polanski",1974,130,12,8.5
"2027-01-30 16:00:00","Chinatown",DRAMA,"Roman Polanski",1974,130,12,8.0
"2027-01-31 10:00:00","Inside Man",CRIME,"Spike Lee",2006,129,16,8.0
"2027-01-31 13:00:00","Lawrence of Arabia",ADVENTURE,"David Lean",1962,228,0,8.5
"2027-01-31 17:30:00","Ba wang bie ji",DRAMA,"Kaige Chen",1993,171,16,8.0
"2027-01-31 21:00:00","The Jungle Book",ANIMATION,"Wolfgang Reitherman",1967,78,0,8.5
"2027-02-01 10:00:00","Le dîner de cons",COMEDY,"Francis Veber",1998,80,12,8.0
"2027-02-02 10:30:00","The Outlaw Josey Wales",WESTERN,"Clint Eastwood",1976,135,12,8.0
"2027-02-02 13:30:00","Pirates of the Caribbean: The Curse of the Black Pearl",ACTION,"Gore Verbinski",2003,143,12,7.0
"2027-02-03 10:00:00","Lawrence of Arabia",ADVENTURE,"David Lean",1962,228,0,8.0
"2027-02-03 14:30:00","Le dîner de cons",COMEDY,"Francis Veber",1998,80,12,8.0
"2027-02-04 10:00:00","Au revoir les enfants",DRAMA,"Louis Malle",1987,104,0,8.5
"2027-02-04 12:30:00","Eastern Promises",ACTION,"David Cronenberg",2007,100,16,7.5
"2027-02-04 15:00:00","Lawrence of Arabia",ADVENTURE,"David Lean",1962,228,0,7.0
"2027-02-05 10:30:00","The Gold Rush",ADVENTURE,"Charles Chaplin",1925,95,12,7.5
"2027-02-06 10:30:00","Lawrence of Arabia",ADVENTURE,"David Lean",1962,228,0,7.0
"2027-02-06 15:00:00","Gegen die Wand",DRAMA,"Fatih Akin",2004,121,16,7.5
"2027-02-06 18:00:00","Hedwig and the Angry Inch",COMEDY,"John Cameron Mitchell",2001,95,16,8.5
"2027-02-07 10:30:00","A Hard Day's Night",COMEDY,"Richard Lester",1964,87,0,6.5
"2027-02-07 12:30:00","The Lion King",ANIMATION,"Roger Allers",1994,88,0,8.5
"2027-02-07 15:00:00","Taegukgi hwinalrimyeo",ACTION,"Je-kyu Kang",2004,140,16,8.0
"2027-02-08 10:00:00","The Right Stuff",ADVENTURE,"Philip Kaufman",1983,193,6,7.0
"2027-02-08 14:00:00","In the Heat of the Night",CRIME,"Norman Jewison",1967,110,0,6.5
"2027-02-09 10:00:00","One Flew Over the Cuckoo's Nest",DRAMA,"Milos Forman",1975,133,12,8.0
"2027-02-09 13:00:00","Nueve reinas",CRIME,"Fabián Bielinsky",2000,114,16,7.0
"2027-02-10 10:00:00","Hedwig and the Angry Inch",COMEDY,"John Cameron Mitchell",2001,95,16,8.5
"2027-02-10 12:30:00","Lawrence of Arabia",ADVENTURE,"David Lean",1962,228,0,6.5
"2027-02-11 10:30:00","The Odd Couple",COMEDY,"Gene Saks",1968,105,0,7.0
"2027-02-11 13:00:00","Brazil",DRAMA,"Terry Gilliam",1985,132,0,8.0
"2027-02-12 10:00:00","The Right Stuff",ADVENTURE,"Philip Kaufman",1983,193,6,7.5
"2027-02-12 14:00:00","The Fifth Element",ACTION,"Luc Besson",1997,126,12,8.5
"2027-02-12 17:00:00","The Notebook",DRAMA,"Nick Cassavetes",2004,123,12,7.0
"2027-02-13 10:00:00","Le dîner de cons",COMEDY,"Francis Veber",1998,80,12,6.5
"2027-02-13 12:00:00","My Cousin Vinny",COMEDY,"Jonathan Lynn",1992,120,12,6.5
"2027-02-13 14:30:00","Taegukgi hwinalrimyeo",ACTION,"Je-kyu Kang",2004,140,16,8.5
"2027-02-13 17:30:00","The Lion King",ANIMATION,"Roger Allers",1994,88,0,8.0
"2027-02-14 10:00:00","The Gold Rush",ADVENTURE,"Charles Chaplin",1925,95,12,8.0
"2027-02-14 12:30:00","The Muppet Christmas Carol",COMEDY,"Brian Henson",1992,85,0,7.0
"2027-02-14 15:00:00","My Cousin Vinny",COMEDY,"Jonathan Lynn",1992,120,12,8.0
"2027-02-14 18:00:00","The Lion King",ANIMATION,"Roger Allers",1994,88,0,10.0
"2027-02-15 10:00:00","Le dîner de cons",COMEDY,"Francis Veber",1998,80,12,8.0
"2027-02-15 12:30:00","The Outlaw Josey Wales",WESTERN,"Clint Eastwood",1976,135,12,7.0
"2027-02-15 15:30:00","Taegukgi hwinalrimyeo",ACTION,"Je-kyu Kang",2004,140,16,7.0
"2027-02-16 10:00:00","Brazil",DRAMA,"Terry Gilliam",1985,132,0,7.0
"2027-02-16 13:00:00","The Lion King",ANIMATION,"Roger Allers",1994,88,0,7.0
"2027-02-16 15:30:00","The Notebook",DRAMA,"Nick Cassavetes",2004,123,12,6.5
"2027-02-17 10:00:00","Stardust",ADVENTURE,"Matthew Vaughn",2007,127,0,6.5
"2027-02-17 13:00:00","In the Heat of the Night",CRIME,"Norman Jewison",1967,110,0,8.0
"2027-02-17 15:30:00","Glory",BIOGRAPHY,"Edward Zwick",1989,122,16,6.5
"2027-02-18 10:00:00","Le dîner de cons",COMEDY,"Francis Veber",1998,80,12,8.5
"2027-02-18 12:00:00","The Terminator",ACTION,"James Cameron",1984,107,12,6.5
"2027-02-19 10:00:00","The Terminator",ACTION,"James Cameron",1984,107,12,8.0
"2027-02-19 12:30:00","The Right Stuff",ADVENTURE,"Philip Kaufman",1983,193,6,7.5
"2027-02-20 10:30:00","The Terminator",ACTION,"James Cameron",1984,107,12,8.0
"2027-02-20 13:00:00","The Right Stuff",ADVENTURE,"Philip Kaufman",1983,193,6,6.5
"2027-02-20 17:00:00","Au revoir les enfants",DRAMA,"Louis Malle",1987,104,0,8.0
"2027-02-20 19:30:00","La planète sauvage",ANIMATION,"René Laloux",1973,72,0,9.0
"2027-02-21 10:30:00","Gegen die Wand",DRAMA,"Fatih Akin",2004,121,16,8.0
"2027-02-21 13:30:00","Inside Man",CRIME,"Spike Lee",2006,129,16,7.5
"2027-02-21 16:30:00","Le dîner de cons",COMEDY,"Francis Veber",1998,80,12,8.0
"2027-02-21 18:30:00","Le dîner de cons",COMEDY,"Francis Veber",1998,80,12,10.0
"2027-02-22 10:00:00","The Terminator",ACTION,"James Cameron",1984,107,12,7.0
"2027-02-23 10:00:00","Glory",BIOGRAPHY,"Edward Zwick",1989,122,16,7.0
"2027-02-23 13:00:00","The Notebook",DRAMA,"Nick Cassavetes",2004,123,12,6.5
"2027-02-23 16:00:00","The Outlaw Josey Wales",WESTERN,"Clint Eastwood",1976,135,12,8.0
"2027-02-24 10:00:00","The Jungle Book",ANIMATION,"Wolfgang Reitherman",1967,78,0,7.0
"2027-02-25 10:00:00","Stardust",ADVENTURE,"Matthew Vaughn",2007,127,0,7.5
"2027-02-26 10:00:00","The Gold Rush",ADVENTURE,"Charles Chaplin",1925,95,12,7.5
"2027-02-26 12:30:00","In the Heat of the Night",CRIME,"Norman Jewison",1967,110,0,7.0
"2027-02-27 10:30:00","Le dîner de cons",COMEDY,"Francis Veber",1998,80,12,7.5
"2027-02-27 12:30:00","Brazil",DRAMA,"Terry Gilliam",1985,132,0,8.0
"2027-02-27 15:30:00","The Right Stuff",ADVENTURE,"Philip Kaufman",1983,193,6,7.0
"2027-02-28 10:00:00","The Notebook",DRAMA,"Nick Cassavetes",2004,123,12,8.0
"2027-02-28 13:00:00","Gegen die Wand",DRAMA,"Fatih Akin",2004,121,16,7.5
"2027-02-28 16:00:00","Inside Man",CRIME,"Spike Lee",2006,129,16,6.5
"2027-02-28 19:00:00","The Lion King",ANIMATION,"Roger Allers",1994,88,0,10.0
"2027-03-01 10:00:00","Willy Wonka & the Chocolate Factory",FAMILY,"Mel Stuart",1971,100,0,6.5
"2027-03-02 10:00:00","Hedwig and the Angry Inch",COMEDY,"John Cameron Mitchell",2001,95,16,6.5
"2027-03-02 12:30:00","The Goonies",ADVENTURE,"Richard Donner",1985,114,0,7.0
"2027-03-02 15:00:00","Glory",BIOGRAPHY,"Edward Zwick",1989,122,16,7.5
"2027-03-03 10:00:00","The Terminator",ACTION,"James Cameron",1984,107,12,7.5
"2027-03-03 13:00:00","The Muppet Christmas Carol",COMEDY,"Brian Henson",1992,85,0,8.5
"2027-03-03 15:00:00","Kill Bill: Vol. 2",ACTION,"Quentin Tarantino",2004,137,12,8.0
"2027-03-04 10:00:00","After Hours",COMEDY,"Martin Scorsese",1985,97,12,8.5
"2027-03-05 10:00:00","Misery",DRAMA,"Rob Reiner",1990,107,16,8.5
"2027-03-06 10:30:00","Stalag 17",COMEDY,"Billy Wilder",1953,120,12,8.5
"2027-03-06 13:30:00","La planète sauvage",ANIMATION,"René Laloux",1973,72,0,7.5
"2027-03-06 15:30:00","Hedwig and the Angry Inch",COMEDY,"John Cameron Mitchell",2001,95,16,7.5
"2027-03-07 10:30:00","La battaglia di Algeri",DRAMA,"Gillo Pontecorvo",1966,121,12,7.0
"2027-03-07 13:30:00","The Goonies",ADVENTURE,"Richard Donner",1985,114,0,6.5
"2027-03-07 16:30:00","Life of Brian",COMEDY,"Terry Jones",1979,94,16,7.0
"2027-03-07 19:00:00","Dial M for Murder",CRIME,"Alfred Hitchcock",1954,105,12,8.5
"2027-03-08 10:30:00","Willy Wonka & the Chocolate Factory",FAMILY,"Mel Stuart",1971,100,0,8.5
"2027-03-08 13:00:00","La planète sauvage",ANIMATION,"René Laloux",1973,72,0,7.0
"2027-03-08 15:00:00","Kaze no tani no Naushika",ANIMATION,"Hayao Miyazaki",1984,117,0,7.0
"2027-03-09 10:30:00","Escape from Alcatraz",ACTION,"Don Siegel",1979,112,12,7.0
"2027-03-10 10:30:00","Willy Wonka & the Chocolate Factory",FAMILY,"Mel Stuart",1971,100,0,7.0
"2027-03-10 13:00:00","Dial M for Murder",CRIME,"Alfred Hitchcock",1954,105,12,6.5
"2027-03-10 15:30:00","The Muppet Christmas Carol",COMEDY,"Brian Henson",1992,85,0,8.5
"2027-03-11 10:00:00","Taegukgi hwinalrimyeo",ACTION,"Je-kyu Kang",2004,140,16,6.5
"2027-03-11 13:30:00","Toki o kakeru shôjo",ANIMATION,"Mamoru Hosoda",2006,98,0,7.0
"2027-03-11 16:00:00","Taegukgi hwinalrimyeo",ACTION,"Je-kyu Kang",2004,140,16,8.0
"2027-03-12 10:30:00","Toki o kakeru shôjo",ANIMATION,"Mamoru Hosoda",2006,98,0,8.5
"2027-03-13 10:30:00","Le dîner de cons",COMEDY,"Francis Veber",1998,80,12,8.0
"2027-03-13 12:30:00","Stalag 17",COMEDY,"Billy Wilder",1953,120,12,6.5
"2027-03-13 15:30:00","All the President's Men",BIOGRAPHY,"Alan J. Pakula",1976,138,0,8.5
"2027-03-14 10:00:00","Close Encounters of the Third Kind",DRAMA,"Steven Spielberg",1977,138,0,8.0
"2027-03-14 13:00:00","La dolce vita",COMEDY,"Federico Fellini",1960,174,12,6.5
"2027-03-14 17:00:00","All the President's Men",BIOGRAPHY,"Alan J. Pakula",1976,138,0,7.5
"2027-03-15 10:30:00","The Lord of the Rings: The Fellowship of the Ring",ACTION,"Peter Jackson",2001,178,0,8.5
"2027-03-15 14:00:00","La planète sauvage",ANIMATION,"René Laloux",1973,72,0,8.5
"2027-03-16 10:00:00","Persepolis",ANIMATION,"Vincent Paronnaud",2007,96,12,7.5
"2027-03-16 12:30:00","All the President's Men",BIOGRAPHY,"Alan J. Pakula",1976,138,0,8.0
"2027-03-16 15:30:00","Duck Soup",COMEDY,"Leo McCarey",1933,69,12,7.5
"2027-03-17 10:30:00","In the Heat of the Night",CRIME,"Norman Jewison",1967,110,0,8.5
"2027-03-17 13:00:00","The Lord of the Rings: The Fellowship of the Ring",ACTION,"Peter Jackson",2001,178,0,7.0
"2027-03-18 10:30:00","Duck Soup",COMEDY,"Leo McCarey",1933,69,12,7.0
"2027-03-18 12:30:00","Kill Bill: Vol. 2",ACTION,"Quentin Tarantino",2004,137,12,7.0
"2027-03-18 15:30:00","All the President's Men",BIOGRAPHY,"Alan J. Pakula",1976,138,0,6.5
"2027-03-19 10:30:00","Star Wars: Episode VI - Return of the Jedi",ACTION,"Richard Marquand",1983,131,0,6.5
"2027-03-19 13:30:00","Toki o kakeru shôjo",ANIMATION,"Mamoru Hosoda",2006,98,0,7.5
"2027-03-19 16:00:00","The Lord of the Rings: The Fellowship of the Ring",ACTION,"Peter Jackson",2001,178,0,8.0
"2027-03-20 10:30:00","Stalag 17",COMEDY,"Billy Wilder",1953,120,12,8.5
"2027-03-20 13:30:00","The Right Stuff",ADVENTURE,"Philip Kaufman",1983,193,6,7.0
"2027-03-20 17:30:00","Raging Bull",BIOGRAPHY,"Martin Scorsese",1980,129,12,7.5
"2027-03-21 10:30:00","Gegen die Wand",DRAMA,"Fatih Akin",2004,121,16,8.5
"2027-03-21 13:30:00","Citizen Kane",DRAMA,"Orson Welles",1941,119,12,6.5
"2027-03-21 16:30:00","Kill Bill: Vol. 2",ACTION,"Quentin Tarantino",2004,137,12,7.0
"2027-03-22 10:30:00","The Silence of the Lambs",CRIME,"Jonathan Demme",1991,118,12,8.5
"2027-03-22 13:30:00","Lagaan: Once Upon a Time in India",ADVENTURE,"Ashutosh Gowariker",2001,224,0,7.0
"2027-03-22 18:00:00","The Red Shoes",DRAMA,"Michael Powell",1948,135,12,9.0
"2027-03-23 10:30:00","The Silence of the Lambs",CRIME,"Jonathan Demme",1991,118,12,8.5
"2027-03-23 13:30:00","Duck Soup",COMEDY,"Leo McCarey",1933,69,12,8.5
"2027-03-24 10:00:00","All the President's Men",BIOGRAPHY,"Alan J. Pakula",1976,138,0,8.0
"2027-03-25 10:00:00","The Goonies",ADVENTURE,"Richard Donner",1985,114,0,8.5
"2027-03-25 12:30:00","Kaze no tani no Naushika",ANIMATION,"Hayao Miyazaki",1984,117,0,7.5
"2027-03-26 10:00:00","The Great Dictator",COMEDY,"Charles Chaplin",1940,125,12,8.0
"2027-03-26 13:00:00","La dolce vita",COMEDY,"Federico Fellini",1960,174,12,8.5
"2027-03-27 10:30:00","Duck Soup",COMEDY,"Leo McCarey",1933,69,12,7.5
"2027-03-27 12:30:00","Raging Bull",BIOGRAPHY,"Martin Scorsese",1980,129,12,6.5
"2027-03-27 15:30:00","The Red Shoes",DRAMA,"Michael Powell",1948,135,12,6.5
"2027-03-27 18:30:00","My Cousin Vinny",COMEDY,"Jonathan Lynn",1992,120,12,9.5
"2027-03-28 10:00:00","Close Encounters of the Third Kind",DRAMA,"Steven Spielberg",1977,138,0,8.5
"2027-03-28 13:30:00","The Red Shoes",DRAMA,"Michael Powell",1948,135,12,6.5
"2027-03-28 16:30:00","Persepolis",ANIMATION,"Vincent Paronnaud",2007,96,12,7.5
"2027-03-29 10:30:00","The Goonies",ADVENTURE,"Richard Donner",1985,114,0,7.0
"2027-03-29 13:30:00","October Sky",BIOGRAPHY,"Joe Johnston",1999,108,6,8.0
"2027-03-29 16:30:00","Million Dollar Baby",DRAMA,"Clint Eastwood",2004,132,12,6.5
"2027-03-30 10:30:00","Willy Wonka & the Chocolate Factory",FAMILY,"Mel Stuart",1971,100,0,6.5
"2027-03-31 10:00:00","Close Encounters of the Third Kind",DRAMA,"Steven Spielberg",1977,138,0,6.5
"2027-03-31 13:00:00","Kaze no tani no Naushika",ANIMATION,"Hayao Miyazaki",1984,117,0,7.0
"2027-04-01 10:30:00","Star Wars",ACTION,"George Lucas",1977,121,12,8.0
"2027-04-02 10:30:00","Cowboy Bebop: Tengoku no tobira",ANIMATION,"Shin'ichirô Watanabe",2001,115,0,7.5
"2027-04-02 13:00:00","Star Wars",ACTION,"George Lucas",1977,121,12,7.5
"2027-04-02 16:00:00","Lagaan: Once Upon a Time in India",ADVENTURE,"Ashutosh Gowariker",2001,224,0,7.0
"2027-04-03 10:00:00","October Sky",BIOGRAPHY,"Joe Johnston",1999,108,6,7.5
"2027-04-03 12:30:00","Persepolis",ANIMATION,"Vincent Paronnaud",2007,96,12,8.0
"2027-04-03 15:00:00","The Man Who Shot Liberty Valance",DRAMA,"John Ford",1962,123,12,8.5
"2027-04-04 10:00:00","Kill Bill: Vol. 2",ACTION,"Quentin Tarantino",2004,137,12,7.5
"2027-04-04 13:00:00","Star Wars",ACTION,"George Lucas",1977,121,12,6.5
"2027-04-04 16:00:00","The Great Dictator",COMEDY,"Charles Chaplin",1940,125,12,8.5
"2027-04-04 19:00:00","Escape from Alcatraz",ACTION,"Don Siegel",1979,112,12,10.0
"2027-04-05 10:00:00","October Sky",BIOGRAPHY,"Joe Johnston",1999,108,6,7.0
"2027-04-06 10:00:00","October Sky",BIOGRAPHY,"Joe Johnston",1999,108,6,6.5
"2027-04-07 10:00:00","The Man Who Shot Liberty Valance",DRAMA,"John Ford",1962,123,12,8.0
"2027-04-07 13:00:00","Dark City",MYSTERY,"Alex Proyas",1998,100,12,7.0
"2027-04-08 10:00:00","The Lord of the Rings: The Fellowship of the Ring",ACTION,"Peter Jackson",2001,178,0,8.5
"2027-04-08 13:30:00","The Lord of the Rings: The Fellowship of the Ring",ACTION,"Peter Jackson",2001,178,0,8.5
"2027-04-09 10:30:00","Escape from Alcatraz",ACTION,"Don Siegel",1979,112,12,8.5
"2027-04-09 13:30:00","No Country for Old Men",CRIME,"Ethan Coen",2007,122,16,6.5
"2027-04-10 10:00:00","Lagaan: Once Upon a Time in India",ADVENTURE,"Ashutosh Gowariker",2001,224,0,8.5
"2027-04-10 14:30:00","Star Wars",ACTION,"George Lucas",1977,121,12,8.0
"2027-04-10 17:30:00","Persepolis",ANIMATION,"Vincent Paronnaud",2007,96,12,8.5
"2027-04-11 10:00:00","La battaglia di Algeri",DRAMA,"Gillo Pontecorvo",1966,121,12,8.5
"2027-04-11 13:00:00","Seppuku",ACTION,"Masaki Kobayashi",1962,133,12,7.5
"2027-04-11 16:00:00","Kill Bill: Vol. 2",ACTION,"Quentin Tarantino",2004,137,12,6.5
"2027-04-11 19:30:00","The Night of the Hunter",CRIME,"Charles Laughton",1955,92,12,8.5
"2027-04-12 10:30:00","The Last Samurai",ACTION,"Edward Zwick",2003,154,12,6.5
"2027-04-12 14:00:00","Willy Wonka & the Chocolate Factory",FAMILY,"Mel Stuart",1971,100,0,8.5
"2027-04-13 10:30:00","The Night of the Hunter",CRIME,"Charles Laughton",1955,92,12,7.5
"2027-04-13 13:00:00","Lagaan: Once Upon a Time in India",ADVENTURE,"Ashutosh Gowariker",2001,224,0,8.5
"2027-04-14 10:00:00","Cabaret",DRAMA,"Bob Fosse",1972,124,12,7.5
"2027-04-14 13:00:00","October Sky",BIOGRAPHY,"Joe Johnston",1999,108,6,6.5
"2027-04-15 10:00:00","Mystic River",CRIME,"Clint Eastwood",2003,138,12,8.5
"2027-04-15 13:00:00","The Night of the Hunter",CRIME,"Charles Laughton",1955,92,12,7.0
"2027-04-15 15:30:00","The Last Samurai",ACTION,"Edward Zwick",2003,154,12,8.5
"2027-04-16 10:00:00","Seppuku",ACTION,"Masaki Kobayashi",1962,133,12,6.5
"2027-04-16 13:00:00","Brief Encounter",DRAMA,"David Lean",1945,86,0,7.0
"2027-04-16 15:00:00","The Lord of the Rings: The Two Towers",ACTION,"Peter Jackson",2002,179,12,8.0
"2027-04-17 10:30:00","Close Encounters of the Third Kind",DRAMA,"Steven Spielberg",1977,138,0,8.5
"2027-04-17 13:30:00","The Man Who Shot Liberty Valance",DRAMA,"John Ford",1962,123,12,7.5
"2027-04-17 16:30:00","La haine",CRIME,"Mathieu Kassovitz",1995,98,12,8.0
"2027-04-17 19:00:00","The Night of the Hunter",CRIME,"Charles Laughton",1955,92,12,10.0
"2027-04-18 10:30:00","Willy Wonka & the Chocolate Factory",FAMILY,"Mel Stuart",1971,100,0,8.5
"2027-04-18 13:00:00","Fa yeung nin wah",DRAMA,"Kar-Wai Wong",2000,98,0,8.5
"2027-04-18 15:30:00","In a Lonely Place",DRAMA,"Nicholas Ray",1950,94,12,8.0
"2027-04-18 18:00:00","October Sky",BIOGRAPHY,"Joe Johnston",1999,108,6,10.0
"2027-04-19 10:30:00","The Color Purple",DRAMA,"Steven Spielberg",1985,154,0,6.5
"2027-04-20 10:00:00","The Great Dictator",COMEDY,"Charles Chaplin",1940,125,12,7.5
"2027-04-21 10:30:00","Mystic River",CRIME,"Clint Eastwood",2003,138,12,8.0
"2027-04-22 10:30:00","Fa yeung nin wah",DRAMA,"Kar-Wai Wong",2000,98,0,6.5
"2027-04-23 10:30:00","In a Lonely Place",DRAMA,"Nicholas Ray",1950,94,12,8.0
"2027-04-23 13:00:00","Jûbê ninpûchô",ANIMATION,"Yoshiaki Kawajiri",1993,94,12,8.5
"2027-04-23 15:30:00","The Lord of the Rings: The Two Towers",ACTION,"Peter Jackson",2002,179,12,7.0
"2027-04-24 10:00:00","La dolce vita",COMEDY,"Federico Fellini",1960,174,12,8.0
"2027-04-24 14:00:00","Cowboy Bebop: Tengoku no tobira",ANIMATION,"Shin'ichirô Watanabe",2001,115,0,8.5
"2027-04-24 17:00:00","Million Dollar Baby",DRAMA,"Clint Eastwood",2004,132,12,8.0
"2027-04-25 10:00:00","Kakushi-toride no san-akunin",ADVENTURE,"Akira Kurosawa",1958,139,12,8.0
"2027-04-25 13:00:00","The Right Stuff",ADVENTURE,"Philip Kaufman",1983,193,6,8.5
"2027-04-25 17:00:00","In a Lonely Place",DRAMA,"Nicholas Ray",1950,94,12,7.5
"2027-04-26 10:00:00","Brief Encounter",DRAMA,"David Lean",1945,86,0,7.5
"2027-04-26 12:00:00","Escape from Alcatraz",ACTION,"Don Siegel",1979,112,12,8.5
"2027-04-26 15:00:00","Dà hóng denglong gaogao guà",DRAMA,"Yimou Zhang",1991,125,6,8.0
"2027-04-27 10:30:00","Cowboy Bebop: Tengoku no tobira",ANIMATION,"Shin'ichirô Watanabe",2001,115,0,6.5
"2027-04-27 13:00:00","Jûbê ninpûchô",ANIMATION,"Yoshiaki Kawajiri",1993,94,12,7.5
"2027-04-27 15:30:00","Dom za vesanje",COMEDY,"Emir Kusturica",1988,142,16,7.5
"2027-04-28 10:00:00","The Night of the Hunter",CRIME,"Charles Laughton",1955,92,12,8.0
"2027-04-28 12:30:00","Cabaret",DRAMA,"Bob Fosse",1972,124,12,7.5
"2027-04-28 15:30:00","Duck Soup",COMEDY,"Leo McCarey",1933,69,12,8.5
"2027-04-29 10:30:00","The Lord of the Rings: The Two Towers",ACTION,"Peter Jackson",2002,179,12,7.0
"2027-04-29 14:30:00","Cast Away",ADVENTURE,"Robert Zemeckis",2000,143,12,8.0
"2027-04-30 10:00:00","The Right Stuff",ADVENTURE,"Philip Kaufman",1983,193,6,7.5
"2027-04-30 14:00:00","The Red Shoes",DRAMA,"Michael Powell",1948,135,12,8.5
"2027-05-01 10:00:00","Heat",CRIME,"Michael Mann",1995,170,12,7.0
"2027-05-01 13:30:00","La haine",CRIME,"Mathieu Kassovitz",1995,98,12,6.5
"2027-05-01 16:00:00","Snatch",COMEDY,"Guy Ritchie",2000,104,12,7.5
"2027-05-02 10:00:00","Seppuku",ACTION,"Masaki Kobayashi",1962,133,12,7.5
"2027-05-02 13:00:00","Heat",CRIME,"Michael Mann",1995,170,12,7.0
"2027-05-02 17:00:00","Gandhi",BIOGRAPHY,"Richard Attenborough",1982,191,0,6.5
"2027-05-02 21:00:00","Badlands",ACTION,"Terrence Malick",1973,94,6,8.5
"2027-05-03 10:00:00","Jûbê ninpûchô",ANIMATION,"Yoshiaki Kawajiri",1993,94,12,6.5
"2027-05-04 10:30:00","Gandhi",BIOGRAPHY,"Richard Attenborough",1982,191,0,6.5
"2027-05-05 10:00:00","Kakushi-toride no san-akunin",ADVENTURE,"Akira Kurosawa",1958,139,12,8.5
"2027-05-06 10:00:00","The Great Dictator",COMEDY,"Charles Chaplin",1940,125,12,8.5
"2027-05-06 13:00:00","Cabaret",DRAMA,"Bob Fosse",1972,124,12,8.0
"2027-05-06 16:00:00","Kakushi-toride no san-akunin",ADVENTURE,"Akira Kurosawa",1958,139,12,8.5
"2027-05-07 10:00:00","Escape from Alcatraz",ACTION,"Don Siegel",1979,112,12,6.5
"2027-05-07 12:30:00","King Kong",ADVENTURE,"Merian C. Cooper",1933,100,12,8.0
"2027-05-08 10:30:00","A Streetcar Named Desire",DRAMA,"Elia Kazan",1951,122,12,8.0
"2027-05-08 13:30:00","Vertigo",MYSTERY,"Alfred Hitchcock",1958,128,12,8.5
"2027-05-08 16:30:00","First Blood",ACTION,"Ted Kotcheff",1982,93,12,7.5
"2027-05-09 10:30:00","Gandhi",BIOGRAPHY,"Richard Attenborough",1982,191,0,7.5
"2027-05-09 14:30:00","Dom za vesanje",COMEDY,"Emir Kusturica",1988,142,16,7.5
"2027-05-09 17:30:00","Dark City",MYSTERY,"Alex Proyas",1998,100,12,8.0
"2027-05-09 20:00:00","Brief Encounter",DRAMA,"David Lean",1945,86,0,9.5
"2027-05-10 10:00:00","First Blood",ACTION,"Ted Kotcheff",1982,93,12,8.0
"2027-05-10 12:30:00","Dom za vesanje",COMEDY,"Emir Kusturica",1988,142,16,6.5
"2027-05-11 10:00:00","Fa yeung nin wah",DRAMA,"Kar-Wai Wong",2000,98,0,7.0
"2027-05-11 12:30:00","Rain Man",DRAMA,"Barry Levinson",1988,133,0,8.0
"2027-05-12 10:00:00","All the President's Men",BIOGRAPHY,"Alan J. Pakula",1976,138,0,8.5
"2027-05-13 10:30:00","Mystic River",CRIME,"Clint Eastwood",2003,138,12,6.5
"2027-05-14 10:00:00","Twelve Monkeys",MYSTERY,"Terry Gilliam",1995,129,12,7.5
"2027-05-15 10:00:00","Cast Away",ADVENTURE,"Robert Zemeckis",2000,143,12,7.0
"2027-05-15 13:30:00","La haine",CRIME,"Mathieu Kassovitz",1995,98,12,8.0
"2027-05-15 16:00:00","Heat",CRIME,"Michael Mann",1995,170,12,8.5
"2027-05-15 19:30:00","Tropa de Elite",ACTION,"José Padilha",2007,115,16,9.5
"2027-05-16 10:30:00","King Kong",ADVENTURE,"Merian C. Cooper",1933,100,12,8.5
"2027-05-16 13:00:00","All the President's Men",BIOGRAPHY,"Alan J. Pakula",1976,138,0,6.5
"2027-05-16 16:00:00","King Kong",ADVENTURE,"Merian C. Cooper",1933,100,12,7.5
"2027-05-16 18:30:00","First Blood",ACTION,"Ted Kotcheff",1982,93,12,8.5
"2027-05-17 10:00:00","The Lord of the Rings: The Two Towers",ACTION,"Peter Jackson",2002,179,12,8.0
"2027-05-17 14:00:00","Brief Encounter",DRAMA,"David Lean",1945,86,0,7.5
"2027-05-18 10:00:00","Badlands",ACTION,"Terrence Malick",1973,94,6,7.0
"2027-05-18 12:30:00","Snatch",COMEDY,"Guy Ritchie",2000,104,12,8.5
"2027-05-18 15:00:00","Gattaca",DRAMA,"Andrew Niccol",1997,106,12,8.5
"2027-05-19 10:00:00","Braveheart",BIOGRAPHY,"Mel Gibson",1995,178,12,6.5
"2027-05-20 10:30:00","Dazed and Confused",COMEDY,"Richard Linklater",1993,102,0,7.0
"2027-05-20 13:00:00","Tropa de Elite",ACTION,"José Padilha",2007,115,16,7.0
"2027-05-20 15:30:00","Tombstone",ACTION,"George P. Cosmatos",1993,130,16,6.5
"2027-05-21 10:00:00","Sunset Blvd.",DRAMA,"Billy Wilder",1950,110,12,8.0
"2027-05-21 12:30:00","Dazed and Confused",COMEDY,"Richard Linklater",1993,102,0,6.5
"2027-05-22 10:30:00","Snatch",COMEDY,"Guy Ritchie",2000,104,12,7.0
"2027-05-22 13:00:00","Mystic River",CRIME,"Clint Eastwood",2003,138,12,6.5
"2027-05-22 16:30:00","First Blood",ACTION,"Ted Kotcheff",1982,93,12,7.0
"2027-05-23 10:30:00","Cast Away",ADVENTURE,"Robert Zemeckis",2000,143,12,6.5
"2027-05-23 14:00:00","The Last Samurai",ACTION,"Edward Zwick",2003,154,12,8.0
"2027-05-23 17:30:00","Heat",CRIME,"Michael Mann",1995,170,12,7.0
"2027-05-24 10:30:00","Who's Afraid of Virginia Woolf?",DRAMA,"Mike Nichols",1966,131,12,7.0
"2027-05-25 10:00:00","Kakushi-toride no san-akunin",ADVENTURE,"Akira Kurosawa",1958,139,12,7.0
"2027-05-26 10:30:00","Le scaphandre et le papillon",BIOGRAPHY,"Julian Schnabel",2007,112,12,7.0
"2027-05-26 13:00:00","Mystic River",CRIME,"Clint Eastwood",2003,138,12,7.0
"2027-05-27 10:00:00","Badlands",ACTION,"Terrence Malick",1973,94,6,8.5
"2027-05-27 12:30:00","Badlands",ACTION,"Terrence Malick",1973,94,6,6.5
"2027-05-28 10:30:00","Hedwig and the Angry Inch",COMEDY,"John Cameron Mitchell",2001,95,16,7.0
"2027-05-28 13:00:00","Dazed and Confused",COMEDY,"Richard Linklater",1993,102,0,8.5
"2027-05-29 10:00:00","Gongdong gyeongbi guyeok JSA",ACTION,"Chan-wook Park",2000,110,12,8.5
"2027-05-29 12:30:00","Munna Bhai M.B.B.S.",COMEDY,"Rajkumar Hirani",2003,156,0,8.5
"2027-05-29 16:00:00","Lost in Translation",COMEDY,"Sofia Coppola",2003,102,12,8.5
"2027-05-29 18:30:00","North by Northwest",ADVENTURE,"Alfred Hitchcock",1959,136,0,8.5
"2027-05-30 10:30:00","Happiness",COMEDY,"Todd Solondz",1998,134,12,7.0
"2027-05-30 13:30:00","First Blood",ACTION,"Ted Kotcheff",1982,93,12,8.0
"2027-05-30 16:00:00","Tropa de Elite",ACTION,"José Padilha",2007,115,16,8.0
"2027-05-31 10:00:00","Tropa de Elite",ACTION,"José Padilha",2007,115,16,7.5
"2027-05-31 13:00:00","Twelve Monkeys",MYSTERY,"Terry Gilliam",1995,129,12,6.5
"2027-06-01 10:00:00","Sleepers",CRIME,"Barry Levinson",1996,147,12,6.5
"2027-06-01 13:30:00","The Muppet Christmas Carol",COMEDY,"Brian Henson",1992,85,0,7.0
"2027-06-01 16:00:00","Ikiru",DRAMA,"Akira Kurosawa",1952,143,12,8.5
"2027-06-02 10:30:00","The Thin Red Line",DRAMA,"Terrence Malick",1998,170,12,7.5
"2027-06-02 14:00:00","Dazed and Confused",COMEDY,"Richard Linklater",1993,102,0,6.5
"2027-06-02 16:30:00","Ikiru",DRAMA,"Akira Kurosawa",1952,143,12,6.5
"2027-06-03 10:30:00","Det sjunde inseglet",DRAMA,"Ingmar Bergman",1957,96,12,8.5
"2027-06-03 13:00:00","Happiness",COMEDY,"Todd Solondz",1998,134,12,6.5
"2027-06-04 10:00:00","The Elephant Man",BIOGRAPHY,"David Lynch",1980,124,12,8.5
"2027-06-04 13:00:00","Escape from Alcatraz",ACTION,"Don Siegel",1979,112,12,7.5
"2027-06-04 16:00:00","The Thin Red Line",DRAMA,"Terrence Malick",1998,170,12,7.5
"2027-06-05 10:30:00","Stand by Me",ADVENTURE,"Rob Reiner",1986,89,0,7.0
"2027-06-05 12:30:00","Dazed and Confused",COMEDY,"Richard Linklater",1993,102,0,6.5
"2027-06-05 15:00:00","King Kong",ADVENTURE,"Merian C. Cooper",1933,100,12,7.0
"2027-06-06 10:00:00","Hedwig and the Angry Inch",COMEDY,"John Cameron Mitchell",2001,95,16,8.0
"2027-06-06 12:30:00","Who's Afraid of Virginia Woolf?",DRAMA,"Mike Nichols",1966,131,12,7.0
"2027-06-06 15:30:00","La haine",CRIME,"Mathieu Kassovitz",1995,98,12,8.0
"2027-06-07 10:00:00","Happiness",COMEDY,"Todd Solondz",1998,134,12,8.0
"2027-06-07 13:00:00","The Bridges of Madison County",DRAMA,"Clint Eastwood",1995,135,12,6.5
"2027-06-07 16:00:00","La montaña sagrada",ADVENTURE,"Alejandro Jodorowsky",1973,114,16,7.5
"2027-06-08 10:00:00","Happiness",COMEDY,"Todd Solondz",1998,134,12,7.5
"2027-06-08 13:00:00","Lost in Translation",COMEDY,"Sofia Coppola",2003,102,12,7.0
"2027-06-08 15:30:00","La montaña sagrada",ADVENTURE,"Alejandro Jodorowsky",1973,114,16,8.0
"2027-06-09 10:30:00","Gattaca",DRAMA,"Andrew Niccol",1997,106,12,7.5
"2027-06-09 13:00:00","Enemy at the Gates",DRAMA,"Jean-Jacques Annaud",2001,131,12,7.5
"2027-06-09 16:00:00","The Killing Fields",BIOGRAPHY,"Roland Joffé",1984,141,12,7.5
"2027-06-10 10:30:00","Match Point",DRAMA,"Woody Allen",2005,124,16,7.0
"2027-06-11 10:30:00","Enemy at the Gates",DRAMA,"Jean-Jacques Annaud",2001,131,12,8.5
"2027-06-12 10:00:00","Rocky",DRAMA,"John G. Avildsen",1976,120,0,8.5
"2027-06-12 13:00:00","Gattaca",DRAMA,"Andrew Niccol",1997,106,12,8.0
"2027-06-12 15:30:00","Lock, Stock and Two Smoking Barrels",ACTION,"Guy Ritchie",1998,107,12,8.5
"2027-06-12 18:00:00","The Illusionist",DRAMA,"Neil Burger",2006,110,0,9.5
"2027-06-13 10:00:00","The Thin Red Line",DRAMA,"Terrence Malick",1998,170,12,8.5
"2027-06-13 14:00:00","The Muppet Christmas Carol",COMEDY,"Brian Henson",1992,85,0,8.5
"2027-06-13 16:30:00","Munna Bhai M.B.B.S.",COMEDY,"Rajkumar Hirani",2003,156,0,7.5
"2027-06-14 10:00:00","Match Point",DRAMA,"Woody Allen",2005,124,16,6.5
"2027-06-14 13:00:00","The Incredibles",ANIMATION,"Brad Bird",2004,115,0,7.5
"2027-06-14 16:00:00","The Muppet Christmas Carol",COMEDY,"Brian Henson",1992,85,0,7.0
"2027-06-15 10:00:00","The Illusionist",DRAMA,"Neil Burger",2006,110,0,7.0
"2027-06-15 12:30:00","The Thin Red Line",DRAMA,"Terrence Malick",1998,170,12,7.0
"2027-06-15 16:30:00","Tombstone",ACTION,"George P. Cosmatos",1993,130,16,7.0
"2027-06-16 10:30:00","Lost in Translation",COMEDY,"Sofia Coppola",2003,102,12,8.0
"2027-06-17 10:30:00","Munna Bhai M.B.B.S.",COMEDY,"Rajkumar Hirani",2003,156,0,7.0
"2027-06-17 14:00:00","Gattaca",DRAMA,"Andrew Niccol",1997,106,12,7.5
"2027-06-18 10:30:00","The Great Dictator",COMEDY,"Charles Chaplin",1940,125,12,7.5
"2027-06-18 13:30:00","Rio Bravo",ACTION,"Howard Hawks",1959,141,12,7.5
"2027-06-18 16:30:00","Happiness",COMEDY,"Todd Solondz",1998,134,12,7.5
"2027-06-19 10:00:00","Blazing Saddles",COMEDY,"Mel Brooks",1974,93,12,7.0
"2027-06-19 12:30:00","Happiness",COMEDY,"Todd Solondz",1998,134,12,7.0
"2027-06-19 15:30:00","Hedwig and the Angry Inch",COMEDY,"John Cameron Mitchell",2001,95,16,7.0
"2027-06-19 18:00:00","Lost in Translation",COMEDY,"Sofia Coppola",2003,102,12,9.5
"2027-06-20 10:00:00","Ed Wood",BIOGRAPHY,"Tim Burton",1994,127,0,7.5
"2027-06-20 13:00:00","Det sjunde inseglet",DRAMA,"Ingmar Bergman",1957,96,12,6.5
"2027-06-20 15:30:00","Kakushi-toride no san-akunin",ADVENTURE,"Akira Kurosawa",1958,139,12,6.5
"2027-06-20 18:30:00","Twelve Monkeys",MYSTERY,"Terry Gilliam",1995,129,12,10.0
"2027-06-21 10:30:00","Blazing Saddles",COMEDY,"Mel Brooks",1974,93,12,7.0
"2027-06-21 13:00:00","Ladri di biciclette",DRAMA,"Vittorio De Sica",1948,89,12,7.5
"2027-06-22 10:30:00","Enemy at the Gates",DRAMA,"Jean-Jacques Annaud",2001,131,12,6.5
"2027-06-23 10:30:00","Match Point",DRAMA,"Woody Allen",2005,124,16,7.0
"2027-06-23 13:30:00","The Incredibles",ANIMATION,"Brad Bird",2004,115,0,7.0
"2027-06-24 10:00:00","The Illusionist",DRAMA,"Neil Burger",2006,110,0,7.5
"2027-06-25 10:30:00","Gongdong gyeongbi guyeok JSA",ACTION,"Chan-wook Park",2000,110,12,7.5
"2027-06-26 10:00:00","Who's Afraid of Virginia Woolf?",DRAMA,"Mike Nichols",1966,131,12,7.0
"2027-06-26 13:00:00","Once Upon a Time in the West",WESTERN,"Sergio Leone",1968,165,0,8.0
"2027-06-26 16:30:00","Fantasia",ANIMATION,"James Algar",1940,125,0,8.0
"2027-06-26 19:30:00","The Great Dictator",COMEDY,"Charles Chaplin",1940,125,12,8.5
"2027-06-27 10:00:00","Stand by Me",ADVENTURE,"Rob Reiner",1986,89,0,6.5
"2027-06-27 12:00:00","The Great Dictator",COMEDY,"Charles Chaplin",1940,125,12,8.5
"2027-06-27 15:00:00","American Gangster",BIOGRAPHY,"Ridley Scott",2007,157,12,6.5
"2027-06-27 18:30:00","La montaña sagrada",ADVENTURE,"Alejandro Jodorowsky",1973,114,16,10.0
"2027-06-28 10:30:00","Hedwig and the Angry Inch",COMEDY,"John Cameron Mitchell",2001,95,16,7.5
"2027-06-28 13:00:00","Sleepers",CRIME,"Barry Levinson",1996,147,12,7.0
"2027-06-28 16:00:00","The Muppet Christmas Carol",COMEDY,"Brian Henson",1992,85,0,8.0
"2027-06-29 10:00:00","The Killing Fields",BIOGRAPHY,"Roland Joffé",1984,141,12,8.5
"2027-06-29 13:00:00","The Illusionist",DRAMA,"Neil Burger",2006,110,0,8.5
"2027-06-30 10:30:00","Gongdong gyeongbi guyeok JSA",ACTION,"Chan-wook Park",2000,110,12,8.5
"2027-06-30 13:00:00","The Muppet Movie",ADVENTURE,"James Frawley",1979,95,0,6.5
"2027-07-01 10:00:00","Rocky",DRAMA,"John G. Avildsen",1976,120,0,8.5
"2027-07-02 10:30:00","Match Point",DRAMA,"Woody Allen",2005,124,16,6.5
"2027-07-02 13:30:00","Serenity",ACTION,"Joss Whedon",2005,119,12,8.5
"2027-07-03 10:00:00","Batman Begins",ACTION,"Christopher Nolan",2005,140,12,8.5
"2027-07-03 13:00:00","Once Upon a Time in the West",WESTERN,"Sergio Leone",1968,165,0,8.5
"2027-07-03 16:30:00","Stand by Me",ADVENTURE,"Rob Reiner",1986,89,0,6.5
"2027-07-03 19:00:00","Toy Story 2",ANIMATION,"John Lasseter",1999,92,0,8.5
"2027-07-04 10:00:00","Gone with the Wind",DRAMA,"Victor Fleming",1939,238,0,7.0
"2027-07-04 15:00:00","The Illusionist",DRAMA,"Neil Burger",2006,110,0,7.5
"2027-07-04 18:00:00","Match Point",DRAMA,"Woody Allen",2005,124,16,10.0
"2027-07-05 10:30:00","Fantasia",ANIMATION,"James Algar",1940,125,0,7.0
"2027-07-05 13:30:00","American Gangster",BIOGRAPHY,"Ridley Scott",2007,157,12,8.0
"2027-07-06 10:00:00","Happiness",COMEDY,"Todd Solondz",1998,134,12,8.5
"2027-07-07 10:00:00","The Bridges of Madison County",DRAMA,"Clint Eastwood",1995,135,12,8.0
"2027-07-07 13:00:00","The Birds",DRAMA,"Alfred Hitchcock",1963,119,12,7.0
"2027-07-07 16:00:00","Interstate 60: Episodes of the Road",ADVENTURE,"Bob Gale",2002,116,16,6.5
"2027-07-08 10:30:00","Casino Royale",ACTION,"Martin Campbell",2006,144,12,7.5
"2027-07-08 13:30:00","Gone with the Wind",DRAMA,"Victor Fleming",1939,238,0,7.0
"2027-07-09 10:00:00","Once Upon a Time in the West",WESTERN,"Sergio Leone",1968,165,0,8.0
"2027-07-09 13:30:00","Ikiru",DRAMA,"Akira Kurosawa",1952,143,12,8.5
"2027-07-09 16:30:00","Who's Afraid of Virginia Woolf?",DRAMA,"Mike Nichols",1966,131,12,8.0
"2027-07-10 10:00:00","Happiness",COMEDY,"Todd Solondz",1998,134,12,8.0
"2027-07-10 13:00:00","Interstate 60: Episodes of the Road",ADVENTURE,"Bob Gale",2002,116,16,7.0
"2027-07-10 16:00:00","Fantasia",ANIMATION,"James Algar",1940,125,0,8.0
"2027-07-10 19:00:00","The Birds",DRAMA,"Alfred Hitchcock",1963,119,12,9.5
"2027-07-11 10:30:00","Lock, Stock and Two Smoking Barrels",ACTION,"Guy Ritchie",1998,107,12,7.0
"2027-07-11 13:00:00","Rio Bravo",ACTION,"Howard Hawks",1959,141,12,8.5
"2027-07-11 16:00:00","Det sjunde inseglet",DRAMA,"Ingmar Bergman",1957,96,12,7.5
"2027-07-11 18:30:00","The Great Dictator",COMEDY,"Charles Chaplin",1940,125,12,10.0
"2027-07-12 10:00:00","Close Encounters of the Third Kind",DRAMA,"Steven Spielberg",1977,138,0,8.0
"2027-07-12 13:00:00","Ladri di biciclette",DRAMA,"Vittorio De Sica",1948,89,12,8.5
"2027-07-13 10:00:00","The Great Dictator",COMEDY,"Charles Chaplin",1940,125,12,8.5
"2027-07-14 10:30:00","Control",BIOGRAPHY,"Anton Corbijn",2007,122,16,8.0
"2027-07-15 10:00:00","Do lok tin si",COMEDY,"Kar-Wai Wong",1995,99,12,8.5
"2027-07-15 12:30:00","Rocky",DRAMA,"John G. Avildsen",1976,120,0,7.5
"2027-07-16 10:30:00","Blazing Saddles",COMEDY,"Mel Brooks",1974,93,12,6.5
"2027-07-17 10:00:00","Le locataire",DRAMA,"Roman Polanski",1976,126,16,6.5
"2027-07-17 13:00:00","Casino Royale",ACTION,"Martin Campbell",2006,144,12,7.5
"2027-07-17 16:00:00","The Shawshank Redemption",DRAMA,"Frank Darabont",1994,142,12,8.5
"2027-07-17 19:00:00","Planet of the Apes",ADVENTURE,"Franklin J. Schaffner",1968,112,0,10.0
"2027-07-18 10:00:00","Barry Lyndon",ADVENTURE,"Stanley Kubrick",1975,185,6,6.5
"2027-07-18 14:00:00","Rio Bravo",ACTION,"Howard Hawks",1959,141,12,8.0
"2027-07-18 17:00:00","Zelig",COMEDY,"Woody Allen",1983,79,6,7.5
"2027-07-19 10:00:00","Ed Wood",BIOGRAPHY,"Tim Burton",1994,127,0,8.5
"2027-07-19 13:00:00","Zelig",COMEDY,"Woody Allen",1983,79,6,7.5
"2027-07-20 10:00:00","Finding Nemo",ANIMATION,"Andrew Stanton",2003,100,0,8.0
"2027-07-20 12:30:00","Close Encounters of the Third Kind",DRAMA,"Steven Spielberg",1977,138,0,7.5
"2027-07-20 15:30:00","Stand by Me",ADVENTURE,"Rob Reiner",1986,89,0,6.5
"2027-07-21 10:30:00","The Game",ACTION,"David Fincher",1997,129,12,8.5
"2027-07-21 13:30:00","Interstate 60: Episodes of the Road",ADVENTURE,"Bob Gale",2002,116,16,7.5
"2027-07-21 16:30:00","The Birds",DRAMA,"Alfred Hitchcock",1963,119,12,7.0
"2027-07-22 10:00:00","Batman Begins",ACTION,"Christopher Nolan",2005,140,12,8.5
"2027-07-23 10:00:00","Toy Story 2",ANIMATION,"John Lasseter",1999,92,0,8.0
"2027-07-23 12:30:00","Zelig",COMEDY,"Woody Allen",1983,79,6,8.0
"2027-07-23 14:30:00","The Birds",DRAMA,"Alfred Hitchcock",1963,119,12,7.0
"2027-07-24 10:00:00","Le locataire",DRAMA,"Roman Polanski",1976,126,16,8.5
"2027-07-24 13:00:00","Kakushi-toride no san-akunin",ADVENTURE,"Akira Kurosawa",1958,139,12,8.5
"2027-07-24 16:00:00","The Bridges of Madison County",DRAMA,"Clint Eastwood",1995,135,12,8.0
"2027-07-24 19:00:00","Kakushi-toride no san-akunin",ADVENTURE,"Akira Kurosawa",1958,139,12,10.0
"2027-07-25 10:30:00","The Shawshank Redemption",DRAMA,"Frank Darabont",1994,142,12,7.5
"2027-07-25 13:30:00","The Game",ACTION,"David Fincher",1997,129,12,8.5
"2027-07-25 16:30:00","Interstate 60: Episodes of the Road",ADVENTURE,"Bob Gale",2002,116,16,8.0
"2027-07-25 19:30:00","Le locataire",DRAMA,"Roman Polanski",1976,126,16,8.5
"2027-07-26 10:30:00","Philadelphia",DRAMA,"Jonathan Demme",1993,125,12,6.5
"2027-07-27 10:00:00","Star Wars: Episode VI - Return of the Jedi",ACTION,"Richard Marquand",1983,131,0,8.0
"2027-07-28 10:30:00","Finding Neverland",BIOGRAPHY,"Marc Forster",2004,106,0,7.5
"2027-07-28 13:00:00","Interstate 60: Episodes of the Road",ADVENTURE,"Bob Gale",2002,116,16,7.5
"2027-07-28 16:00:00","Star Wars: Episode VI - Return of the Jedi",ACTION,"Richard Marquand",1983,131,0,7.5
"2027-07-29 10:30:00","The Illusionist",DRAMA,"Neil Burger",2006,110,0,6.5
"2027-07-30 10:00:00","Control",BIOGRAPHY,"Anton Corbijn",2007,122,16,8.5
"2027-07-30 13:00:00","Interstate 60: Episodes of the Road",ADVENTURE,"Bob Gale",2002,116,16,7.5
"2027-07-30 16:00:00","Aliens",ACTION,"James Cameron",1986,137,0,8.0
"2027-07-31 10:30:00","Finding Neverland",BIOGRAPHY,"Marc Forster",2004,106,0,8.5
"2027-07-31 13:00:00","Fitzcarraldo",ADVENTURE,"Werner Herzog",1982,158,16,7.0
"2027-07-31 16:30:00","The Game",ACTION,"David Fincher",1997,129,12,8.0
"2027-07-31 19:30:00","The Game",ACTION,"David Fincher",1997,129,12,9.0
"2027-08-01 10:00:00","Gone with the Wind",DRAMA,"Victor Fleming",1939,238,0,7.5
"2027-08-01 15:00:00","The Game",ACTION,"David Fincher",1997,129,12,7.0
"2027-08-01 18:00:00","Swades: We, the People",DRAMA,"Ashutosh Gowariker",2004,210,0,9.0
"2027-08-02 10:30:00","The Muppet Movie",ADVENTURE,"James Frawley",1979,95,0,8.0
"2027-08-03 10:30:00","Indiana Jones and the Last Crusade",ACTION,"Steven Spielberg",1989,127,0,7.0
"2027-08-03 13:30:00","The Killing Fields",BIOGRAPHY,"Roland Joffé",1984,141,12,6.5
"2027-08-03 16:30:00","Aliens",ACTION,"James Cameron",1986,137,0,8.0
"2027-08-04 10:00:00","Sen to Chihiro no kamikakushi",ANIMATION,"Hayao Miyazaki",2001,125,0,7.5
"2027-08-04 13:00:00","The Gold Rush",ADVENTURE,"Charles Chaplin",1925,95,12,7.0
"2027-08-04 15:30:00","The Shawshank Redemption",DRAMA,"Frank Darabont",1994,142,12,8.0
"2027-08-05 10:30:00","Aliens",ACTION,"James Cameron",1986,137,0,7.0
"2027-08-06 10:00:00","Sen to Chihiro no kamikakushi",ANIMATION,"Hayao Miyazaki",2001,125,0,7.5
"2027-08-06 13:00:00","Barry Lyndon",ADVENTURE,"Stanley Kubrick",1975,185,6,8.0
"2027-08-07 10:00:00","Kakushi-toride no san-akunin",ADVENTURE,"Akira Kurosawa",1958,139,12,6.5
"2027-08-07 13:30:00","Fitzcarraldo",ADVENTURE,"Werner Herzog",1982,158,16,7.5
"2027-08-07 17:00:00","Do lok tin si",COMEDY,"Kar-Wai Wong",1995,99,12,8.5
"2027-08-07 19:30:00","The Gold Rush",ADVENTURE,"Charles Chaplin",1925,95,12,8.5
"2027-08-08 10:00:00","The Treasure of the Sierra Madre",ADVENTURE,"John Huston",1948,126,12,7.5
"2027-08-08 13:00:00","Sen to Chihiro no kamikakushi",ANIMATION,"Hayao Miyazaki",2001,125,0,7.5
"2027-08-08 16:00:00","Saving Private Ryan",DRAMA,"Steven Spielberg",1998,169,16,8.5
"2027-08-08 19:30:00","The Others",HORROR,"Alejandro Amenábar",2001,101,12,10.0
"2027-08-09 10:00:00","Barry Lyndon",ADVENTURE,"Stanley Kubrick",1975,185,6,8.0
"2027-08-09 14:00:00","Once",DRAMA,"John Carney",2007,86,16,7.5
"2027-08-09 16:30:00","Planet of the Apes",ADVENTURE,"Franklin J. Schaffner",1968,112,0,6.5
"2027-08-10 10:30:00","Once",DRAMA,"John Carney",2007,86,16,7.0
"2027-08-10 12:30:00","Lat sau san taam",ACTION,"John Woo",1992,128,16,8.5
"2027-08-10 15:30:00","Indiana Jones and the Last Crusade",ACTION,"Steven Spielberg",1989,127,0,7.0
"2027-08-11 10:00:00","Casino Royale",ACTION,"Martin Campbell",2006,144,12,8.0
"2027-08-11 13:00:00","Lat sau san taam",ACTION,"John Woo",1992,128,16,7.5
"2027-08-11 16:00:00","Sholay",ACTION,"Ramesh Sippy",1975,204,0,6.5
"2027-08-12 10:30:00","Gone with the Wind",DRAMA,"Victor Fleming",1939,238,0,7.5
"2027-08-13 10:30:00","Fitzcarraldo",ADVENTURE,"Werner Herzog",1982,158,16,6.5
"2027-08-14 10:00:00","Planet of the Apes",ADVENTURE,"Franklin J. Schaffner",1968,112,0,8.0
"2027-08-14 13:00:00","Fitzcarraldo",ADVENTURE,"Werner Herzog",1982,158,16,8.5
"2027-08-14 16:30:00","Indiana Jones and the Last Crusade",ACTION,"Steven Spielberg",1989,127,0,6.5
"2027-08-15 10:30:00","Sholay",ACTION,"Ramesh Sippy",1975,204,0,6.5
"2027-08-15 15:00:00","8½",DRAMA,"Federico Fellini",1963,138,12,8.5
"2027-08-15 18:00:00","The Killing Fields",BIOGRAPHY,"Roland Joffé",1984,141,12,9.0
"2027-08-16 10:30:00","Aliens",ACTION,"James Cameron",1986,137,0,6.5
"2027-08-16 13:30:00","Jeux d'enfants",COMEDY,"Yann Samuell",2003,93,16,7.0
"2027-08-17 10:00:00","The Treasure of the Sierra Madre",ADVENTURE,"John Huston",1948,126,12,8.5
"2027-08-17 13:00:00","Toki o kakeru shôjo",ANIMATION,"Mamoru Hosoda",2006,98,0,8.5
"2027-08-17 15:30:00","Der Name der Rose",CRIME,"Jean-Jacques Annaud",1986,130,16,8.5
"2027-08-18 10:00:00","Sholay",ACTION,"Ramesh Sippy",1975,204,0,7.5
"2027-08-19 10:00:00","Amadeus",BIOGRAPHY,"Milos Forman",1984,160,16,7.0
"2027-08-20 10:00:00","Jeux d'enfants",COMEDY,"Yann Samuell",2003,93,16,6.5
"2027-08-21 10:00:00","All That Jazz",DRAMA,"Bob Fosse",1979,123,12,7.5
"2027-08-21 13:00:00","All That Jazz",DRAMA,"Bob Fosse",1979,123,12,6.5
"2027-08-21 16:00:00","Swades: We, the People",DRAMA,"Ashutosh Gowariker",2004,210,0,8.5
"2027-08-22 10:00:00","Kal Ho Naa Ho",COMEDY,"Nikkhil Advani",2003,186,0,8.5
"2027-08-22 14:00:00","The Others",HORROR,"Alejandro Amenábar",2001,101,12,7.5
"2027-08-22 16:30:00","Sholay",ACTION,"Ramesh Sippy",1975,204,0,8.0
"2027-08-23 10:00:00","Lat sau san taam",ACTION,"John Woo",1992,128,16,6.5
"2027-08-23 13:00:00","Gone with the Wind",DRAMA,"Victor Fleming",1939,238,0,6.5
"2027-08-24 10:30:00","Zelig",COMEDY,"Woody Allen",1983,79,6,7.5
"2027-08-24 13:00:00","The Treasure of the Sierra Madre",ADVENTURE,"John Huston",1948,126,12,6.5
"2027-08-25 10:30:00","The Sixth Sense",DRAMA,"M. Night Shyamalan",1999,107,12,8.0
"2027-08-25 13:00:00","Jeux d'enfants",COMEDY,"Yann Samuell",2003,93,16,7.5
"2027-08-25 15:30:00","Le notti di Cabiria",DRAMA,"Federico Fellini",1957,110,12,6.5
"2027-08-26 10:30:00","Saving Private Ryan",DRAMA,"Steven Spielberg",1998,169,16,7.5
"2027-08-26 14:00:00","Close Encounters of the Third Kind",DRAMA,"Steven Spielberg",1977,138,0,6.5
"2027-08-26 17:00:00","Sen to Chihiro no kamikakushi",ANIMATION,"Hayao Miyazaki",2001,125,0,7.0
"2027-08-27 10:30:00","The Treasure of the Sierra Madre",ADVENTURE,"John Huston",1948,126,12,7.0
"2027-08-28 10:30:00","Le notti di Cabiria",DRAMA,"Federico Fellini",1957,110,12,7.5
"2027-08-28 13:30:00","The Illusionist",DRAMA,"Neil Burger",2006,110,0,8.5
"2027-08-28 16:00:00","My Fair Lady",DRAMA,"George Cukor",1964,170,0,8.5
"2027-08-29 10:00:00","Sholay",ACTION,"Ramesh Sippy",1975,204,0,8.0
"2027-08-29 14:30:00","Le notti di Cabiria",DRAMA,"Federico Fellini",1957,110,12,8.0
"2027-08-29 17:00:00","Fitzcarraldo",ADVENTURE,"Werner Herzog",1982,158,16,8.5
"2027-08-29 20:30:00","Kal Ho Naa Ho",COMEDY,"Nikkhil Advani",2003,186,0,10.0
"2027-08-30 10:30:00","The Killing Fields",BIOGRAPHY,"Roland Joffé",1984,141,12,7.0
"2027-08-31 10:30:00","Jeux d'enfants",COMEDY,"Yann Samuell",2003,93,16,7.0
"2027-08-31 13:00:00","Kurenai no buta",ANIMATION,"Hayao Miyazaki",1992,94,0,7.0
"2027-09-01 10:30:00","The Game",ACTION,"David Fincher",1997,129,12,7.5
"2027-09-02 10:30:00","Sholay",ACTION,"Ramesh Sippy",1975,204,0,8.5
"2027-09-03 10:30:00","The Illusionist",DRAMA,"Neil Burger",2006,110,0,7.0
"2027-09-03 13:30:00","All That Jazz",DRAMA,"Bob Fosse",1979,123,12,6.5
"2027-09-03 16:30:00","Shin seiki Evangelion Gekijô-ban: Air/Magokoro wo, kimi ni",ANIMATION,"Hideaki Anno",1997,87,12,6.5
"2027-09-04 10:30:00","All That Jazz",DRAMA,"Bob Fosse",1979,123,12,8.0
"2027-09-04 13:30:00","Fitzcarraldo",ADVENTURE,"Werner Herzog",1982,158,16,8.5
"2027-09-04 17:00:00","The Killing Fields",BIOGRAPHY,"Roland Joffé",1984,141,12,8.5
"2027-09-05 10:30:00","Saving Private Ryan",DRAMA,"Steven Spielberg",1998,169,16,6.5
"2027-09-05 14:30:00","My Fair Lady",DRAMA,"George Cukor",1964,170,0,8.0
"2027-09-05 18:00:00","The Killing Fields",BIOGRAPHY,"Roland Joffé",1984,141,12,9.5
"2027-09-05 21:30:00","Philadelphia",DRAMA,"Jonathan Demme",1993,125,12,10.0
"2027-09-06 10:00:00","The Shawshank Redemption",DRAMA,"Frank Darabont",1994,142,12,8.5
"2027-09-06 13:00:00","All That Jazz",DRAMA,"Bob Fosse",1979,123,12,6.5
"2027-09-07 10:00:00","Toki o kakeru shôjo",ANIMATION,"Mamoru Hosoda",2006,98,0,8.5
"2027-09-07 12:30:00","Star Wars: Episode VI - Return of the Jedi",ACTION,"Richard Marquand",1983,131,0,8.0
"2027-09-07 15:30:00","Toki o kakeru shôjo",ANIMATION,"Mamoru Hosoda",2006,98,0,6.5
"2027-09-08 10:30:00","Toki o kakeru shôjo",ANIMATION,"Mamoru Hosoda",2006,98,0,7.0
"2027-09-08 13:00:00","Swades: We, the People",DRAMA,"Ashutosh Gowariker",2004,210,0,7.0
"2027-09-08 17:00:00","Sleepers",CRIME,"Barry Levinson",1996,147,12,8.0
"2027-09-09 10:30:00","The Treasure of the Sierra Madre",ADVENTURE,"John Huston",1948,126,12,8.0
"2027-09-09 13:30:00","Sholay",ACTION,"Ramesh Sippy",1975,204,0,8.5
"2027-09-09 17:30:00","Jûbê ninpûchô",ANIMATION,"Yoshiaki Kawajiri",1993,94,12,7.5
"2027-09-10 10:00:00","All That Jazz",DRAMA,"Bob Fosse",1979,123,12,6.5
"2027-09-10 13:00:00","Falling Down",ACTION,"Joel Schumacher",1993,113,16,8.5
"2027-09-11 10:00:00","Toki o kakeru shôjo",ANIMATION,"Mamoru Hosoda",2006,98,0,8.5
"2027-09-11 12:30:00","Barry Lyndon",ADVENTURE,"Stanley Kubrick",1975,185,6,8.0
"2027-09-11 16:30:00","The Pianist",BIOGRAPHY,"Roman Polanski",2002,150,16,7.5
"2027-09-12 10:30:00","The Shawshank Redemption",DRAMA,"Frank Darabont",1994,142,12,8.5
"2027-09-12 13:30:00","The Others",HORROR,"Alejandro Amenábar",2001,101,12,7.5
"2027-09-12 16:00:00","Memento",MYSTERY,"Christopher Nolan",2000,113,12,7.5
"2027-09-13 10:00:00","Jeux d'enfants",COMEDY,"Yann Samuell",2003,93,16,8.0
"2027-09-14 10:00:00","Kal Ho Naa Ho",COMEDY,"Nikkhil Advani",2003,186,0,8.5
"2027-09-14 14:00:00","Falling Down",ACTION,"Joel Schumacher",1993,113,16,8.5
"2027-09-14 17:00:00","Harry Potter and the Sorcerer's Stone",ADVENTURE,"Chris Columbus",2001,152,0,7.0
"2027-09-15 10:00:00","Amadeus",BIOGRAPHY,"Milos Forman",1984,160,16,8.0
"2027-09-15 13:30:00","Falling Down",ACTION,"Joel Schumacher",1993,113,16,7.5
"2027-09-15 16:30:00","The Shawshank Redemption",DRAMA,"Frank Darabont",1994,142,12,8.0
"2027-09-16 10:00:00","The King of Comedy",COMEDY,"Martin Scorsese",1982,109,0,7.0
"2027-09-17 10:30:00","Bronenosets Potemkin",DRAMA,"Sergei M. Eisenstein",1925,75,12,8.5
"2027-09-17 12:30:00","The King of Comedy",COMEDY,"Martin Scorsese",1982,109,0,7.5
"2027-09-17 15:00:00","Persona",DRAMA,"Ingmar Bergman",1966,85,12,6.5
"2027-09-18 10:30:00","Persona",DRAMA,"Ingmar Bergman",1966,85,12,8.5
"2027-09-18 12:30:00","Persona",DRAMA,"Ingmar Bergman",1966,85,12,7.5
"2027-09-18 14:30:00","Kal Ho Naa Ho",COMEDY,"Nikkhil Advani",2003,186,0,8.5
"2027-09-18 18:30:00","The Shawshank Redemption",DRAMA,"Frank Darabont",1994,142,12,10.0
"2027-09-19 10:30:00","Bound by Honor",CRIME,"Taylor Hackford",1993,180,16,8.5
"2027-09-19 14:30:00","Trois couleurs: Blanc",COMEDY,"Krzysztof Kieslowski",1994,92,0,8.0
"2027-09-19 17:00:00","Jûbê ninpûchô",ANIMATION,"Yoshiaki Kawajiri",1993,94,12,8.5
"2027-09-20 10:00:00","Jûbê ninpûchô",ANIMATION,"Yoshiaki Kawajiri",1993,94,12,7.5
"2027-09-20 12:30:00","Sunrise: A Song of Two Humans",DRAMA,"F.W. Murnau",1927,94,12,8.5
"2027-09-20 15:00:00","Bronenosets Potemkin",DRAMA,"Sergei M. Eisenstein",1925,75,12,8.5
"2027-09-21 10:00:00","The Lives of Others",DRAMA,"Florian Henckel von Donnersmarck",2006,137,12,6.5
"2027-09-22 10:30:00","The Shop Around the Corner",COMEDY,"Ernst Lubitsch",1940,99,12,6.5
"2027-09-22 13:00:00","It Happened One Night",COMEDY,"Frank Capra",1934,105,12,6.5
"2027-09-22 15:30:00","Toki o kakeru shôjo",ANIMATION,"Mamoru Hosoda",2006,98,0,8.0
"2027-09-23 10:00:00","Bronenosets Potemkin",DRAMA,"Sergei M. Eisenstein",1925,75,12,7.5
"2027-09-23 12:00:00","Trois couleurs: Blanc",COMEDY,"Krzysztof Kieslowski",1994,92,0,7.0
"2027-09-23 14:30:00","Bronenosets Potemkin",DRAMA,"Sergei M. Eisenstein",1925,75,12,7.5
"2027-09-24 10:30:00","Jûbê ninpûchô",ANIMATION,"Yoshiaki Kawajiri",1993,94,12,7.0
"2027-09-25 10:00:00","Trois couleurs: Blanc",COMEDY,"Krzysztof Kieslowski",1994,92,0,7.0
"2027-09-25 12:30:00","Happiness",COMEDY,"Todd Solondz",1998,134,12,8.5
"2027-09-25 15:30:00","Enemy at the Gates",DRAMA,"Jean-Jacques Annaud",2001,131,12,7.5
"2027-09-26 10:00:00","Le notti di Cabiria",DRAMA,"Federico Fellini",1957,110,12,7.0
"2027-09-26 12:30:00","Sleepers",CRIME,"Barry Levinson",1996,147,12,6.5
"2027-09-26 15:30:00","Boogie Nights",DRAMA,"Paul Thomas Anderson",1997,155,16,7.0
"2027-09-26 19:00:00","The King of Comedy",COMEDY,"Martin Scorsese",1982,109,0,9.5
"2027-09-27 10:00:00","Donnie Brasco",BIOGRAPHY,"Mike Newell",1997,127,12,7.0
"2027-09-28 10:00:00","Le notti di Cabiria",DRAMA,"Federico Fellini",1957,110,12,7.0
"2027-09-28 13:00:00","The King of Comedy",COMEDY,"Martin Scorsese",1982,109,0,7.0
"2027-09-29 10:00:00","The Lives of Others",DRAMA,"Florian Henckel von Donnersmarck",2006,137,12,8.0
"2027-09-30 10:30:00","The Lives of Others",DRAMA,"Florian Henckel von Donnersmarck",2006,137,12,7.0
"2027-09-30 13:30:00","Falling Down",ACTION,"Joel Schumacher",1993,113,16,8.0
"2027-10-01 10:30:00","Back to the Future Part II",ADVENTURE,"Robert Zemeckis",1989,108,0,8.0
"2027-10-02 10:30:00","As Good as It Gets",COMEDY,"James L. Brooks",1997,139,12,8.0
"2027-10-02 13:30:00","Falling Down",ACTION,"Joel Schumacher",1993,113,16,8.5
"2027-10-02 16:30:00","The Lives of Others",DRAMA,"Florian Henckel von Donnersmarck",2006,137,12,8.5
"2027-10-02 19:30:00","Persona",DRAMA,"Ingmar Bergman",1966,85,12,9.0
"2027-10-03 10:30:00","As Good as It Gets",COMEDY,"James L. Brooks",1997,139,12,8.0
"2027-10-03 14:00:00","Falling Down",ACTION,"Joel Schumacher",1993,113,16,7.0
"2027-10-03 17:00:00","4 luni, 3 saptamâni si 2 zile",DRAMA,"Cristian Mungiu",2007,113,12,7.0
"2027-10-04 10:30:00","Close Encounters of the Third Kind",DRAMA,"Steven Spielberg",1977,138,0,6.5
"2027-10-05 10:30:00","Black Hawk Down",DRAMA,"Ridley Scott",2001,144,12,8.0
"2027-10-05 14:00:00","Back to the Future Part II",ADVENTURE,"Robert Zemeckis",1989,108,0,8.5
"2027-10-05 16:30:00","Black Hawk Down",DRAMA,"Ridley Scott",2001,144,12,7.5
"2027-10-06 10:30:00","Close Encounters of the Third Kind",DRAMA,"Steven Spielberg",1977,138,0,7.0
"2027-10-06 14:00:00","As Good as It Gets",COMEDY,"James L. Brooks",1997,139,12,7.0
"2027-10-07 10:30:00","Close Encounters of the Third Kind",DRAMA,"Steven Spielberg",1977,138,0,6.5
"2027-10-08 10:00:00","Back to the Future Part II",ADVENTURE,"Robert Zemeckis",1989,108,0,6.5
"2027-10-09 10:00:00","Amadeus",BIOGRAPHY,"Milos Forman",1984,160,16,8.0
"2027-10-09 13:30:00","A Christmas Story",COMEDY,"Bob Clark",1983,93,0,7.5
"2027-10-09 16:00:00","Platoon",DRAMA,"Oliver Stone",1986,120,12,6.5
"2027-10-10 10:30:00","Hauru no ugoku shiro",ANIMATION,"Hayao Miyazaki",2004,119,0,8.0
"2027-10-10 13:30:00","Sherlock Jr.",ACTION,"Buster Keaton",1924,45,12,8.5
"2027-10-10 15:00:00","Falling Down",ACTION,"Joel Schumacher",1993,113,16,7.0
"2027-10-10 17:30:00","Bound by Honor",CRIME,"Taylor Hackford",1993,180,16,7.5
"2027-10-11 10:00:00","The Lives of Others",DRAMA,"Florian Henckel von Donnersmarck",2006,137,12,7.5
"2027-10-11 13:00:00","The Shop Around the Corner",COMEDY,"Ernst Lubitsch",1940,99,12,7.5
"2027-10-12 10:30:00","The Pianist",BIOGRAPHY,"Roman Polanski",2002,150,16,7.0
"2027-10-12 13:30:00","Sunrise: A Song of Two Humans",DRAMA,"F.W. Murnau",1927,94,12,8.0
"2027-10-13 10:00:00","Close Encounters of the Third Kind",DRAMA,"Steven Spielberg",1977,138,0,6.5
"2027-10-13 13:00:00","Sunrise: A Song of Two Humans",DRAMA,"F.W. Murnau",1927,94,12,7.5
"2027-10-14 10:30:00","Sherlock Jr.",ACTION,"Buster Keaton",1924,45,12,6.5
"2027-10-15 10:00:00","Close Encounters of the Third Kind",DRAMA,"Steven Spielberg",1977,138,0,6.5
"2027-10-15 13:00:00","Chinatown",DRAMA,"Roman Polanski",1974,130,12,8.0
"2027-10-16 10:30:00","Adaptation.",COMEDY,"Spike Jonze",2002,115,16,6.5
"2027-10-16 13:30:00","Idi i smotri",DRAMA,"Elem Klimov",1985,142,12,6.5
"2027-10-16 16:30:00","Platoon",DRAMA,"Oliver Stone",1986,120,12,7.0
"2027-10-17 10:30:00","Sunrise: A Song of Two Humans",DRAMA,"F.W. Murnau",1927,94,12,7.5
"2027-10-17 13:00:00","Back to the Future Part II",ADVENTURE,"Robert Zemeckis",1989,108,0,6.5
"2027-10-17 16:00:00","Close Encounters of the Third Kind",DRAMA,"Steven Spielberg",1977,138,0,8.0
"2027-10-18 10:30:00","The Best Years of Our Lives",DRAMA,"William Wyler",1946,170,12,8.5
"2027-10-19 10:30:00","Aliens",ACTION,"James Cameron",1986,137,0,8.5
"2027-10-19 13:30:00","Monsters, Inc.",ANIMATION,"Pete Docter",2001,92,0,7.0
"2027-10-20 10:00:00","Aliens",ACTION,"James Cameron",1986,137,0,6.5
"2027-10-20 13:30:00","Chinatown",DRAMA,"Roman Polanski",1974,130,12,8.0
"2027-10-21 10:00:00","Adaptation.",COMEDY,"Spike Jonze",2002,115,16,7.5
"2027-10-22 10:00:00","Zelig",COMEDY,"Woody Allen",1983,79,6,7.5
"2027-10-23 10:00:00","Platoon",DRAMA,"Oliver Stone",1986,120,12,7.5
"2027-10-23 13:00:00","No Country for Old Men",CRIME,"Ethan Coen",2007,122,16,6.5
"2027-10-23 16:00:00","Blow",BIOGRAPHY,"Ted Demme",2001,124,16,7.0
"2027-10-23 19:00:00","Adaptation.",COMEDY,"Spike Jonze",2002,115,16,8.5
"2027-10-24 10:30:00","Butch Cassidy and the Sundance Kid",BIOGRAPHY,"George Roy Hill",1969,110,6,8.5
"2027-10-24 13:00:00","Butch Cassidy and the Sundance Kid",BIOGRAPHY,"George Roy Hill",1969,110,6,7.0
"2027-10-24 16:00:00","The Best Years of Our Lives",DRAMA,"William Wyler",1946,170,12,8.0
"2027-10-24 19:30:00","Annie Hall",COMEDY,"Woody Allen",1977,93,12,9.5
"2027-10-25 10:30:00","No Country for Old Men",CRIME,"Ethan Coen",2007,122,16,6.5
"2027-10-26 10:00:00","Zelig",COMEDY,"Woody Allen",1983,79,6,8.5
"2027-10-27 10:30:00","Donnie Brasco",BIOGRAPHY,"Mike Newell",1997,127,12,6.5
"2027-10-28 10:00:00","The Ladykillers",COMEDY,"Alexander Mackendrick",1955,91,12,8.0
"2027-10-28 12:30:00","Ivanovo detstvo",DRAMA,"Andrei Tarkovsky",1962,95,12,7.5
"2027-10-28 15:00:00","Tengoku to jigoku",CRIME,"Akira Kurosawa",1963,143,12,7.5
"2027-10-29 10:30:00","Annie Hall",COMEDY,"Woody Allen",1977,93,12,7.5
"2027-10-30 10:30:00","The Best Years of Our Lives",DRAMA,"William Wyler",1946,170,12,7.5
"2027-10-30 14:00:00","Blow",BIOGRAPHY,"Ted Demme",2001,124,16,8.5
"2027-10-30 17:00:00","Monsters, Inc.",ANIMATION,"Pete Docter",2001,92,0,8.0
"2027-10-31 10:30:00","Scent of a Woman",DRAMA,"Martin Brest",1992,156,12,6.5
"2027-10-31 14:00:00","Back to the Future Part II",ADVENTURE,"Robert Zemeckis",1989,108,0,6.5
"2027-10-31 17:00:00","Sherlock Jr.",ACTION,"Buster Keaton",1924,45,12,6.5
"2027-11-01 10:30:00","4 luni, 3 saptamâni si 2 zile",DRAMA,"Cristian Mungiu",2007,113,12,8.5
"2027-11-01 13:00:00","The Ladykillers",COMEDY,"Alexander Mackendrick",1955,91,12,8.0
"2027-11-02 10:30:00","Enemy at the Gates",DRAMA,"Jean-Jacques Annaud",2001,131,12,7.0
"2027-11-02 13:30:00","Papurika",ANIMATION,"Satoshi Kon",2006,90,0,6.5
"2027-11-03 10:30:00","Scent of a Woman",DRAMA,"Martin Brest",1992,156,12,7.0
"2027-11-04 10:30:00","Aliens",ACTION,"James Cameron",1986,137,0,8.0
"2027-11-05 10:30:00","Back to the Future Part II",ADVENTURE,"Robert Zemeckis",1989,108,0,8.0
"2027-11-06 10:00:00","Blow",BIOGRAPHY,"Ted Demme",2001,124,16,7.5
"2027-11-06 13:00:00","Sin City",CRIME,"Frank Miller",2005,124,12,6.5
"2027-11-06 16:00:00","Idi i smotri",DRAMA,"Elem Klimov",1985,142,12,8.0
"2027-11-06 19:30:00","Giant",DRAMA,"George Stevens",1956,201,0,9.0
"2027-11-07 10:00:00","Butch Cassidy and the Sundance Kid",BIOGRAPHY,"George Roy Hill",1969,110,6,7.5
"2027-11-07 12:30:00","Annie Hall",COMEDY,"Woody Allen",1977,93,12,8.0
"2027-11-07 15:00:00","Sherlock Jr.",ACTION,"Buster Keaton",1924,45,12,6.5
"2027-11-08 10:30:00","Papurika",ANIMATION,"Satoshi Kon",2006,90,0,8.5
"2027-11-08 13:00:00","Chinatown",DRAMA,"Roman Polanski",1974,130,12,7.0
"2027-11-09 10:00:00","Sin City",CRIME,"Frank Miller",2005,124,12,7.0
"2027-11-09 13:00:00","The Long Goodbye",COMEDY,"Robert Altman",1973,112,12,7.0
"2027-11-10 10:30:00","Close Encounters of the Third Kind",DRAMA,"Steven Spielberg",1977,138,0,8.0
"2027-11-11 10:30:00","Papurika",ANIMATION,"Satoshi Kon",2006,90,0,6.5
"2027-11-11 13:00:00","Papurika",ANIMATION,"Satoshi Kon",2006,90,0,8.0
"2027-11-12 10:00:00","Scent of a Woman",DRAMA,"Martin Brest",1992,156,12,7.0
"2027-11-12 13:30:00","Blow",BIOGRAPHY,"Ted Demme",2001,124,16,8.0
"2027-11-13 10:30:00","Platoon",DRAMA,"Oliver Stone",1986,120,12,7.5
"2027-11-13 13:00:00","Platoon",DRAMA,"Oliver Stone",1986,120,12,7.0
"2027-11-13 16:00:00","Back to the Future Part II",ADVENTURE,"Robert Zemeckis",1989,108,0,7.5
"2027-11-13 18:30:00","Papurika",ANIMATION,"Satoshi Kon",2006,90,0,9.5
"2027-11-14 10:00:00","Back to the Future Part II",ADVENTURE,"Robert Zemeckis",1989,108,0,6.5
"2027-11-14 12:30:00","Tengoku to jigoku",CRIME,"Akira Kurosawa",1963,143,12,7.5
"2027-11-14 15:30:00","Platoon",DRAMA,"Oliver Stone",1986,120,12,7.0
"2027-11-15 10:30:00","Fight Club",DRAMA,"David Fincher",1999,139,12,8.0
"2027-11-15 14:00:00","The Long Goodbye",COMEDY,"Robert Altman",1973,112,12,7.0
"2027-11-15 17:00:00","Monsters, Inc.",ANIMATION,"Pete Docter",2001,92,0,8.0
"2027-11-16 10:30:00","The Others",HORROR,"Alejandro Amenábar",2001,101,12,8.0
"2027-11-16 13:00:00","Butch Cassidy and the Sundance Kid",BIOGRAPHY,"George Roy Hill",1969,110,6,7.5
"2027-11-16 16:00:00","The Hurricane",BIOGRAPHY,"Norman Jewison",1999,146,16,7.0
"2027-11-17 10:30:00","Giant",DRAMA,"George Stevens",1956,201,0,7.5
"2027-11-18 10:00:00","Scent of a Woman",DRAMA,"Martin Brest",1992,156,12,7.0
"2027-11-19 10:00:00","The Hurricane",BIOGRAPHY,"Norman Jewison",1999,146,16,8.5
"2027-11-20 10:30:00","The Best Years of Our Lives",DRAMA,"William Wyler",1946,170,12,7.0
"2027-11-20 14:30:00","Close Encounters of the Third Kind",DRAMA,"Steven Spielberg",1977,138,0,8.5
"2027-11-20 18:00:00","Jules et Jim",DRAMA,"François Truffaut",1962,105,12,10.0
"2027-11-20 20:30:00","Aliens",ACTION,"James Cameron",1986,137,0,9.0
"2027-11-21 10:00:00","Cool Hand Luke",CRIME,"Stuart Rosenberg",1967,127,12,7.0
"2027-11-21 13:00:00","Platoon",DRAMA,"Oliver Stone",1986,120,12,8.5
"2027-11-21 16:00:00","The Hurricane",BIOGRAPHY,"Norman Jewison",1999,146,16,8.0
"2027-11-22 10:30:00","Jûbê ninpûchô",ANIMATION,"Yoshiaki Kawajiri",1993,94,12,7.5
"2027-11-23 10:00:00","Monsters, Inc.",ANIMATION,"Pete Docter",2001,92,0,6.5
"2027-11-23 12:30:00","The Others",HORROR,"Alejandro Amenábar",2001,101,12,6.5
"2027-11-24 10:30:00","Aliens",ACTION,"James Cameron",1986,137,0,8.0
"2027-11-24 13:30:00","Cape Fear",DRAMA,"J. Lee Thompson",1962,106,12,7.5
"2027-11-24 16:00:00","The Ladykillers",COMEDY,"Alexander Mackendrick",1955,91,12,6.5
"2027-11-25 10:00:00","It Happened One Night",COMEDY,"Frank Capra",1934,105,12,7.0
"2027-11-25 12:30:00","Tengoku to jigoku",CRIME,"Akira Kurosawa",1963,143,12,8.0
"2027-11-25 16:00:00","The Silence of the Lambs",CRIME,"Jonathan Demme",1991,118,12,6.5
"2027-11-26 10:30:00","Sin City",CRIME,"Frank Miller",2005,124,12,6.5
"2027-11-26 13:30:00","It Happened One Night",COMEDY,"Frank Capra",1934,105,12,8.0
"2027-11-27 10:30:00","The Blues Brothers",ACTION,"John Landis",1980,133,0,8.0
"2027-11-27 13:30:00","The Best Years of Our Lives",DRAMA,"William Wyler",1946,170,12,6.5
"2027-11-27 17:00:00","The Blues Brothers",ACTION,"John Landis",1980,133,0,7.5
"2027-11-27 20:00:00","Cool Hand Luke",CRIME,"Stuart Rosenberg",1967,127,12,10.0
"2027-11-28 10:30:00","Festen",DRAMA,"Thomas Vinterberg",1998,105,16,8.0
"2027-11-28 13:00:00","The Blues Brothers",ACTION,"John Landis",1980,133,0,8.0
"2027-11-28 16:00:00","Mississippi Burning",CRIME,"Alan Parker",1988,128,12,8.0
"2027-11-29 10:00:00","The Best Years of Our Lives",DRAMA,"William Wyler",1946,170,12,7.5
"2027-11-29 13:30:00","The Others",HORROR,"Alejandro Amenábar",2001,101,12,7.0
"2027-11-30 10:30:00","Cool Hand Luke",CRIME,"Stuart Rosenberg",1967,127,12,7.5
"2027-11-30 13:30:00","Kurenai no buta",ANIMATION,"Hayao Miyazaki",1992,94,0,6.5
"2027-12-01 10:00:00","The Best Years of Our Lives",DRAMA,"William Wyler",1946,170,12,8.0
"2027-12-01 14:00:00","Blue Velvet",DRAMA,"David Lynch",1986,120,12,8.0
"2027-12-02 10:30:00","Giant",DRAMA,"George Stevens",1956,201,0,7.5
"2027-12-03 10:30:00","Cool Hand Luke",CRIME,"Stuart Rosenberg",1967,127,12,8.5
"2027-12-03 13:30:00","Jûbê ninpûchô",ANIMATION,"Yoshiaki Kawajiri",1993,94,12,7.5
"2027-12-03 16:00:00","The Best Years of Our Lives",DRAMA,"William Wyler",1946,170,12,8.5
"2027-12-04 10:00:00","Cape Fear",DRAMA,"J. Lee Thompson",1962,106,12,8.0
"2027-12-04 12:30:00","Lat sau san taam",ACTION,"John Woo",1992,128,16,8.0
"2027-12-04 15:30:00","The Best Years of Our Lives",DRAMA,"William Wyler",1946,170,12,6.5
"2027-12-05 10:00:00","Mississippi Burning",CRIME,"Alan Parker",1988,128,12,8.0
"2027-12-05 13:00:00","Giant",DRAMA,"George Stevens",1956,201,0,8.5
"2027-12-05 17:30:00","Jûbê ninpûchô",ANIMATION,"Yoshiaki Kawajiri",1993,94,12,8.5
"2027-12-05 20:00:00","American Psycho",COMEDY,"Mary Harron",2000,101,12,8.5
"2027-12-06 10:00:00","Eastern Promises",ACTION,"David Cronenberg",2007,100,16,7.0
"2027-12-06 12:30:00","The Maltese Falcon",FILM_NOIR,"John Huston",1941,100,12,8.5
"2027-12-06 15:00:00","American Psycho",COMEDY,"Mary Harron",2000,101,12,8.0
"2027-12-07 10:00:00","Withnail & I",COMEDY,"Bruce Robinson",1987,107,16,6.5
"2027-12-07 12:30:00","Eastern Promises",ACTION,"David Cronenberg",2007,100,16,6.5
"2027-12-07 15:00:00","Lat sau san taam",ACTION,"John Woo",1992,128,16,7.0
"2027-12-08 10:00:00","Blue Velvet",DRAMA,"David Lynch",1986,120,12,6.5
"2027-12-09 10:00:00","Star Trek II: The Wrath of Khan",ACTION,"Nicholas Meyer",1982,113,0,8.0
"2027-12-10 10:30:00","Cape Fear",DRAMA,"J. Lee Thompson",1962,106,12,7.0
"2027-12-10 13:00:00","To Have and Have Not",ADVENTURE,"Howard Hawks",1944,100,6,6.5
"2027-12-11 10:00:00","Eastern Promises",ACTION,"David Cronenberg",2007,100,16,6.5
"2027-12-11 12:30:00","Shichinin no samurai",ACTION,"Akira Kurosawa",1954,207,0,8.5
"2027-12-11 16:30:00","Reservoir Dogs",CRIME,"Quentin Tarantino",1992,99,16,8.5
"2027-12-11 19:00:00","Fight Club",DRAMA,"David Fincher",1999,139,12,10.0
"2027-12-12 10:30:00","The Maltese Falcon",FILM_NOIR,"John Huston",1941,100,12,8.0
"2027-12-12 13:00:00","Withnail & I",COMEDY,"Bruce Robinson",1987,107,16,6.5
"2027-12-12 15:30:00","To Have and Have Not",ADVENTURE,"Howard Hawks",1944,100,6,8.0
"2027-12-12 18:00:00","Shichinin no samurai",ACTION,"Akira Kurosawa",1954,207,0,8.5
"2027-12-13 10:00:00","Kurenai no buta",ANIMATION,"Hayao Miyazaki",1992,94,0,7.0
"2027-12-13 12:30:00","The Treasure of the Sierra Madre",ADVENTURE,"John Huston",1948,126,12,8.0
"2027-12-13 15:30:00","American Psycho",COMEDY,"Mary Harron",2000,101,12,6.5
"2027-12-14 10:30:00","Fight Club",DRAMA,"David Fincher",1999,139,12,6.5
"2027-12-15 10:30:00","Blue Velvet",DRAMA,"David Lynch",1986,120,12,7.5
"2027-12-15 13:30:00","The Others",HORROR,"Alejandro Amenábar",2001,101,12,8.0
"2027-12-15 16:00:00","American Psycho",COMEDY,"Mary Harron",2000,101,12,8.0
"2027-12-16 10:30:00","Shichinin no samurai",ACTION,"Akira Kurosawa",1954,207,0,6.5
"2027-12-16 15:00:00","Cape Fear",DRAMA,"J. Lee Thompson",1962,106,12,8.0
"2027-12-17 10:00:00","Primal Fear",CRIME,"Gregory Hoblit",1996,129,12,7.5
"2027-12-18 10:30:00","C.R.A.Z.Y.",COMEDY,"Jean-Marc Vallée",2005,129,12,6.5
"2027-12-18 13:30:00","The Blues Brothers",ACTION,"John Landis",1980,133,0,8.0
"2027-12-18 16:30:00","The Maltese Falcon",FILM_NOIR,"John Huston",1941,100,12,8.0
"2027-12-19 10:00:00","Primal Fear",CRIME,"Gregory Hoblit",1996,129,12,8.0
"2027-12-19 13:00:00","Philadelphia",DRAMA,"Jonathan Demme",1993,125,12,8.5
"2027-12-19 16:00:00","The Silence of the Lambs",CRIME,"Jonathan Demme",1991,118,12,7.5
"2027-12-20 10:30:00","Star Trek II: The Wrath of Khan",ACTION,"Nicholas Meyer",1982,113,0,8.0
"2027-12-20 13:30:00","Donnie Darko",DRAMA,"Richard Kelly",2001,113,16,7.0
"2027-12-21 10:00:00","Blue Velvet",DRAMA,"David Lynch",1986,120,12,7.5
"2027-12-21 13:00:00","The Blues Brothers",ACTION,"John Landis",1980,133,0,8.0
"2027-12-21 16:00:00","Primal Fear",CRIME,"Gregory Hoblit",1996,129,12,7.0
"2027-12-22 10:30:00","Veer-Zaara",DRAMA,"Yash Chopra",2004,192,0,7.5
"2027-12-22 14:30:00","Misery",DRAMA,"Rob Reiner",1990,107,16,7.5
"2027-12-22 17:00:00","C.R.A.Z.Y.",COMEDY,"Jean-Marc Vallée",2005,129,12,8.0
"2027-12-23 10:00:00","The Hurricane",BIOGRAPHY,"Norman Jewison",1999,146,16,8.5
"2027-12-24 10:30:00","The Treasure of the Sierra Madre",ADVENTURE,"John Huston",1948,126,12,8.5
"2027-12-24 13:30:00","Misery",DRAMA,"Rob Reiner",1990,107,16,8.0
"2027-12-25 10:30:00","The Lord of the Rings: The Fellowship of the Ring",ACTION,"Peter Jackson",2001,178,0,8.0
"2027-12-25 14:30:00","The Lord of the Rings: The Fellowship of the Ring",ACTION,"Peter Jackson",2001,178,0,7.0
"2027-12-25 18:00:00","Gandhi",BIOGRAPHY,"Richard Attenborough",1982,191,0,9.0
"2027-12-25 22:00:00","The Best Years of Our Lives",DRAMA,"William Wyler",1946,170,12,10.0
"2027-12-26 10:00:00","Blue Velvet",DRAMA,"David Lynch",1986,120,12,7.5
"2027-12-26 13:00:00","Good Will Hunting",DRAMA,"Gus Van Sant",1997,126,0,8.5
"2027-12-26 16:00:00","The Bridge on the River Kwai",ADVENTURE,"David Lean",1957,161,6,8.5
"2027-12-26 19:30:00","Good Will Hunting",DRAMA,"Gus Van Sant",1997,126,0,10.0
"2027-12-27 10:30:00","The Bridge on the River Kwai",ADVENTURE,"David Lean",1957,161,6,7.5
"2027-12-27 14:00:00","The Blues Brothers",ACTION,"John Landis",1980,133,0,8.5
"2027-12-28 10:00:00","Good Will Hunting",DRAMA,"Gus Van Sant",1997,126,0,6.5
"2027-12-28 13:00:00","The Philadelphia Story",COMEDY,"George Cukor",1940,112,12,8.5
"2027-12-28 15:30:00","Blue Velvet",DRAMA,"David Lynch",1986,120,12,7.5
"2027-12-29 10:00:00","To Have and Have Not",ADVENTURE,"Howard Hawks",1944,100,6,8.0
"2027-12-29 12:30:00","The Best Years of Our Lives",DRAMA,"William Wyler",1946,170,12,8.5
"2027-12-29 16:00:00","Good Will Hunting",DRAMA,"Gus Van Sant",1997,126,0,8.5
"2027-12-30 10:30:00","A Beautiful Mind",BIOGRAPHY,"Ron Howard",2001,135,12,8.5
